player_id,web_name,position,minutes_played,goals,assists,touches,xg,xa,total_shots,shots_on_target,successful_dribbles,chances_created,tackles,tackles_won,interceptions,recoveries,blocks,clearances,duels_won,duels_lost,dispossessed,touches_opposition_box,touches_per_90,xG_per_90,xA_per_90,xG_per_100_touches,xA_per_100_touches,xGI_per_100_touches,shots_per_100_touches,chances_created_per_100_touches
791,James Milner,Midfielder,778.0,0.0,2.0,690.0,0.277,1.72575997,5,1.0,3.0,16.0,20.0,14.0,8.0,45.0,0.0,13.0,33.0,38.0,6.0,,79.82005141388174,0.03204370179948586,0.19963804280205655,0.04014492753623189,0.2501101405797101,0.29025506811594204,0.7246376811594203,2.318840579710145
10589,Ashley Young,Defender,2299.0,0.0,0.0,1341.0,0.6141,1.43431794,13,2.0,12.0,21.0,53.0,38.0,22.0,120.0,6.0,45.0,108.0,114.0,13.0,,52.49673771204871,0.024040452370595912,0.05614989760765549,0.04579418344519015,0.1069588322147651,0.15275301565995525,0.9694258016405668,1.5659955257270695
15479,Łukasz Fabiański,Goalkeeper,721.0,0.0,0.0,293.0,0.0,0.00983297,0,0.0,0.0,0.0,1.0,0.0,1.0,68.0,0.0,9.0,3.0,1.0,0.0,,36.57420249653259,0.0,0.0012274165048543689,0.0,0.003355962457337884,0.003355962457337884,0.0,0.0
17054,Adam Lallana,Midfielder,860.0,0.0,1.0,604.0,0.8315,1.96323684,11,2.0,3.0,15.0,8.0,3.0,3.0,22.0,1.0,1.0,25.0,44.0,18.0,,63.2093023255814,0.08701744186046512,0.20545501813953487,0.1376655629139073,0.3250392119205298,0.4627047748344371,1.8211920529801324,2.4834437086092715
20993,Jack Cork,Midfielder,41.0,0.0,0.0,40.0,0.0,0.0163244,0,0.0,0.0,0.0,2.0,0.0,1.0,2.0,0.0,1.0,3.0,8.0,0.0,,87.80487804878048,0.0,0.03583404878048781,0.0,0.040811,0.040811,0.0,0.0
21164,Angelo Ogbonna,Defender,633.0,0.0,0.0,281.0,0.0427,0.05672932,1,0.0,1.0,0.0,11.0,5.0,3.0,10.0,10.0,29.0,27.0,9.0,0.0,,39.95260663507109,0.006071090047393366,0.00806578009478673,0.015195729537366547,0.020188370106761565,0.035384099644128114,0.3558718861209964,0.0
26025,Robin Olsen,Goalkeeper,405.0,0.0,0.0,235.0,0.0,0.00352598,0,0.0,0.0,0.0,0.0,0.0,0.0,38.0,0.0,2.0,4.0,0.0,0.0,,52.22222222222222,0.0,0.0007835511111111111,0.0,0.0015004170212765957,0.0015004170212765957,0.0,0.0
26404,Zanka,Defender,1091.0,1.0,0.0,718.0,0.7424999999999999,0.49713935,8,2.0,3.0,7.0,17.0,12.0,12.0,67.0,5.0,38.0,52.0,44.0,1.0,,59.23006416131989,0.06125114573785518,0.041010578826764434,0.10341225626740945,0.06923946378830083,0.1726517200557103,1.1142061281337048,0.9749303621169917
26989,Jay Rodriguez,Forward,831.0,2.0,1.0,332.0,3.4929,0.10470251,22,8.0,6.0,4.0,14.0,9.0,1.0,25.0,1.0,7.0,47.0,69.0,5.0,,35.95667870036101,0.37829241877256325,0.01133962202166065,1.052078313253012,0.03153690060240964,1.0836152138554216,6.626506024096386,1.2048192771084338
27999,John Fleck,Midfielder,89.0,0.0,0.0,50.0,0.0,0.34528269,0,0.0,0.0,2.0,1.0,0.0,0.0,5.0,0.0,1.0,5.0,10.0,0.0,,50.56179775280899,0.0,0.34916227078651685,0.0,0.69056538,0.69056538,0.0,4.0
30144,Jonny Evans,Defender,1418.0,0.0,1.0,1031.0,0.0607,0.26913346,1,0.0,4.0,6.0,22.0,14.0,23.0,70.0,18.0,74.0,75.0,49.0,3.0,,65.43723554301833,0.0038526093088857545,0.017081813399153736,0.00588748787584869,0.02610411833171678,0.03199160620756547,0.09699321047526674,0.5819592628516004
31417,Willian,Midfielder,2054.0,4.0,2.0,1416.0,5.1368,4.49829793,45,18.0,29.0,45.0,18.0,11.0,9.0,99.0,0.0,10.0,86.0,93.0,26.0,,62.04479065238559,0.225078870496592,0.19710166197663093,0.3627683615819209,0.31767640748587567,0.6804447690677966,3.1779661016949152,3.1779661016949152
31867,Jason Steele,Goalkeeper,1530.0,0.0,0.0,743.0,0.0,0.0076722199999999996,0,0.0,0.0,0.0,0.0,0.0,0.0,147.0,0.0,10.0,2.0,3.0,0.0,,43.705882352941174,0.0,0.00045130705882352935,0.0,0.001032600269179004,0.001032600269179004,0.0,0.0
32124,James Tomkins,Defender,32.0,0.0,0.0,24.0,0.0,0.0027195599999999998,0,0.0,0.0,0.0,0.0,0.0,1.0,2.0,0.0,0.0,2.0,0.0,0.0,,67.5,0.0,0.0076487625,0.0,0.0113315,0.0113315,0.0,0.0
33541,Thiago Silva,Defender,2537.0,3.0,1.0,2575.0,0.7888,0.59630558,14,4.0,2.0,9.0,29.0,15.0,26.0,140.0,24.0,150.0,90.0,51.0,1.0,,91.34804887662594,0.02798265668111943,0.02115392282223098,0.030633009708737863,0.023157498252427185,0.05379050796116504,0.5436893203883495,0.34951456310679613
33854,Chris Basham,Defender,318.0,0.0,0.0,194.0,0.1253,0.0755344,2,0.0,3.0,2.0,7.0,2.0,5.0,16.0,4.0,17.0,20.0,21.0,2.0,,54.90566037735849,0.0354622641509434,0.02137766037735849,0.06458762886597938,0.038935257731958765,0.10352288659793814,1.0309278350515463,1.0309278350515463
33902,Danny Welbeck,Forward,1703.0,5.0,1.0,776.0,4.7695,1.38499234,41,16.0,8.0,22.0,35.0,17.0,9.0,42.0,0.0,17.0,80.0,77.0,21.0,,41.009982384028184,0.2520581327069877,0.07319395807398708,0.6146262886597937,0.1784783943298969,0.7931046829896907,5.283505154639175,2.8350515463917527
38710,Ivan Perišić,Midfielder,98.0,0.0,1.0,99.0,0.1129,0.7076998999999999,2,0.0,4.0,5.0,3.0,2.0,2.0,3.0,0.0,1.0,13.0,7.0,0.0,,90.91836734693877,0.10368367346938775,0.6499284795918366,0.11404040404040404,0.7148483838383838,0.8288887878787877,2.0202020202020203,5.05050505050505
39183,Joel Ward,Defender,1990.0,0.0,1.0,1196.0,0.8693,0.25463451,10,0.0,8.0,3.0,45.0,28.0,14.0,94.0,10.0,84.0,105.0,94.0,3.0,,54.09045226130653,0.039315075376884424,0.011516133618090452,0.07268394648829431,0.021290510869565217,0.09397445735785953,0.8361204013377926,0.2508361204013378
42209,Martin Dúbravka,Goalkeeper,1994.0,0.0,0.0,792.0,0.0,0.00410175,0,0.0,0.0,1.0,0.0,0.0,0.0,195.0,0.0,16.0,9.0,6.0,0.0,,35.74724172517553,0.0,0.00018513415245737213,0.0,0.0005178977272727273,0.0005178977272727273,0.0,0.12626262626262627
42699,Matt Ritchie,Midfielder,153.0,1.0,0.0,126.0,0.9609000000000001,0.09132479,6,4.0,0.0,0.0,5.0,3.0,1.0,5.0,2.0,5.0,6.0,9.0,1.0,,74.11764705882352,0.5652352941176472,0.053720464705882355,0.7626190476190476,0.07247999206349207,0.8350990396825398,4.761904761904762,0.0
43215,Nathaniel Clyne,Defender,1337.0,0.0,0.0,737.0,0.209,0.20803914,4,0.0,8.0,3.0,24.0,15.0,10.0,50.0,6.0,28.0,48.0,27.0,0.0,,49.61106955871354,0.01406881077038145,0.014004130590875095,0.02835820895522388,0.028227834464043422,0.0565860434192673,0.5427408412483039,0.40705563093622793
43443,Aaron Cresswell,Defender,453.0,0.0,0.0,335.0,0.0,0.34261049,0,0.0,0.0,5.0,3.0,2.0,3.0,18.0,3.0,7.0,12.0,7.0,2.0,,66.55629139072848,0.0,0.06806830927152319,0.0,0.10227178805970148,0.10227178805970148,0.0,1.4925373134328357
44566,Adam Smith,Defender,2175.0,0.0,2.0,1268.0,0.05280000000000001,1.72240724,2,0.0,4.0,17.0,37.0,23.0,21.0,92.0,11.0,49.0,81.0,85.0,7.0,,52.46896551724138,0.0021848275862068967,0.07127202372413792,0.00416403785488959,0.1358365331230284,0.14000057097791796,0.15772870662460567,1.3406940063091484
44614,Kyle Walker,Defender,2767.0,0.0,4.0,2679.0,0.3924,3.24417169,16,3.0,21.0,25.0,38.0,24.0,27.0,152.0,6.0,35.0,102.0,81.0,13.0,,87.13769425370437,0.012763281532345502,0.10552058261655221,0.014647256438969766,0.1210963676745054,0.13574362411347518,0.597237775289287,0.9331840238895109
44760,Cédric Soares,Midfielder,59.0,0.0,0.0,70.0,0.0,0.01600363,0,0.0,0.0,0.0,0.0,0.0,0.0,3.0,0.0,0.0,1.0,1.0,0.0,,106.77966101694915,0.0,0.02441231694915254,0.0,0.022862328571428572,0.022862328571428572,0.0,0.0
45944,Cheikhou Kouyaté,Midfielder,238.0,0.0,0.0,116.0,0.2878,0.044765229999999996,5,1.0,1.0,1.0,8.0,5.0,2.0,14.0,1.0,9.0,21.0,21.0,3.0,,43.865546218487395,0.10883193277310925,0.016928028151260502,0.2481034482758621,0.03859071551724138,0.2866941637931034,4.310344827586207,0.8620689655172413
45959,Thomas Kaminski,Goalkeeper,3406.0,0.0,0.0,1670.0,0.0,0.10217201000000001,0,0.0,2.0,1.0,2.0,1.0,0.0,328.0,0.0,22.0,11.0,4.0,0.0,,44.12800939518497,0.0,0.002699788872577804,0.0,0.006118084431137725,0.006118084431137725,0.0,0.059880239520958084
47772,Michail Antonio,Forward,1710.0,6.0,2.0,613.0,5.768,1.28685609,30,14.0,29.0,8.0,15.0,8.0,4.0,55.0,3.0,4.0,105.0,147.0,39.0,,32.26315789473684,0.30357894736842106,0.06772926789473684,0.9409461663947797,0.20992758401305053,1.1508737504078304,4.893964110929853,1.3050570962479608
47992,Andros Townsend,Forward,1228.0,1.0,3.0,631.0,1.2179,1.81054468,20,7.0,16.0,18.0,21.0,13.0,5.0,68.0,0.0,9.0,49.0,76.0,26.0,,46.24592833876221,0.08925977198697069,0.13269464267100978,0.1930110935023772,0.2869325958795563,0.47994368938193344,3.1695721077654517,2.8526148969889067
48480,Pascal Groß,Midfielder,3114.0,4.0,10.0,3630.0,6.1417,9.1989502,55,20.0,16.0,104.0,70.0,46.0,22.0,144.0,8.0,27.0,127.0,121.0,28.0,,104.91329479768785,0.17750578034682082,0.265865612716763,0.16919283746556477,0.25341460606060606,0.42260744352617086,1.5151515151515151,2.8650137741046833
49805,Jóhann Guðmundsson,Midfielder,1197.0,1.0,3.0,701.0,1.8516,2.50162517,15,6.0,5.0,36.0,13.0,4.0,16.0,56.0,0.0,16.0,52.0,61.0,15.0,,52.70676691729324,0.13921804511278194,0.18809211804511278,0.26413694721825964,0.3568652168330956,0.6210021640513552,2.1398002853067046,5.1355206847360915
50027,Craig Dawson,Defender,2211.0,1.0,1.0,1560.0,1.5035,0.55134258,16,5.0,3.0,9.0,30.0,20.0,16.0,100.0,39.0,119.0,111.0,66.0,2.0,,63.500678426051564,0.061200814111261874,0.022442710176390775,0.09637820512820514,0.03534247307692308,0.1317206782051282,1.0256410256410255,0.576923076923077
50480,Chris Wood,Forward,1839.0,14.0,1.0,671.0,11.882100000000001,1.09945181,48,26.0,6.0,22.0,7.0,4.0,1.0,46.0,3.0,26.0,98.0,155.0,21.0,,32.83849918433931,0.5815057096247962,0.05380677699836868,1.7708047690014903,0.16385272876304022,1.9346574977645308,7.153502235469449,3.278688524590164
51501,Joël Matip,Defender,783.0,0.0,0.0,677.0,0.4872,0.12765308,5,0.0,0.0,2.0,12.0,6.0,9.0,58.0,12.0,41.0,43.0,27.0,4.0,,77.816091954023,0.056,0.014672767816091954,0.0719645494830133,0.018855698670605613,0.09082024815361892,0.7385524372230428,0.29542097488921715
53825,Thiago Alcântara,Midfielder,13.0,0.0,0.0,10.0,0.0,0.00175947,0,0.0,0.0,0.0,0.0,0.0,0.0,0.0,0.0,0.0,0.0,0.0,0.0,,69.23076923076924,0.0,0.012180946153846154,0.0,0.0175947,0.0175947,0.0,0.0
69256,Kieran Trippier,Defender,2240.0,1.0,10.0,2429.0,0.6696,7.07466349,8,2.0,16.0,65.0,57.0,27.0,24.0,162.0,8.0,47.0,125.0,99.0,9.0,,97.59375000000001,0.026903571428571426,0.2842498723660714,0.02756689995883079,0.29125827459860026,0.31882517455743103,0.32935364347468093,2.675998353231783
70996,Kevin De Bruyne,Midfielder,1235.0,4.0,10.0,1154.0,2.4106,7.13381121,44,17.0,10.0,59.0,14.0,9.0,4.0,54.0,0.0,4.0,43.0,70.0,20.0,,84.09716599190283,0.17567125506072875,0.5198728817004049,0.2088908145580589,0.6181812140381283,0.8270720285961871,3.8128249566724435,5.11265164644714
76632,Séamus Coleman,Defender,670.0,0.0,0.0,410.0,0.0,0.70636917,0,0.0,6.0,3.0,17.0,14.0,7.0,39.0,4.0,24.0,29.0,25.0,4.0,,55.07462686567164,0.0,0.09488541089552238,0.0,0.17228516341463415,0.17228516341463415,0.0,0.7317073170731708
78152,Matz Sels,Goalkeeper,1440.0,0.0,0.0,449.0,0.0,0.07008565,0,0.0,0.0,1.0,0.0,0.0,0.0,78.0,0.0,17.0,6.0,0.0,0.0,,28.0625,0.0,0.004380353125,0.0,0.015609276169265034,0.015609276169265034,0.0,0.22271714922048996
82566,Tom Cairney,Midfielder,1500.0,1.0,4.0,1481.0,1.0793,2.46080923,17,8.0,26.0,26.0,24.0,16.0,13.0,105.0,4.0,6.0,87.0,61.0,24.0,,88.86,0.064758,0.1476485538,0.07287643484132343,0.16615862457798786,0.2390350594193113,1.1478730587440917,1.7555705604321403
84844,Neto,Goalkeeper,2880.0,0.0,0.0,1254.0,0.0,0.0431211,0,0.0,2.0,0.0,0.0,0.0,1.0,282.0,0.0,38.0,12.0,1.0,0.0,,39.1875,0.0,0.001347534375,0.0,0.003438684210526316,0.003438684210526316,0.0,0.0
94758,Ben Davies,Defender,1093.0,1.0,0.0,1007.0,2.3392,0.56460162,12,2.0,4.0,4.0,24.0,17.0,10.0,53.0,15.0,35.0,76.0,43.0,3.0,,82.91857273559012,0.19261482159194876,0.04649052680695335,0.23229394240317774,0.056067688182720954,0.2883616305858987,1.1916583912611718,0.3972194637537239
96531,Alphonse Aréola,Goalkeeper,2699.0,0.0,0.0,1074.0,0.0,0.0182486,0,0.0,1.0,0.0,1.0,1.0,1.0,225.0,0.0,27.0,15.0,5.0,0.0,,35.81326417191552,0.0,0.0006085120414968506,0.0,0.0016991247672253258,0.0016991247672253258,0.0,0.0
96535,Abdoulaye Doucouré,Midfielder,2637.0,7.0,2.0,1272.0,8.7725,1.50563329,47,23.0,25.0,34.0,43.0,27.0,15.0,144.0,3.0,18.0,100.0,183.0,42.0,,43.41296928327645,0.29940273037542664,0.05138680170648464,0.6896619496855346,0.11836739701257862,0.8080293466981133,3.6949685534591192,2.6729559748427674
96538,Lucas Digne,Defender,2417.0,1.0,3.0,1659.0,1.0636,3.61097067,20,4.0,10.0,38.0,47.0,19.0,26.0,101.0,2.0,61.0,129.0,101.0,15.0,,61.77492759619362,0.03960446834919322,0.13445898233347126,0.06411091018685956,0.21765947377938516,0.2817703839662447,1.2055455093429777,2.2905364677516573
97465,Luke Berry,Midfielder,380.0,2.0,1.0,155.0,1.0086,0.14691935,8,4.0,2.0,2.0,7.0,2.0,0.0,8.0,1.0,1.0,23.0,18.0,4.0,,36.71052631578947,0.23887894736842102,0.03479668815789474,0.6507096774193548,0.09478667741935484,0.7454963548387097,5.161290322580645,1.2903225806451613
98427,Sam Johnstone,Goalkeeper,1797.0,0.0,0.0,681.0,0.0,0.01947297,0,0.0,0.0,0.0,1.0,0.0,1.0,131.0,0.0,13.0,3.0,2.0,0.0,,34.10684474123539,0.0,0.0009752739565943239,0.0,0.0028594669603524228,0.0028594669603524228,0.0,0.0
98435,Ross Barkley,Midfielder,2622.0,5.0,4.0,1958.0,4.1232,2.6528215299999998,66,19.0,66.0,46.0,47.0,19.0,25.0,201.0,9.0,48.0,195.0,186.0,56.0,,67.20823798627002,0.14152860411899312,0.09105794725400455,0.210582226762002,0.13548628855975486,0.34606851532175686,3.3707865168539324,2.3493360572012256
98454,Jack Robinson,Defender,2885.0,1.0,1.0,1609.0,1.2338,0.9538761600000001,14,6.0,5.0,12.0,43.0,28.0,33.0,135.0,33.0,127.0,133.0,85.0,5.0,,50.19410745233969,0.0384894280762565,0.029756968596187178,0.07668116842759479,0.05928378868862648,0.13596495711622128,0.870105655686762,0.7458048477315102
99090,Dan Burn,Defender,2732.0,2.0,2.0,2050.0,3.0874,1.14440891,23,6.0,4.0,10.0,61.0,33.0,37.0,124.0,25.0,119.0,177.0,126.0,10.0,,67.53294289897511,0.10170790629575405,0.03770014710834553,0.15060487804878048,0.055824824878048775,0.20642970292682927,1.121951219512195,0.4878048780487805
100578,John Egan,Defender,484.0,0.0,0.0,264.0,0.1602,0.01551606,3,1.0,0.0,0.0,6.0,4.0,13.0,21.0,4.0,39.0,21.0,21.0,1.0,,49.090909090909086,0.02978925619834711,0.0028852177685950416,0.06068181818181819,0.0058772954545454545,0.06655911363636365,1.1363636363636365,0.0
100637,Oliver Norwood,Midfielder,1481.0,1.0,0.0,1098.0,1.0843999999999998,1.20208294,15,6.0,1.0,17.0,41.0,26.0,21.0,98.0,9.0,36.0,65.0,63.0,4.0,,66.72518568534774,0.06589871708305198,0.07305027994598244,0.09876138433515481,0.10947932058287796,0.2082407049180328,1.366120218579235,1.5482695810564664
101367,Daniel Bentley,Goalkeeper,382.0,0.0,0.0,156.0,0.0,0.00204778,0,0.0,0.0,0.0,0.0,0.0,0.0,21.0,0.0,3.0,2.0,1.0,0.0,,36.75392670157068,0.0,0.00048246125654450266,0.0,0.001312679487179487,0.001312679487179487,0.0,0.0
101882,Fabian Schär,Defender,3054.0,4.0,1.0,2557.0,2.5456999999999996,1.44645432,35,9.0,13.0,10.0,42.0,24.0,36.0,174.0,38.0,131.0,150.0,149.0,12.0,,75.35363457760315,0.07502062868369351,0.04262635520628683,0.09955807587016033,0.05656841298396559,0.15612648885412592,1.368791552600704,0.3910833007430583
103045,Jordan Ayew,Forward,2555.0,4.0,7.0,1547.0,3.8975,2.67021382,48,20.0,52.0,25.0,65.0,36.0,16.0,155.0,2.0,13.0,244.0,261.0,80.0,,54.4931506849315,0.13728962818003912,0.09405841244618394,0.2519392372333549,0.17260593535875887,0.4245451725921137,3.1027795733678087,1.616031027795734
103335,Bernd Leno,Goalkeeper,3420.0,0.0,0.0,1774.0,0.0,0.03895515,0,0.0,0.0,0.0,0.0,0.0,0.0,328.0,0.0,32.0,13.0,1.0,0.0,,46.684210526315795,0.0,0.0010251355263157895,0.0,0.002195893461104848,0.002195893461104848,0.0,0.0
105697,Serge Aurier,Defender,834.0,0.0,2.0,590.0,0.1526,0.46181799,6,1.0,3.0,4.0,20.0,14.0,9.0,50.0,3.0,32.0,62.0,53.0,8.0,,63.66906474820144,0.016467625899280577,0.04983647374100719,0.025864406779661023,0.07827423559322035,0.10413864237288135,1.0169491525423728,0.6779661016949152
105734,Christian Eriksen,Midfielder,1160.0,1.0,2.0,920.0,0.9804999999999999,2.32485549,13,4.0,3.0,27.0,18.0,13.0,4.0,86.0,6.0,12.0,25.0,52.0,14.0,,71.37931034482759,0.07607327586206897,0.18037671905172414,0.10657608695652174,0.2527016836956522,0.3592777706521739,1.4130434782608696,2.9347826086956523
106337,Idrissa Gana Gueye,Midfielder,1892.0,4.0,0.0,1197.0,1.3296999999999999,0.82572489,26,7.0,11.0,15.0,73.0,44.0,28.0,174.0,7.0,16.0,128.0,91.0,20.0,,56.93974630021142,0.06325211416490487,0.03927866812896406,0.1110860484544695,0.06898286466165414,0.18006891311612364,2.172096908939014,1.2531328320802004
110846,Michael Keane,Defender,438.0,1.0,0.0,277.0,0.6879,0.05830126,6,4.0,2.0,0.0,7.0,3.0,5.0,26.0,4.0,18.0,25.0,25.0,3.0,,56.917808219178085,0.14134931506849313,0.01197971095890411,0.2483393501805054,0.021047386281588448,0.2693867364620938,2.166064981949458,0.0
111505,Son Heung-min,Forward,2946.0,17.0,10.0,1471.0,12.0138,8.34448779,85,40.0,39.0,69.0,21.0,13.0,8.0,80.0,1.0,4.0,104.0,126.0,41.0,,44.93890020366599,0.36702036659877796,0.2549232522403259,0.8167097212780422,0.5672663351461591,1.3839760564242012,5.778382053025153,4.6906866077498295
112928,George Baldock,Defender,970.0,0.0,1.0,533.0,0.0222,0.58991191,1,0.0,6.0,7.0,18.0,10.0,10.0,44.0,8.0,30.0,51.0,54.0,9.0,,49.453608247422686,0.0020597938144329897,0.05473409474226804,0.004165103189493434,0.11067765666041277,0.1148427598499062,0.18761726078799248,1.3133208255159476
113956,Callum Wilson,Forward,993.0,9.0,1.0,367.0,8.8721,0.55149911,35,21.0,14.0,8.0,5.0,3.0,2.0,17.0,0.0,4.0,45.0,85.0,35.0,,33.26283987915408,0.8041178247734139,0.049984813595166155,2.417465940054496,0.1502722370572207,2.5677381771117167,9.536784741144414,2.17983651226158
115346,Nathan Redmond,Midfielder,145.0,0.0,0.0,95.0,0.0275,0.36639558000000005,0,0.0,4.0,4.0,2.0,1.0,0.0,6.0,0.0,3.0,9.0,12.0,2.0,,58.96551724137931,0.01706896551724138,0.2274179462068966,0.028947368421052635,0.3856795578947369,0.41462692631578957,0.0,4.2105263157894735
115365,Lewis Dunk,Defender,2872.0,3.0,1.0,3529.0,3.0703,2.19710906,33,12.0,5.0,13.0,27.0,14.0,31.0,180.0,37.0,88.0,101.0,81.0,2.0,,110.58844011142061,0.0962141364902507,0.06885091065459609,0.08700198356474922,0.06225868688013601,0.14926067044488525,0.9351090960612072,0.36837631056956643
118179,Tim Ream,Defender,1504.0,1.0,0.0,1228.0,0.9563,0.14973846,1,1.0,6.0,0.0,20.0,9.0,25.0,79.0,15.0,59.0,57.0,40.0,3.0,,73.4840425531915,0.05722539893617022,0.008960413164893617,0.07787459283387622,0.012193685667752441,0.09006827850162866,0.08143322475570033,0.0
119159,Philippe Coutinho,Midfielder,31.0,0.0,0.0,35.0,0.14340000000000003,0.01187989,3,1.0,4.0,0.0,0.0,0.0,0.0,1.0,0.0,0.0,5.0,2.0,0.0,,101.61290322580646,0.41632258064516137,0.034490003225806455,0.4097142857142858,0.033942542857142856,0.44365682857142863,8.571428571428571,0.0
122951,Casemiro,Midfielder,1985.0,1.0,2.0,1822.0,3.4919000000000002,1.21192898,39,9.0,9.0,16.0,83.0,56.0,18.0,133.0,33.0,66.0,144.0,132.0,17.0,,82.60957178841309,0.15832292191435768,0.05494892100755667,0.19165203073545556,0.06651640944017563,0.2581684401756312,2.140504939626784,0.8781558726673985
125274,Stefan Ortega,Goalkeeper,632.0,0.0,0.0,299.0,0.0,0.0052453,0,0.0,0.0,0.0,0.0,0.0,0.0,50.0,0.0,3.0,2.0,0.0,0.0,,42.57911392405064,0.0,0.0007469572784810127,0.0,0.0017542809364548494,0.0017542809364548494,0.0,0.0
130181,Danny Ings,Forward,452.0,1.0,0.0,183.0,1.29,0.2657996,12,4.0,6.0,5.0,6.0,2.0,3.0,12.0,1.0,6.0,21.0,32.0,4.0,,36.43805309734513,0.256858407079646,0.05292469911504425,0.7049180327868853,0.14524568306010932,0.8501637158469945,6.557377049180328,2.73224043715847
132874,Jorginho,Midfielder,934.0,0.0,2.0,891.0,0.09720000000000001,2.1071398599999998,4,0.0,2.0,10.0,24.0,10.0,12.0,49.0,1.0,7.0,48.0,35.0,4.0,,85.85653104925053,0.009366167023554606,0.20304345546038544,0.01090909090909091,0.23649156677890007,0.24740065768799097,0.44893378226711567,1.122334455667789
135256,Christian Nørgaard,Midfielder,2513.0,2.0,1.0,1919.0,3.467,2.41120995,35,7.0,6.0,24.0,81.0,50.0,54.0,216.0,6.0,49.0,159.0,159.0,15.0,,68.72662156784719,0.12416633505769996,0.08635451472343812,0.18066701406982802,0.12564929390307453,0.30631630797290255,1.8238665971860344,1.2506513809275663
135666,Leandro Trossard,Forward,1646.0,12.0,1.0,994.0,7.9018,3.1541976,60,22.0,25.0,24.0,27.0,16.0,8.0,88.0,1.0,5.0,77.0,96.0,39.0,,54.349939246658565,0.4320546780072904,0.17246523936816524,0.7949496981891349,0.31732370221327966,1.1122734004024144,6.036217303822937,2.414486921529175
136710,Mateo Kovačić,Midfielder,1581.0,1.0,0.0,1746.0,1.2702,1.85132885,22,5.0,20.0,21.0,36.0,25.0,10.0,72.0,1.0,10.0,75.0,62.0,24.0,,99.39278937381403,0.07230740037950664,0.10538873908918406,0.07274914089347079,0.10603258018327605,0.17878172107674684,1.2600229095074456,1.202749140893471
137774,Ben Mee,Defender,1276.0,2.0,0.0,848.0,1.4781,0.71587519,10,2.0,3.0,6.0,26.0,15.0,13.0,67.0,13.0,57.0,67.0,54.0,7.0,,59.811912225705335,0.10425470219435735,0.05049276418495298,0.17430424528301888,0.08441924410377359,0.2587234893867924,1.179245283018868,0.7075471698113208
137789,James Shea,Goalkeeper,14.0,0.0,0.0,13.0,0.0,0.00084391,0,0.0,0.0,0.0,0.0,0.0,0.0,2.0,0.0,2.0,0.0,0.0,0.0,,83.57142857142857,0.0,0.005425135714285714,0.0,0.006491615384615385,0.006491615384615385,0.0,0.0
138024,Vladimír Coufal,Defender,3137.0,0.0,7.0,2093.0,0.3137,2.96810435,8,2.0,12.0,33.0,64.0,41.0,43.0,154.0,15.0,83.0,142.0,137.0,13.0,,60.04781638508129,0.009,0.08515441233662735,0.01498805542283803,0.14181100573339706,0.15679906115623507,0.3822264691829909,1.5766841853798377
138149,Odysseas Vlachodimos,Goalkeeper,450.0,0.0,0.0,197.0,0.0,0.00354549,0,0.0,0.0,1.0,0.0,0.0,0.0,35.0,0.0,5.0,1.0,1.0,0.0,,39.4,0.0,0.000709098,0.0,0.001799741116751269,0.001799741116751269,0.0,0.5076142131979695
138310,Raphaël Varane,Defender,1377.0,1.0,0.0,957.0,1.2608,0.5724857999999999,8,2.0,1.0,1.0,18.0,11.0,15.0,67.0,18.0,86.0,43.0,20.0,2.0,,62.549019607843135,0.08240522875816993,0.037417372549019605,0.13174503657262276,0.0598208777429467,0.19156591431556946,0.8359456635318705,0.10449320794148381
138530,Jordan Pickford,Goalkeeper,3420.0,0.0,0.0,1784.0,0.0,0.44207695,0,0.0,1.0,4.0,1.0,0.0,0.0,354.0,0.0,34.0,9.0,1.0,0.0,,46.94736842105263,0.0,0.01163360394736842,0.0,0.024780098094170408,0.024780098094170408,0.0,0.2242152466367713
138534,Raheem Sterling,Forward,1981.0,8.0,4.0,1153.0,6.4818,4.31173842,51,22.0,45.0,30.0,21.0,10.0,13.0,92.0,0.0,8.0,109.0,172.0,44.0,,52.38263503281171,0.29447854618879354,0.19588917607269057,0.5621682567215959,0.37395823243712056,0.9361264891587164,4.423243712055507,2.6019080659150045
138573,Pablo Sarabia,Midfielder,1757.0,4.0,7.0,1248.0,5.4745,4.88774094,46,18.0,17.0,51.0,20.0,13.0,10.0,90.0,1.0,6.0,69.0,110.0,23.0,,63.927148548662494,0.28042401821286284,0.25036806180990323,0.438661858974359,0.3916459086538461,0.830307767628205,3.685897435897436,4.086538461538462
139227,Kurt Zouma,Defender,2838.0,3.0,0.0,1477.0,1.8471,0.12404917,16,7.0,2.0,4.0,23.0,17.0,29.0,95.0,28.0,158.0,89.0,76.0,3.0,,46.83932346723045,0.058576109936575055,0.003933906025369979,0.1250575490859851,0.008398725118483413,0.1334562742044685,1.0832769126607988,0.2708192281651997
139310,Willy Boly,Defender,1454.0,2.0,1.0,917.0,1.4807000000000001,0.76952987,14,6.0,3.0,9.0,46.0,29.0,25.0,86.0,21.0,86.0,108.0,69.0,3.0,,56.760660247592845,0.09165268225584594,0.047632522902338374,0.1614721919302072,0.0839181973827699,0.2453903893129771,1.5267175572519083,0.9814612868047983
140487,Cauley Woodrow,Forward,470.0,1.0,1.0,241.0,1.4217,0.86413124,16,4.0,2.0,9.0,16.0,10.0,1.0,21.0,1.0,13.0,32.0,40.0,8.0,,46.14893617021277,0.27224042553191485,0.16547193957446807,0.5899170124481328,0.3585606804979253,0.948477692946058,6.639004149377594,3.7344398340248963
143040,Wataru Endo,Midfielder,1742.0,1.0,0.0,1579.0,0.5276,1.50522778,10,3.0,10.0,16.0,48.0,28.0,20.0,108.0,2.0,30.0,114.0,145.0,22.0,,81.57864523536165,0.02725832376578645,0.07776722169919632,0.033413552881570614,0.09532791513616212,0.12874146801773273,0.6333122229259025,1.013299556681444
143047,Matt Doherty,Defender,1192.0,1.0,0.0,842.0,0.8442,0.86305535,9,3.0,6.0,12.0,31.0,18.0,7.0,65.0,5.0,37.0,86.0,68.0,6.0,,63.57382550335571,0.06373993288590604,0.06516357508389262,0.10026128266033255,0.10250063539192399,0.20276191805225652,1.0688836104513064,1.4251781472684086
143334,Victor Lindelöf,Defender,1338.0,1.0,1.0,1048.0,0.6148,0.4309782,6,4.0,1.0,8.0,15.0,10.0,12.0,75.0,9.0,38.0,35.0,50.0,3.0,,70.49327354260089,0.041354260089686096,0.028989565022421525,0.05866412213740458,0.04112387404580153,0.09978799618320609,0.5725190839694656,0.7633587786259541
145188,James Tarkowski,Defender,3419.0,1.0,1.0,2097.0,2.6222,2.7243179,25,5.0,16.0,23.0,61.0,42.0,56.0,186.0,56.0,186.0,242.0,147.0,16.0,,55.200350979818666,0.06902544603685289,0.07171354518865165,0.12504530281354315,0.12991501669051025,0.2549603195040534,1.1921793037672868,1.0968049594659035
146101,Eric Dier,Defender,199.0,0.0,0.0,164.0,0.0,0.03999257,0,0.0,0.0,0.0,2.0,1.0,2.0,7.0,3.0,12.0,6.0,5.0,0.0,,74.17085427135679,0.0,0.018087091959798993,0.0,0.024385713414634146,0.024385713414634146,0.0,0.0
148710,Jeffrey Schlupp,Midfielder,1376.0,2.0,2.0,591.0,1.8336000000000001,1.40622517,19,11.0,17.0,19.0,38.0,24.0,8.0,54.0,2.0,18.0,92.0,93.0,23.0,,38.655523255813954,0.11993023255813955,0.09197693699127907,0.310253807106599,0.2379399610829103,0.5481937681895094,3.2148900169204735,3.2148900169204735
149380,Harry Maguire,Defender,1667.0,2.0,2.0,1336.0,2.0368,0.92947784,20,3.0,0.0,6.0,24.0,17.0,25.0,78.0,24.0,83.0,103.0,53.0,2.0,,72.12957408518297,0.10996520695860827,0.05018176700659868,0.1524550898203593,0.06957169461077845,0.22202678443113774,1.4970059880239521,0.4491017964071856
149593,Pierre-Emile Højbjerg,Midfielder,1343.0,0.0,0.0,1639.0,0.6651,1.52475455,19,6.0,12.0,9.0,32.0,18.0,19.0,121.0,7.0,27.0,69.0,72.0,9.0,,109.8361876396128,0.044571109456440806,0.10218012620997766,0.040579621720561315,0.09302956375838926,0.13360918547895057,1.1592434411226358,0.5491153142159854
149663,Nathan Aké,Defender,2052.0,2.0,2.0,2062.0,2.4777,1.14107209,20,5.0,5.0,10.0,26.0,16.0,14.0,119.0,2.0,52.0,95.0,49.0,2.0,,90.43859649122807,0.10867105263157895,0.05004702149122807,0.1201600387972842,0.055338122696411245,0.17549816149369546,0.9699321047526674,0.4849660523763337
149734,Aymeric Laporte,Defender,11.0,0.0,0.0,14.0,0.0358,0.00053046,1,1.0,0.0,0.0,0.0,0.0,0.0,2.0,1.0,1.0,0.0,0.0,0.0,,114.54545454545455,0.2929090909090909,0.004340127272727272,0.2557142857142857,0.003789,0.25950328571428566,7.142857142857142,0.0
150396,Emil Krafth,Defender,926.0,0.0,0.0,681.0,0.2059,0.76401454,4,0.0,3.0,9.0,21.0,14.0,9.0,44.0,3.0,18.0,44.0,43.0,3.0,,66.18790496760259,0.020011879049676027,0.07425627278617711,0.030234948604992658,0.11219009397944199,0.14242504258443464,0.5873715124816447,1.3215859030837005
150477,Jordan Clark,Midfielder,1315.0,1.0,1.0,753.0,1.0019,1.16954787,17,4.0,12.0,12.0,30.0,17.0,11.0,59.0,3.0,14.0,86.0,100.0,21.0,,51.536121673003805,0.06857110266159697,0.08004510136882129,0.13305444887118195,0.1553184422310757,0.2883728911022576,2.257636122177955,1.593625498007968
151499,Bobby De Cordova-Reid,Midfielder,1440.0,6.0,2.0,713.0,4.5505,1.16988972,33,8.0,8.0,17.0,22.0,14.0,5.0,60.0,2.0,12.0,68.0,74.0,10.0,,44.5625,0.28440625,0.0731181075,0.638218793828892,0.164079904628331,0.802298698457223,4.628330995792426,2.3842917251051894
151545,Virgil van Dijk,Defender,3178.0,2.0,2.0,3267.0,2.8288,1.02819246,45,14.0,2.0,11.0,40.0,23.0,39.0,170.0,34.0,142.0,195.0,63.0,4.0,,92.52045311516677,0.08011076148521083,0.029118099874134676,0.08658708295071932,0.03147206795224977,0.11805915090296909,1.3774104683195594,0.33670033670033667
152077,John Stones,Defender,1064.0,1.0,0.0,922.0,1.0486,0.40475654,4,2.0,1.0,6.0,2.0,1.0,10.0,46.0,7.0,20.0,22.0,22.0,6.0,,77.98872180451127,0.08869736842105262,0.03423692537593985,0.11373101952277657,0.04389984164859002,0.15763086117136657,0.43383947939262474,0.6507592190889371
153444,Jamaal Lascelles,Defender,1080.0,1.0,0.0,884.0,0.7481,0.1212328,6,1.0,1.0,2.0,14.0,9.0,5.0,53.0,12.0,42.0,64.0,51.0,4.0,,73.66666666666667,0.06234166666666666,0.010102733333333334,0.08462669683257919,0.013714117647058825,0.09834081447963801,0.6787330316742082,0.22624434389140274
155997,Emerson,Defender,3142.0,1.0,2.0,2277.0,1.5222,2.07934226,19,4.0,24.0,25.0,106.0,68.0,43.0,142.0,15.0,88.0,188.0,137.0,17.0,,65.22278803309995,0.04360216422660725,0.0595610450031827,0.06685111989459816,0.09131937900746598,0.15817049890206414,0.834431269213878,1.0979358805445762
158263,Emiliano Martínez,Goalkeeper,3015.0,0.0,0.0,1612.0,0.0,0.04349649,0,0.0,0.0,2.0,0.0,0.0,0.0,317.0,0.0,16.0,13.0,1.0,0.0,,48.11940298507463,0.0,0.0012984026865671642,0.0,0.002698293424317618,0.002698293424317618,0.0,0.12406947890818859
159665,Mohamed Salah,Midfielder,2535.0,18.0,10.0,1468.0,21.206599999999998,7.4965044,114,56.0,27.0,68.0,17.0,11.0,2.0,84.0,1.0,1.0,76.0,149.0,59.0,,52.11834319526628,0.7528970414201183,0.2661480852071006,1.444591280653951,0.5106610626702996,1.9552523433242506,7.7656675749318795,4.632152588555858
159675,Mohamed Elneny,Midfielder,36.0,0.0,0.0,45.0,0.0812,0.0111279,2,1.0,0.0,0.0,0.0,0.0,1.0,2.0,0.0,0.0,1.0,3.0,0.0,,112.5,0.20299999999999999,0.027819749999999997,0.18044444444444444,0.024728666666666663,0.20517311111111108,4.444444444444445,0.0
161717,James Ward-Prowse,Midfielder,3019.0,7.0,7.0,1991.0,6.2013,6.25164771,44,18.0,11.0,64.0,45.0,29.0,38.0,145.0,9.0,44.0,102.0,100.0,11.0,,59.35409075852931,0.18486816826763827,0.18636909370652535,0.3114665996986439,0.313995364640884,0.6254619643395279,2.209944751381215,3.214465092918132
162653,Nick Pope,Goalkeeper,1346.0,0.0,0.0,474.0,0.0264,0.00987112,1,0.0,0.0,0.0,0.0,0.0,0.0,117.0,0.0,17.0,6.0,2.0,0.0,,31.693907875185737,0.0017652303120356612,0.0006600303120356612,0.005569620253164557,0.0020825147679324895,0.007652135021097048,0.21097046413502107,0.0
166381,Charlie Taylor,Defender,2332.0,1.0,1.0,1580.0,0.2418,1.67534586,10,1.0,9.0,15.0,35.0,20.0,19.0,106.0,11.0,67.0,101.0,91.0,10.0,,60.977701543739286,0.009331903945111492,0.06465743027444254,0.015303797468354429,0.10603454810126582,0.12133834556962025,0.6329113924050633,0.949367088607595
171919,Mark Flekken,Goalkeeper,3285.0,0.0,1.0,1795.0,0.0,0.18058805,0,0.0,3.0,4.0,1.0,1.0,0.0,299.0,0.0,40.0,18.0,8.0,0.0,,49.178082191780824,0.0,0.004947617808219178,0.0,0.010060615598885794,0.010060615598885794,0.0,0.22284122562674097
174135,Loris Karius,Goalkeeper,90.0,0.0,0.0,43.0,0.0,0.00018863,0,0.0,0.0,0.0,0.0,0.0,0.0,10.0,0.0,1.0,0.0,0.0,0.0,,43.0,0.0,0.00018863,0.0,0.0004386744186046511,0.0004386744186046511,0.0,0.0
185995,Paul Dummett,Defender,23.0,0.0,0.0,26.0,0.0234,0.00391413,1,0.0,0.0,0.0,1.0,0.0,0.0,0.0,0.0,1.0,2.0,1.0,0.0,,101.7391304347826,0.09156521739130435,0.015316160869565217,0.09,0.015054346153846153,0.10505434615384615,3.8461538461538463,0.0
187861,Wes Foderingham,Goalkeeper,2648.0,0.0,0.0,1270.0,0.0,0.08719864,0,0.0,2.0,1.0,5.0,3.0,0.0,283.0,0.0,29.0,20.0,3.0,1.0,,43.16465256797583,0.0,0.0029636999999999997,0.0,0.006866034645669291,0.006866034645669291,0.0,0.07874015748031496
189061,Jack Grealish,Midfielder,1022.0,3.0,1.0,769.0,2.0772,2.81314992,22,5.0,18.0,27.0,13.0,8.0,6.0,42.0,2.0,4.0,75.0,48.0,22.0,,67.720156555773,0.18292367906066537,0.24773335890410955,0.27011703511053314,0.3658192353706112,0.6359362704811444,2.860858257477243,3.5110533159947983
190399,Divock Origi,Forward,607.0,0.0,1.0,250.0,1.397,0.82729555,14,4.0,9.0,7.0,6.0,4.0,2.0,16.0,0.0,2.0,34.0,53.0,10.0,,37.067545304777596,0.20713344316309718,0.12266326112026359,0.5588,0.33091822,0.8897182199999999,5.6000000000000005,2.8000000000000003
190405,Leander Dendoncker,Midfielder,155.0,1.0,0.0,83.0,0.736,0.01570187,2,1.0,0.0,0.0,6.0,4.0,2.0,4.0,2.0,3.0,11.0,8.0,1.0,,48.193548387096776,0.4273548387096774,0.009117214838709677,0.8867469879518073,0.0189179156626506,0.9056649036144578,2.4096385542168677,0.0
190839,Luke Shaw,Defender,962.0,0.0,0.0,776.0,0.0497,0.86670294,2,0.0,7.0,13.0,11.0,8.0,6.0,59.0,11.0,37.0,34.0,39.0,6.0,,72.5987525987526,0.00464968814968815,0.08108447463617463,0.006404639175257732,0.1116885231958763,0.11809316237113403,0.25773195876288657,1.675257731958763
190853,Joe Rothwell,Midfielder,388.0,0.0,0.0,262.0,0.08549999999999999,0.22611294,2,0.0,7.0,4.0,7.0,2.0,3.0,32.0,2.0,2.0,16.0,18.0,2.0,,60.77319587628866,0.019832474226804123,0.05244887783505155,0.03263358778625954,0.08630264885496183,0.11893623664122137,0.7633587786259541,1.5267175572519083
190877,Kenny Tete,Defender,891.0,1.0,0.0,678.0,0.8513,0.45568163,4,1.0,9.0,3.0,27.0,17.0,16.0,45.0,3.0,31.0,53.0,40.0,3.0,,68.48484848484848,0.08598989898989898,0.04602844747474748,0.12556047197640116,0.06720967994100295,0.19277015191740413,0.5899705014749262,0.4424778761061947
191176,Anthony Martial,Midfielder,461.0,1.0,0.0,195.0,1.2236,0.14903143000000002,6,4.0,2.0,6.0,4.0,1.0,0.0,9.0,0.0,3.0,20.0,33.0,10.0,,38.06941431670282,0.238880694143167,0.029095073101952282,0.6274871794871795,0.07642637435897437,0.7039135538461538,3.076923076923077,3.076923076923077
192144,Aleksandar Mitrović,Forward,32.0,0.0,0.0,14.0,0.1623,0.0246784,2,1.0,3.0,0.0,0.0,0.0,0.0,1.0,0.0,0.0,5.0,1.0,0.0,,39.375,0.45646875,0.069408,1.1592857142857143,0.17627428571428572,1.3355599999999999,14.285714285714285,0.0
192442,Raúl Jiménez,Forward,1436.0,7.0,0.0,631.0,5.1547,0.9912186900000001,41,17.0,10.0,11.0,18.0,12.0,4.0,43.0,3.0,13.0,93.0,133.0,32.0,,39.54735376044569,0.32306615598885796,0.062123734052924796,0.8169096671949286,0.1570869556259905,0.9739966228209193,6.497622820919176,1.7432646592709984
193554,Will Hughes,Midfielder,1904.0,0.0,1.0,1176.0,0.3238,1.79131291,8,3.0,9.0,21.0,61.0,33.0,22.0,121.0,14.0,20.0,112.0,109.0,27.0,,55.58823529411765,0.015305672268907562,0.0846734043592437,0.027534013605442175,0.15232252636054422,0.1798565399659864,0.6802721088435374,1.7857142857142856
197848,Tom Lockyer,Defender,1171.0,1.0,1.0,618.0,1.0532,0.2800558,7,1.0,4.0,3.0,25.0,16.0,23.0,89.0,13.0,66.0,70.0,42.0,2.0,,47.49786507258754,0.0809461998292058,0.021524356959863364,0.17042071197411002,0.045316472491909385,0.21573718446601942,1.132686084142395,0.48543689320388345
216308,Adam Webster,Defender,1143.0,0.0,0.0,1214.0,0.4313,0.3193907,8,1.0,0.0,5.0,14.0,12.0,16.0,63.0,12.0,41.0,50.0,38.0,2.0,,95.59055118110237,0.033960629921259845,0.025148874015748033,0.03552718286655684,0.026308953871499178,0.06183613673805602,0.6589785831960462,0.41186161449752884
218160,Bertrand Traoré,Forward,10.0,0.0,0.0,8.0,0.0,3.4000000000000003e-07,0,0.0,0.0,0.0,1.0,1.0,0.0,2.0,0.0,0.0,1.0,2.0,1.0,,72.0,0.0,3.06e-06,0.0,4.25e-06,4.25e-06,0.0,0.0
219572,Joël Veltman,Defender,1591.0,1.0,1.0,1165.0,0.5405,0.57041836,5,3.0,1.0,4.0,54.0,41.0,18.0,76.0,7.0,52.0,125.0,69.0,7.0,,65.901948460088,0.030575109993714645,0.032267537649277186,0.04639484978540773,0.048962949356223175,0.0953577991416309,0.4291845493562232,0.34334763948497854
227212,Thomas Strakosha,Goalkeeper,135.0,0.0,0.0,81.0,0.0,0.00902462,0,0.0,0.0,0.0,0.0,0.0,0.0,11.0,0.0,1.0,1.0,0.0,0.0,,54.0,0.0,0.006016413333333333,0.0,0.011141506172839506,0.011141506172839506,0.0,0.0
227942,Calum Chambers,Defender,159.0,0.0,1.0,132.0,0.0,0.01141114,0,0.0,1.0,1.0,3.0,0.0,2.0,8.0,1.0,4.0,6.0,6.0,1.0,,74.71698113207547,0.0,0.006459135849056604,0.0,0.00864480303030303,0.00864480303030303,0.0,0.7575757575757576
232306,Timo Werner,Forward,824.0,2.0,3.0,475.0,3.7235,2.9032739100000002,29,7.0,12.0,15.0,7.0,4.0,3.0,27.0,0.0,1.0,25.0,35.0,5.0,,51.88106796116505,0.40669296116504855,0.31710516007281553,0.7838947368421053,0.61121556,1.3951102968421054,6.105263157894736,3.1578947368421053
235460,André Gomes,Midfielder,503.0,1.0,0.0,368.0,0.304,0.54591175,8,4.0,3.0,4.0,7.0,4.0,3.0,34.0,1.0,3.0,16.0,49.0,6.0,,65.84493041749504,0.05439363817097415,0.0976780467196819,0.08260869565217391,0.14834558423913044,0.23095427989130432,2.1739130434782608,1.0869565217391304
235648,Jonny Otto,Defender,11.0,0.0,0.0,2.0,0.0,0.0,0,0.0,0.0,0.0,0.0,0.0,0.0,0.0,1.0,0.0,0.0,1.0,0.0,,16.363636363636363,0.0,0.0,0.0,0.0,0.0,0.0,0.0
242211,Felipe,Defender,373.0,0.0,0.0,264.0,0.1288,0.03986477,3,0.0,1.0,2.0,12.0,9.0,4.0,20.0,1.0,11.0,29.0,21.0,1.0,,63.69973190348526,0.031077747989276136,0.009618845308310992,0.04878787878787879,0.015100291666666666,0.06388817045454545,1.1363636363636365,0.7575757575757576
243609,Alisson,Goalkeeper,2520.0,0.0,0.0,1271.0,0.0,0.017278560000000002,0,0.0,0.0,1.0,0.0,0.0,0.0,221.0,0.0,21.0,11.0,4.0,0.0,,45.39285714285714,0.0,0.0006170914285714286,0.0,0.0013594461054287964,0.0013594461054287964,0.0,0.07867820613690008
250223,John McGinn,Midfielder,3009.0,6.0,4.0,1717.0,4.9726,4.91763676,40,16.0,54.0,45.0,59.0,35.0,21.0,161.0,4.0,18.0,191.0,191.0,61.0,,51.35593220338983,0.14873180458624127,0.14708783928215355,0.28960978450786257,0.28640866394874775,0.5760184484566104,2.3296447291788,2.6208503203261504
252669,José Sá,Goalkeeper,3038.0,0.0,1.0,1339.0,0.0,0.01579393,0,0.0,3.0,1.0,0.0,0.0,0.0,309.0,0.0,30.0,22.0,2.0,1.0,,39.66754443712969,0.0,0.00046789127715602373,0.0,0.0011795317401045557,0.0011795317401045557,0.0,0.07468259895444362
252821,Nélson Semedo,Defender,3092.0,0.0,1.0,2382.0,1.258,1.7974359599999998,17,4.0,51.0,24.0,79.0,48.0,36.0,188.0,8.0,78.0,182.0,166.0,36.0,,69.33376455368693,0.036617076326002584,0.052318640491591205,0.0528127623845508,0.07545910831234257,0.12827187069689333,0.7136859781696054,1.0075566750629723
254491,Ederson,Goalkeeper,2788.0,0.0,0.0,1346.0,0.0,0.05502552,0,0.0,1.0,1.0,0.0,0.0,0.0,218.0,0.0,16.0,13.0,3.0,0.0,,43.45050215208035,0.0,0.0017762901004304162,0.0,0.0040880772659732546,0.0040880772659732546,0.0,0.07429420505200594
262911,Andy Robertson,Defender,1691.0,3.0,2.0,1744.0,1.9487,4.3978756400000005,12,7.0,5.0,65.0,35.0,24.0,13.0,104.0,6.0,34.0,59.0,55.0,6.0,,92.82081608515672,0.10371555292726198,0.2340678933175636,0.11173738532110093,0.25217176834862387,0.3639091536697248,0.6880733944954129,3.727064220183486
268903,Neal Maupay,Forward,1453.0,6.0,3.0,637.0,7.2096,2.25579719,42,20.0,9.0,17.0,10.0,7.0,2.0,64.0,0.0,4.0,59.0,120.0,27.0,,39.45629731589814,0.446568479008947,0.13972590991052994,1.131805337519623,0.3541282872841444,1.4859336248037678,6.593406593406594,2.6687598116169546
280439,Maxwel Cornet,Forward,128.0,1.0,0.0,70.0,0.4024,0.025093709999999998,4,1.0,0.0,4.0,3.0,2.0,2.0,8.0,0.0,1.0,5.0,14.0,3.0,,49.21875,0.2829375,0.01764401484375,0.5748571428571428,0.03584815714285714,0.6107052999999999,5.714285714285714,5.714285714285714
281277,Thilo Kehrer,Defender,33.0,0.0,0.0,12.0,0.0,0.0009174399999999999,0,0.0,0.0,0.0,1.0,1.0,0.0,0.0,2.0,0.0,2.0,4.0,0.0,,32.72727272727273,0.0,0.0025021090909090908,0.0,0.007645333333333333,0.007645333333333333,0.0,0.0
282665,Ben Osborn,Midfielder,1369.0,0.0,2.0,762.0,0.2278,0.91406953,4,0.0,7.0,13.0,22.0,9.0,8.0,80.0,2.0,26.0,44.0,55.0,10.0,,50.09495982468955,0.014975894813732652,0.060092226223520825,0.02989501312335958,0.1199566312335958,0.1498516443569554,0.5249343832020997,1.7060367454068242
283847,Ivo Grbić,Goalkeeper,772.0,0.0,0.0,365.0,0.0,0.014500800000000001,0,0.0,0.0,0.0,0.0,0.0,0.0,87.0,0.0,14.0,9.0,1.0,0.0,,42.55181347150259,0.0,0.0016905077720207253,0.0,0.00397282191780822,0.00397282191780822,0.0,0.0
285949,Andreas Pereira,Midfielder,2637.0,3.0,7.0,1615.0,4.6387,5.67232396,52,16.0,19.0,85.0,25.0,12.0,4.0,99.0,2.0,11.0,84.0,150.0,41.0,,55.11945392491467,0.15831740614334472,0.19359467440273037,0.2872260061919505,0.3512274897832817,0.6384534959752322,3.219814241486068,5.263157894736842
285989,Jaïro Riedewald,Midfielder,241.0,0.0,0.0,144.0,0.0204,0.06936241,1,0.0,1.0,0.0,9.0,3.0,2.0,14.0,0.0,2.0,15.0,11.0,2.0,,53.77593360995851,0.0076182572614107895,0.02590297468879668,0.014166666666666668,0.04816834027777778,0.06233500694444445,0.6944444444444444,0.0
286165,Adama Traoré,Forward,404.0,2.0,3.0,217.0,1.527,0.88988387,11,7.0,9.0,7.0,4.0,3.0,1.0,13.0,0.0,2.0,26.0,29.0,9.0,,48.34158415841584,0.34017326732673264,0.19824145618811884,0.7036866359447005,0.410084732718894,1.1137713686635944,5.0691244239631335,3.225806451612903
287643,Oleksandr Zinchenko,Defender,1730.0,1.0,2.0,1775.0,0.5823,2.94450865,17,3.0,7.0,30.0,50.0,30.0,20.0,104.0,3.0,22.0,93.0,60.0,15.0,,92.34104046242774,0.03029306358381503,0.15318253092485548,0.032805633802816904,0.16588781126760563,0.19869344507042253,0.9577464788732395,1.6901408450704223
288205,Bruno Fernandes,Midfielder,3119.0,10.0,8.0,2687.0,9.9362,9.743222,95,41.0,19.0,116.0,68.0,38.0,27.0,200.0,6.0,47.0,136.0,180.0,35.0,,77.53446617505611,0.286713049054184,0.281144591215133,0.36978786751023446,0.3626059545962039,0.7323938221064383,3.535541496092296,4.317082247860067
290927,Ivan Toney,Forward,1449.0,4.0,2.0,685.0,5.9656,1.43166999,51,22.0,10.0,12.0,15.0,5.0,10.0,56.0,1.0,17.0,108.0,119.0,17.0,,42.546583850931675,0.37053416149068324,0.08892360186335403,0.8708905109489051,0.2090029182481752,1.0798934291970803,7.445255474452554,1.7518248175182483
294593,Álex Moreno,Defender,1046.0,2.0,0.0,725.0,1.1360999999999999,1.0018589199999999,8,4.0,15.0,11.0,18.0,12.0,13.0,40.0,2.0,33.0,53.0,50.0,6.0,,62.380497131931165,0.09775239005736137,0.08620201032504779,0.15670344827586205,0.1381874372413793,0.2948908855172414,1.103448275862069,1.5172413793103448
298366,Kieffer Moore,Forward,131.0,1.0,0.0,56.0,1.4786000000000001,0.32859359,6,2.0,1.0,2.0,0.0,0.0,0.0,4.0,0.0,0.0,9.0,13.0,1.0,,38.47328244274809,1.0158320610687024,0.2257513213740458,2.6403571428571433,0.5867742678571428,3.227131410714286,10.714285714285714,3.571428571428571
301288,Solly March,Midfielder,558.0,3.0,1.0,368.0,1.9632,0.9512869,14,6.0,8.0,7.0,19.0,14.0,11.0,36.0,0.0,8.0,41.0,40.0,10.0,,59.35483870967742,0.31664516129032255,0.15343337096774196,0.5334782608695653,0.258501875,0.7919801358695652,3.804347826086957,1.9021739130434785
303638,Tyrone Mings,Defender,31.0,0.0,0.0,9.0,0.0075,0.158618,1,0.0,0.0,1.0,0.0,0.0,1.0,2.0,0.0,1.0,1.0,0.0,0.0,,26.12903225806452,0.021774193548387097,0.460503870967742,0.08333333333333333,1.7624222222222221,1.8457555555555556,11.11111111111111,11.11111111111111
307284,Mario Lemina,Midfielder,2975.0,4.0,1.0,1926.0,4.6221,1.27829066,48,18.0,25.0,20.0,90.0,58.0,41.0,199.0,9.0,56.0,174.0,146.0,22.0,,58.265546218487394,0.13982823529411764,0.03867097794957983,0.23998442367601244,0.06637023156801661,0.30635465524402905,2.4922118380062304,1.0384215991692627
316148,Thomas Partey,Midfielder,788.0,0.0,0.0,734.0,0.4108,0.57942603,8,2.0,9.0,6.0,14.0,11.0,11.0,56.0,3.0,8.0,36.0,33.0,8.0,,83.83248730964466,0.04691878172588833,0.06617809987309645,0.05596730245231608,0.07894087602179838,0.13490817847411446,1.08991825613079,0.8174386920980926
318927,Joe Gomez,Defender,1793.0,0.0,1.0,1619.0,0.769,1.09944061,19,2.0,15.0,22.0,47.0,31.0,19.0,111.0,4.0,45.0,109.0,94.0,11.0,,81.26603457891801,0.03860011154489682,0.05518664523145567,0.04749845583693638,0.06790862322421248,0.11540707906114885,1.173563928350834,1.3588634959851762
318941,Rúben Dias,Defender,2557.0,0.0,0.0,2912.0,1.3948,1.92745906,20,8.0,0.0,7.0,39.0,20.0,30.0,108.0,17.0,75.0,101.0,79.0,7.0,,102.49511145874072,0.0490934689088776,0.0678417346108721,0.04789835164835165,0.06619021497252747,0.11408856662087911,0.6868131868131868,0.2403846153846154
322391,Ryan Christie,Midfielder,2918.0,0.0,5.0,1897.0,2.3314,5.44230866,43,13.0,51.0,55.0,86.0,44.0,52.0,231.0,11.0,50.0,196.0,225.0,47.0,,58.50925291295408,0.07190747087045922,0.1678573610006854,0.12289931470743279,0.286890282551397,0.4097895972588298,2.2667369530838166,2.8993147074327883
329417,Timothy Castagne,Defender,2633.0,1.0,3.0,1991.0,1.6162,1.84329406,14,5.0,17.0,18.0,49.0,24.0,38.0,119.0,10.0,57.0,111.0,92.0,10.0,,68.05545005696924,0.0552442081276111,0.06300663327003418,0.08117528879959819,0.09258131893520843,0.1737566077348066,0.7031642390758412,0.9040683073832245
331209,Bernardo Silva,Midfielder,2581.0,6.0,9.0,2304.0,3.7338,7.9742568799999995,34,15.0,38.0,64.0,51.0,23.0,17.0,102.0,4.0,12.0,117.0,118.0,34.0,,80.34095311894615,0.13019837272375048,0.27806397489345214,0.16205729166666666,0.34610489930555555,0.5081621909722221,1.4756944444444444,2.7777777777777777
331737,Youri Tielemans,Midfielder,1642.0,2.0,6.0,1173.0,1.3234,2.16772156,14,6.0,15.0,18.0,41.0,20.0,15.0,97.0,3.0,8.0,98.0,86.0,22.0,,64.29354445797807,0.07253714981729598,0.11881543264311814,0.11282182438192667,0.18480149701619777,0.2976233213981245,1.1935208866155158,1.5345268542199488
333373,Miguel Almirón,Midfielder,1955.0,3.0,1.0,1099.0,4.5478,2.37594101,41,12.0,23.0,24.0,36.0,24.0,10.0,97.0,2.0,12.0,87.0,89.0,27.0,,50.59335038363171,0.2093616368286445,0.10937835851662404,0.41381255686988166,0.2161911747042766,0.6300037315741582,3.7306642402183803,2.1838034576888083
336655,Enes Ünal,Forward,363.0,2.0,2.0,166.0,2.9219,0.13015517999999998,23,11.0,2.0,5.0,6.0,4.0,1.0,10.0,2.0,6.0,25.0,41.0,10.0,,41.15702479338843,0.7244380165289256,0.03226987933884297,1.7601807228915662,0.07840673493975903,1.838587457831325,13.855421686746988,3.0120481927710845
341589,Mahmoud Dahoud,Midfielder,454.0,0.0,1.0,378.0,0.214,0.41205964,6,1.0,2.0,10.0,9.0,4.0,1.0,26.0,1.0,4.0,13.0,25.0,5.0,,74.93392070484582,0.042422907488986784,0.08168583171806168,0.056613756613756616,0.10901048677248679,0.16562424338624337,1.5873015873015872,2.6455026455026456
352668,Tosin Adarabioyo,Defender,1627.0,2.0,0.0,1406.0,0.7303000000000001,0.31126919999999997,14,5.0,1.0,2.0,21.0,11.0,25.0,43.0,11.0,80.0,83.0,51.0,4.0,,77.77504609711124,0.040397664413030124,0.017218333128457282,0.051941678520625895,0.02213863442389758,0.07408031294452347,0.995732574679943,0.1422475106685633
352770,Alex Iwobi,Midfielder,2342.0,5.0,2.0,1420.0,5.65,4.3234891,55,20.0,40.0,53.0,31.0,18.0,15.0,150.0,0.0,6.0,82.0,106.0,29.0,,54.56874466268147,0.21712211784799318,0.16614603714773696,0.397887323943662,0.3044710633802817,0.7023583873239436,3.873239436619718,3.732394366197183
354808,Saïd Benrahma,Midfielder,616.0,0.0,1.0,384.0,1.8314000000000001,0.77891831,19,6.0,14.0,11.0,8.0,4.0,5.0,43.0,0.0,5.0,29.0,49.0,8.0,,56.103896103896105,0.2675746753246753,0.11380299983766233,0.4769270833333334,0.20284330989583332,0.6797703932291667,4.947916666666666,2.864583333333333
355154,Max Lowe,Defender,508.0,0.0,1.0,209.0,0.5792,0.08130554000000001,2,0.0,2.0,2.0,21.0,10.0,5.0,7.0,4.0,14.0,31.0,28.0,0.0,,37.02755905511811,0.10261417322834646,0.01440452480314961,0.27712918660287084,0.03890217224880383,0.31603135885167466,0.9569377990430622,0.9569377990430622
355528,Harry Wilson,Midfielder,1622.0,4.0,6.0,898.0,3.3847,2.73792997,40,13.0,15.0,23.0,21.0,14.0,10.0,78.0,3.0,11.0,81.0,72.0,12.0,,49.82737361282368,0.1878070283600493,0.1519196654130703,0.3769153674832962,0.30489197884187086,0.681807346325167,4.4543429844097995,2.5612472160356345
355796,Jefferson Lerma,Midfielder,2403.0,1.0,1.0,1586.0,2.6534,1.9955509200000001,34,9.0,11.0,24.0,42.0,25.0,36.0,174.0,12.0,64.0,147.0,116.0,14.0,,59.40074906367041,0.09937827715355806,0.07473973483146068,0.1673013871374527,0.12582288272383355,0.29312426986128626,2.1437578814627996,1.5132408575031526
356398,James Maddison,Midfielder,2152.0,4.0,9.0,1884.0,6.4297,6.271733,58,23.0,32.0,68.0,33.0,19.0,13.0,60.0,3.0,8.0,142.0,108.0,34.0,,78.7918215613383,0.268900092936803,0.26229366635687734,0.34127919320594485,0.3328945329087049,0.6741737261146498,3.0785562632696393,3.6093418259023355
358108,Scott McKenna,Defender,417.0,0.0,0.0,246.0,0.2087,0.19481187,2,0.0,0.0,3.0,4.0,0.0,5.0,25.0,4.0,25.0,26.0,7.0,0.0,,53.093525179856115,0.0450431654676259,0.042045727338129495,0.08483739837398374,0.07919181707317073,0.16402921544715449,0.8130081300813009,1.2195121951219512
358218,Harry Toffolo,Defender,1485.0,1.0,3.0,763.0,1.6427,1.15639632,8,5.0,1.0,18.0,26.0,14.0,14.0,57.0,13.0,44.0,54.0,48.0,5.0,,46.24242424242424,0.09955757575757575,0.07008462545454545,0.2152948885976409,0.1515591507208388,0.3668540393184797,1.0484927916120577,2.3591087811271296
358222,Carlton Morris,Forward,2867.0,11.0,4.0,1193.0,11.4049,1.55680192,71,31.0,31.0,22.0,15.0,8.0,1.0,71.0,5.0,53.0,222.0,292.0,53.0,,37.45029647715382,0.35801918381583536,0.04887065671433555,0.9559849119865883,0.1304947124895222,1.0864796244761106,5.951383067896061,1.8440905280804691
358394,Josh Brownhill,Midfielder,2265.0,4.0,2.0,1416.0,1.9356,2.10016568,28,11.0,7.0,34.0,61.0,35.0,34.0,124.0,8.0,40.0,126.0,101.0,14.0,,56.26490066225165,0.0769112582781457,0.0834502919205298,0.1366949152542373,0.14831678531073447,0.2850117005649717,1.977401129943503,2.401129943502825
359272,Sofyan Amrabat,Midfielder,944.0,0.0,0.0,805.0,0.0694,0.37617219,3,0.0,6.0,6.0,27.0,16.0,8.0,60.0,7.0,19.0,48.0,56.0,11.0,,76.74788135593221,0.006616525423728814,0.03586387404661017,0.00862111801242236,0.04672946459627329,0.05535058260869566,0.37267080745341613,0.7453416149068323
359664,Taiwo Awoniyi,Forward,1055.0,6.0,3.0,332.0,4.7334,0.8827019300000001,22,11.0,8.0,10.0,9.0,7.0,1.0,33.0,2.0,9.0,54.0,76.0,11.0,,28.322274881516584,0.40379715639810426,0.07530158644549763,1.425722891566265,0.2658740753012048,1.6915969668674695,6.626506024096386,3.0120481927710845
361420,Dominic Solanke,Forward,3331.0,19.0,3.0,1224.0,19.6343,2.03431915,109,38.0,39.0,39.0,23.0,11.0,7.0,97.0,5.0,43.0,204.0,333.0,81.0,,33.0711498048634,0.5304974482137497,0.054965092614830374,1.604109477124183,0.16620254493464054,1.7703120220588235,8.905228758169935,3.1862745098039214
361790,Donny van de Beek,Midfielder,2.0,0.0,0.0,4.0,0.0365,0.0410784,1,0.0,0.0,1.0,0.0,0.0,0.0,0.0,0.0,0.0,0.0,0.0,0.0,,180.0,1.6424999999999998,1.848528,0.9125,1.02696,1.9394599999999997,25.0,25.0
362682,Joachim Andersen,Defender,3416.0,2.0,3.0,2673.0,1.6807,2.31653415,21,8.0,14.0,20.0,56.0,35.0,41.0,193.0,18.0,202.0,182.0,107.0,6.0,,70.4244730679157,0.044280737704918034,0.06103280840163934,0.06287691732136176,0.08666420314253648,0.14954112046389822,0.7856341189674524,0.7482229704451926
364612,João Palhinha,Midfielder,2709.0,4.0,1.0,1895.0,3.3131,1.00410867,45,14.0,11.0,13.0,152.0,75.0,46.0,195.0,9.0,54.0,259.0,166.0,26.0,,62.95681063122924,0.11006976744186046,0.03335909202657807,0.17483377308707124,0.0529872649076517,0.22782103799472292,2.3746701846965697,0.6860158311345647
365802,Harrison Reed,Midfielder,1324.0,0.0,2.0,917.0,0.2996,1.49467836,9,2.0,5.0,15.0,29.0,18.0,11.0,72.0,9.0,22.0,53.0,75.0,13.0,,62.333836858006045,0.020365558912386707,0.10160200332326284,0.032671755725190835,0.1629965496183206,0.19566830534351143,0.9814612868047983,1.6357688113413305
367228,Oli McBurnie,Forward,1295.0,6.0,3.0,634.0,6.8918,1.99219098,33,17.0,6.0,12.0,17.0,7.0,5.0,41.0,2.0,28.0,160.0,167.0,18.0,,44.06177606177606,0.4789667953667954,0.1384534271814672,1.0870347003154575,0.3142257066246057,1.4012604069400632,5.205047318611988,1.8927444794952681
368134,Matt Targett,Defender,85.0,0.0,0.0,52.0,0.0,0.00743206,0,0.0,0.0,1.0,2.0,0.0,0.0,5.0,0.0,2.0,4.0,4.0,0.0,,55.05882352941177,0.0,0.00786924,0.0,0.014292423076923078,0.014292423076923078,0.0,1.9230769230769231
369674,Amari'i Bell,Defender,1722.0,0.0,0.0,1111.0,0.2604,0.44615622,2,2.0,10.0,8.0,50.0,33.0,25.0,98.0,15.0,55.0,96.0,77.0,5.0,,58.066202090592334,0.013609756097560977,0.023318269337979095,0.02343834383438344,0.04015807560756076,0.06359641944194419,0.18001800180018002,0.7200720072007201
370932,Fred Onyedinma,Midfielder,414.0,0.0,0.0,219.0,0.1644,0.12962157,5,2.0,2.0,2.0,10.0,6.0,1.0,10.0,0.0,13.0,26.0,41.0,10.0,,47.608695652173914,0.03573913043478261,0.02817860217391304,0.07506849315068492,0.05918793150684931,0.13425642465753423,2.28310502283105,0.91324200913242
371222,Saša Lukić,Midfielder,1133.0,1.0,0.0,663.0,1.6081,0.47394607,13,3.0,5.0,11.0,33.0,19.0,16.0,65.0,5.0,18.0,58.0,69.0,10.0,,52.665489849955875,0.1277396293027361,0.037647966725507506,0.24254901960784314,0.07148507843137254,0.31403409803921567,1.9607843137254901,1.6591251885369533
372336,Jacob Murphy,Forward,1200.0,3.0,7.0,710.0,2.1527000000000003,3.42355687,30,10.0,13.0,31.0,20.0,10.0,6.0,66.0,0.0,13.0,52.0,58.0,14.0,,53.25,0.16145250000000003,0.25676676525,0.3031971830985916,0.4821911084507043,0.7853882915492957,4.225352112676056,4.366197183098591
372342,Reece Burke,Defender,1663.0,0.0,4.0,951.0,1.3064,0.90607675,13,4.0,4.0,13.0,37.0,23.0,18.0,62.0,18.0,73.0,99.0,72.0,5.0,,51.46722790138305,0.07070114251352977,0.049036023752254965,0.13737118822292324,0.09527620925341745,0.2326473974763407,1.3669821240799158,1.3669821240799158
372344,Dominic Calvert-Lewin,Forward,2185.0,7.0,2.0,804.0,12.9341,1.59303668,73,31.0,14.0,19.0,13.0,6.0,4.0,46.0,4.0,38.0,196.0,237.0,25.0,,33.11670480549199,0.5327546910755149,0.06561707148741418,1.6087189054726367,0.19813889054726366,1.8068577960199006,9.07960199004975,2.36318407960199
383560,Manuel Akanji,Defender,2514.0,2.0,0.0,2589.0,1.8931,1.77674402,15,5.0,2.0,13.0,42.0,28.0,23.0,142.0,12.0,61.0,90.0,72.0,9.0,,92.68496420047732,0.06777207637231504,0.0636065878281623,0.07312089609887988,0.06862665198918501,0.1417475480880649,0.5793742757821553,0.5021243723445346
387116,Pelly Ruddock Mpanzu,Midfielder,1119.0,0.0,0.0,518.0,0.6373,1.36380543,11,1.0,9.0,6.0,13.0,5.0,9.0,54.0,7.0,16.0,48.0,54.0,16.0,,41.66219839142091,0.05125737265415549,0.10968944477211795,0.12303088803088803,0.26328290154440154,0.3863137895752896,2.1235521235521233,1.1583011583011582
547410,Martin Ødegaard,Midfielder,3098.0,8.0,10.0,2463.0,7.4039,11.1667995,77,23.0,37.0,102.0,49.0,17.0,15.0,158.0,1.0,5.0,125.0,176.0,58.0,,71.5526145900581,0.2150907036797934,0.3244066994835378,0.3006049533089728,0.45338203410475025,0.753986987413723,3.126268777913114,4.141291108404385
548050,Saman Ghoddos,Midfielder,792.0,1.0,0.0,558.0,0.30069999999999997,1.04996573,9,2.0,3.0,9.0,28.0,19.0,5.0,39.0,2.0,9.0,44.0,51.0,4.0,,63.409090909090914,0.03417045454545454,0.1193142875,0.05388888888888889,0.18816590143369177,0.24205479032258065,1.6129032258064515,1.6129032258064515
548188,Lewis Cook,Midfielder,2792.0,0.0,3.0,1855.0,0.3928,2.96035863,12,4.0,21.0,47.0,61.0,41.0,65.0,228.0,11.0,43.0,140.0,129.0,19.0,,59.7958452722063,0.01266189111747851,0.09542703320200573,0.02117520215633423,0.15958806630727762,0.18076326846361185,0.646900269541779,2.533692722371968
548660,Philip Billing,Midfielder,1411.0,2.0,2.0,805.0,2.4672,2.13654858,30,8.0,12.0,23.0,33.0,16.0,20.0,76.0,5.0,27.0,93.0,96.0,17.0,,51.346562721474136,0.15736924167257263,0.13627878965272855,0.3064844720496894,0.26540976149068324,0.5718942335403726,3.7267080745341614,2.857142857142857
552632,Benson Manuel,Midfielder,133.0,0.0,0.0,92.0,0.0615,0.19902475,4,2.0,4.0,1.0,3.0,2.0,0.0,6.0,0.0,0.0,11.0,15.0,4.0,,62.25563909774436,0.04161654135338346,0.1346784022556391,0.06684782608695652,0.21633124999999997,0.2831790760869565,4.3478260869565215,1.0869565217391304
552884,Jarrod Bowen,Midfielder,3020.0,16.0,6.0,1226.0,11.645299999999999,4.80252073,84,37.0,34.0,32.0,42.0,28.0,19.0,118.0,5.0,12.0,151.0,231.0,58.0,,36.5364238410596,0.3470453642384106,0.14312147870860928,0.9498613376835237,0.3917227349102773,1.3415840725938009,6.851549755301795,2.6101141924959217
553606,Guglielmo Vicario,Goalkeeper,3420.0,0.0,0.0,1779.0,0.0,0.01262408,0,0.0,0.0,0.0,0.0,0.0,1.0,287.0,0.0,46.0,29.0,2.0,0.0,,46.815789473684205,0.0,0.0003322126315789473,0.0,0.0007096166385609893,0.0007096166385609893,0.0,0.0
555386,Ollie Watkins,Forward,3221.0,19.0,13.0,1075.0,16.9325,4.16089233,107,47.0,26.0,45.0,12.0,7.0,4.0,64.0,4.0,19.0,128.0,194.0,57.0,,30.03725551071096,0.47312170133498915,0.11626212657559765,1.5751162790697677,0.387059751627907,1.9621760306976745,9.953488372093023,4.186046511627907
556904,Marvelous Nakamba,Midfielder,1134.0,0.0,0.0,571.0,0.1869,0.49104289,5,0.0,3.0,7.0,40.0,24.0,11.0,90.0,6.0,11.0,56.0,57.0,4.0,,45.317460317460316,0.014833333333333334,0.038971657936507934,0.03273204903677759,0.08599700350262697,0.11872905253940455,0.8756567425569177,1.2259194395796849
560128,Joelinton,Midfielder,1282.0,2.0,1.0,885.0,3.0893,1.13515177,19,9.0,17.0,23.0,39.0,27.0,19.0,85.0,7.0,10.0,97.0,122.0,28.0,,62.129485179407176,0.21687753510140406,0.07969084188767551,0.3490734463276836,0.12826573672316385,0.47733918305084744,2.1468926553672314,2.598870056497175
566102,Davinson Sánchez,Defender,76.0,0.0,0.0,84.0,0.1205,0.0281999,1,0.0,0.0,0.0,0.0,0.0,1.0,4.0,2.0,2.0,4.0,3.0,0.0,,99.47368421052633,0.14269736842105263,0.03339461842105263,0.14345238095238097,0.033571309523809524,0.17702369047619046,1.1904761904761905,0.0
576384,Kristoffer Ajer,Defender,1861.0,2.0,1.0,1077.0,1.3118,2.6916920899999996,12,4.0,10.0,12.0,38.0,21.0,25.0,60.0,11.0,78.0,121.0,69.0,6.0,,52.084900591080064,0.06344008597528211,0.13017318006448145,0.1218012999071495,0.24992498514391825,0.37172628505106775,1.1142061281337048,1.1142061281337048
580550,Clément Lenglet,Defender,1155.0,0.0,1.0,1043.0,0.8628,0.51936559,8,2.0,3.0,2.0,13.0,9.0,7.0,37.0,11.0,47.0,43.0,25.0,3.0,,81.27272727272728,0.06723116883116884,0.04047004597402598,0.0827229146692234,0.0497953585810163,0.13251827325023968,0.7670182166826461,0.19175455417066153
581310,David Raya,Goalkeeper,2880.0,0.0,0.0,1176.0,0.0,0.07416193,0,0.0,0.0,0.0,1.0,1.0,0.0,271.0,0.0,13.0,11.0,1.0,0.0,,36.75,0.0,0.0023175603125,0.0,0.006306286564625851,0.006306286564625851,0.0,0.0
581610,Remi Matthews,Goalkeeper,16.0,0.0,0.0,7.0,0.0,0.0,0,0.0,0.0,0.0,0.0,0.0,0.0,1.0,0.0,1.0,1.0,0.0,0.0,,39.375,0.0,0.0,0.0,0.0,0.0,0.0,0.0
599128,Rico Henry,Defender,402.0,0.0,1.0,251.0,0.0801,0.78156439,2,0.0,7.0,6.0,7.0,5.0,5.0,24.0,3.0,5.0,24.0,18.0,7.0,,56.19402985074627,0.017932835820895526,0.17497710223880597,0.031912350597609565,0.311380235059761,0.34329258565737053,0.796812749003984,2.3904382470119523
604232,Diego Carlos,Defender,1827.0,0.0,0.0,1535.0,1.9477,0.37216673000000006,10,1.0,2.0,3.0,27.0,16.0,13.0,78.0,19.0,78.0,54.0,66.0,4.0,,75.61576354679804,0.09594581280788178,0.018333336453201975,0.12688599348534202,0.024245389576547236,0.15113138306188928,0.6514657980456027,0.19543973941368079
606164,Diogo Jota,Forward,1156.0,10.0,3.0,644.0,5.3153,1.7443118,41,20.0,15.0,22.0,23.0,13.0,7.0,48.0,1.0,4.0,76.0,115.0,18.0,,50.13840830449827,0.4138209342560554,0.13580282179930797,0.8253571428571428,0.27085586956521734,1.0962130124223601,6.366459627329192,3.4161490683229814
754698,Ben Godfrey,Defender,1129.0,0.0,0.0,681.0,1.78,0.47199793,15,4.0,5.0,3.0,30.0,20.0,16.0,45.0,8.0,51.0,66.0,60.0,6.0,,54.28697962798937,0.14189548272807795,0.03762605287865368,0.2613803230543319,0.06930953450807635,0.3306898575624082,2.2026431718061676,0.4405286343612335
758168,Moussa Niakhaté,Defender,1465.0,1.0,0.0,945.0,1.0796000000000001,0.26126601,5,1.0,3.0,3.0,42.0,25.0,14.0,98.0,12.0,49.0,64.0,24.0,3.0,,58.05460750853243,0.0663235494880546,0.016050471604095562,0.11424338624338626,0.027647196825396826,0.14189058306878308,0.5291005291005291,0.31746031746031744
769333,Christopher Nkunku,Forward,438.0,3.0,0.0,263.0,2.3,0.48007018,16,9.0,2.0,3.0,5.0,4.0,2.0,12.0,1.0,4.0,24.0,28.0,8.0,,54.04109589041096,0.47260273972602734,0.09864455753424657,0.8745247148288973,0.18253619011406844,1.0570609049429658,6.083650190114068,1.1406844106463878
781544,Mason Holgate,Defender,713.0,0.0,0.0,307.0,0.6486999999999999,0.20624545,3,0.0,1.0,1.0,12.0,7.0,11.0,30.0,5.0,39.0,26.0,24.0,1.0,,38.75175315568023,0.0818835904628331,0.026033787517531555,0.21130293159609118,0.06718092833876221,0.2784838599348534,0.9771986970684038,0.32573289902280134
786028,Kalvin Phillips,Midfielder,403.0,0.0,0.0,320.0,0.1601,0.11798156,5,2.0,2.0,0.0,14.0,9.0,6.0,31.0,1.0,4.0,30.0,33.0,5.0,,71.46401985111663,0.03575434243176178,0.02634823920595533,0.05003125,0.0368692375,0.0869004875,1.5625,0.0
786186,Hwang Hee-chan,Forward,2124.0,12.0,3.0,880.0,7.685,2.87409071,45,18.0,36.0,17.0,20.0,10.0,10.0,75.0,1.0,8.0,95.0,148.0,31.0,,37.28813559322034,0.32563559322033897,0.12178350466101695,0.8732954545454545,0.32660121704545453,1.199896671590909,5.113636363636364,1.9318181818181817
786259,Kostas Tsimikas,Defender,701.0,0.0,3.0,596.0,0.10139999999999999,1.2514573,3,0.0,4.0,16.0,19.0,13.0,6.0,43.0,1.0,9.0,33.0,44.0,4.0,,76.51925820256776,0.013018544935805992,0.16067212125534952,0.017013422818791944,0.20997605704697986,0.22698947986577178,0.5033557046979865,2.684563758389262
787498,André Onana,Goalkeeper,3420.0,0.0,0.0,1750.0,0.0,0.09709275,0,0.0,1.0,3.0,2.0,0.0,0.0,287.0,0.0,24.0,21.0,3.0,0.0,,46.05263157894737,0.0,0.002555072368421053,0.0,0.005548157142857143,0.005548157142857143,0.0,0.17142857142857143
788134,Dean Henderson,Goalkeeper,1620.0,0.0,0.0,577.0,0.0,0.02537809,0,0.0,0.0,0.0,1.0,1.0,0.0,121.0,0.0,22.0,7.0,1.0,0.0,,32.05555555555556,0.0,0.0014098938888888889,0.0,0.004398282495667244,0.004398282495667244,0.0,0.0
788170,Fodé Ballo-Touré,Defender,80.0,0.0,0.0,98.0,0.0,0.0051283299999999995,0,0.0,3.0,0.0,4.0,2.0,3.0,6.0,0.0,2.0,9.0,9.0,0.0,,110.25000000000001,0.0,0.00576937125,0.0,0.005232989795918366,0.005232989795918366,0.0,0.0
791190,Rodrigo Bentancur,Midfielder,1019.0,1.0,1.0,990.0,1.9023,1.0624047,18,5.0,11.0,8.0,23.0,15.0,17.0,54.0,4.0,16.0,65.0,83.0,19.0,,87.43866535819431,0.16801472031403336,0.09383358488714426,0.19215151515151518,0.10731360606060607,0.29946512121212127,1.8181818181818181,0.8080808080808081
792122,Josh Cullen,Midfielder,2068.0,2.0,3.0,1623.0,0.5915,2.29559017,16,5.0,3.0,26.0,42.0,29.0,15.0,141.0,19.0,24.0,113.0,82.0,10.0,,70.63346228239845,0.025742263056092844,0.09990479463249516,0.03644485520640789,0.14144116882316699,0.17788602402957485,0.9858287122612447,1.6019716574245224
793167,Sander Berge,Midfielder,3005.0,1.0,2.0,1964.0,1.9437,1.6363204,25,3.0,20.0,29.0,76.0,46.0,23.0,202.0,20.0,58.0,179.0,150.0,23.0,,58.82196339434276,0.05821397670549085,0.04900793211314476,0.09896639511201628,0.08331570264765784,0.18228209775967413,1.2729124236252547,1.4765784114052953
793988,Orel Mangala,Midfielder,1580.0,1.0,0.0,866.0,0.838,0.29723309,10,1.0,13.0,6.0,27.0,13.0,26.0,74.0,6.0,28.0,70.0,72.0,18.0,,49.32911392405064,0.04773417721518987,0.016930998797468354,0.09676674364896073,0.03432252771362586,0.13108927136258658,1.1547344110854503,0.6928406466512702
794839,Gabriel Jesus,Forward,1499.0,4.0,5.0,886.0,6.3788,3.2408696,55,19.0,35.0,29.0,24.0,17.0,13.0,59.0,1.0,11.0,106.0,142.0,38.0,,53.19546364242829,0.3829833222148099,0.19458189726484323,0.7199548532731377,0.36578663656884874,1.0857414898419864,6.207674943566591,3.2731376975169297
794939,Marc Cucurella,Defender,1784.0,0.0,2.0,1492.0,1.1266,1.20695362,8,4.0,4.0,19.0,62.0,38.0,22.0,96.0,13.0,33.0,123.0,83.0,6.0,,75.26905829596413,0.05683520179372198,0.060888915807174884,0.07550938337801609,0.0808950147453083,0.1564043981233244,0.5361930294906166,1.2734584450402144
795058,Tom Davies,Midfielder,214.0,0.0,0.0,147.0,0.3556,0.18190941000000002,4,1.0,2.0,1.0,10.0,5.0,3.0,21.0,1.0,5.0,17.0,24.0,4.0,,61.822429906542055,0.14955140186915888,0.07650395747663552,0.24190476190476193,0.12374789795918369,0.36565265986394563,2.7210884353741496,0.6802721088435374
795064,Trent Alexander-Arnold,Defender,2159.0,3.0,4.0,2366.0,2.612,6.093954399999999,47,8.0,28.0,64.0,39.0,26.0,31.0,176.0,2.0,42.0,84.0,102.0,6.0,,98.62899490504863,0.1088837424733673,0.2540323742473367,0.11039729501267964,0.25756358410819946,0.3679608791208791,1.9864750633981403,2.7049873203719357
795228,Odsonne Édouard,Forward,1583.0,7.0,0.0,664.0,6.2487,1.07999837,51,19.0,19.0,18.0,24.0,12.0,6.0,38.0,1.0,18.0,95.0,149.0,26.0,,37.751105495893874,0.3552640555906507,0.061402307833228045,0.9410692771084339,0.16265035692771085,1.1037196340361446,7.680722891566265,2.710843373493976
798835,Giovani Lo Celso,Midfielder,547.0,2.0,2.0,617.0,0.5723,1.90993101,13,6.0,8.0,18.0,22.0,13.0,5.0,46.0,1.0,2.0,57.0,32.0,7.0,,101.51736745886654,0.09416270566727605,0.3142482466179159,0.09275526742301458,0.30955121717990275,0.40230648460291735,2.106969205834684,2.9173419773095626
799041,Tomáš Souček,Midfielder,2881.0,7.0,2.0,1389.0,6.7258,1.19027535,43,15.0,4.0,20.0,53.0,35.0,37.0,151.0,28.0,107.0,189.0,161.0,12.0,,43.39118361679972,0.21010829573064907,0.037183193856299895,0.4842188624910007,0.08569296976241901,0.5699118322534197,3.095752339812815,1.4398848092152627
799251,Mathias Jensen,Midfielder,2217.0,3.0,3.0,1510.0,0.698,4.75202991,14,7.0,18.0,41.0,54.0,32.0,23.0,123.0,6.0,24.0,96.0,148.0,18.0,,61.299052774018946,0.02833558863328823,0.19291055115020297,0.0462251655629139,0.3147039675496689,0.36092913311258273,0.9271523178807948,2.7152317880794703
800417,Ola Aina,Defender,1719.0,1.0,1.0,1090.0,0.2721,1.0314379,11,1.0,27.0,11.0,47.0,31.0,18.0,97.0,3.0,41.0,116.0,65.0,10.0,,57.068062827225134,0.01424607329842932,0.054001984293193715,0.024963302752293578,0.09462733027522936,0.11959063302752293,1.0091743119266057,1.0091743119266057
800419,Tyler Adams,Midfielder,118.0,0.0,0.0,96.0,0.0,0.025266410000000003,0,0.0,2.0,1.0,4.0,3.0,4.0,7.0,0.0,2.0,11.0,4.0,0.0,,73.22033898305085,0.0,0.019270990677966105,0.0,0.02631917708333334,0.02631917708333334,0.0,1.0416666666666665
802695,Ben Chilwell,Defender,756.0,0.0,1.0,629.0,1.2163,1.79834189,12,4.0,7.0,14.0,15.0,10.0,4.0,33.0,3.0,17.0,46.0,41.0,5.0,,74.88095238095238,0.14479761904761904,0.21408832023809524,0.1933704292527822,0.2859049109697933,0.47927534022257556,1.9077901430842605,2.2257551669316373
803174,Antonee Robinson,Defender,3270.0,0.0,6.0,2650.0,0.6846,3.74265838,16,7.0,37.0,34.0,93.0,58.0,80.0,227.0,8.0,109.0,192.0,169.0,16.0,,72.93577981651376,0.018842201834862383,0.10300894623853211,0.025833962264150943,0.14123239169811322,0.16706635396226416,0.6037735849056604,1.2830188679245282
804434,Takehiro Tomiyasu,Defender,1143.0,2.0,1.0,849.0,1.5694,0.83129736,17,3.0,4.0,6.0,20.0,9.0,18.0,54.0,4.0,30.0,57.0,50.0,3.0,,66.8503937007874,0.1235748031496063,0.06545648503937007,0.1848527679623086,0.09791488339222615,0.28276765135453474,2.0023557126030624,0.7067137809187279
804613,Connor Roberts,Defender,819.0,0.0,1.0,571.0,0.0,0.35067929,0,0.0,0.0,7.0,12.0,5.0,4.0,40.0,6.0,22.0,27.0,24.0,1.0,,62.747252747252745,0.0,0.03853618571428571,0.0,0.061414936952714536,0.061414936952714536,0.0,1.2259194395796849
805123,Yoane Wissa,Forward,2508.0,12.0,3.0,836.0,10.565900000000001,2.02578434,67,26.0,20.0,30.0,28.0,16.0,9.0,99.0,3.0,13.0,137.0,141.0,20.0,,30.0,0.37915909090909095,0.07269561028708134,1.2638636363636364,0.2423187009569378,1.5061823373205743,8.014354066985646,3.588516746411483
805465,Pervis Estupiñán,Midfielder,1244.0,2.0,3.0,1147.0,0.9568,2.34293254,11,6.0,9.0,26.0,26.0,13.0,21.0,90.0,4.0,20.0,64.0,67.0,6.0,,82.98231511254019,0.06922186495176849,0.169504765755627,0.08341761115954664,0.20426613251961642,0.28768374367916305,0.959023539668701,2.2667829119442024
808590,Leon Bailey,Midfielder,2072.0,10.0,9.0,1159.0,6.3259,7.275320750000001,53,18.0,57.0,52.0,13.0,7.0,9.0,107.0,1.0,4.0,110.0,156.0,41.0,,50.342664092664094,0.27477364864864867,0.31601296694015446,0.5458067299396031,0.6277239646246765,1.1735306945642796,4.57290767903365,4.486626402070751
809276,Jacob Bruun Larsen,Forward,1279.0,6.0,0.0,755.0,5.0017000000000005,1.78596247,44,16.0,20.0,25.0,9.0,4.0,7.0,64.0,2.0,21.0,48.0,96.0,10.0,,53.12744331508991,0.3519569976544175,0.12567366872556687,0.662476821192053,0.23655132052980135,0.8990281417218544,5.827814569536424,3.3112582781456954
814590,Marcus Rashford,Forward,2291.0,7.0,2.0,1131.0,6.686,2.73461063,62,21.0,48.0,26.0,19.0,12.0,4.0,81.0,1.0,20.0,103.0,147.0,38.0,,44.43037974683544,0.2626538629419467,0.10742686892186819,0.591158267020336,0.24178696993810786,0.8329452369584439,5.4818744473916885,2.2988505747126435
814873,Vitaly Janelt,Midfielder,3069.0,1.0,3.0,1759.0,1.755,3.6790572,21,7.0,8.0,37.0,63.0,38.0,36.0,189.0,9.0,57.0,133.0,100.0,10.0,,51.58357771260997,0.05146627565982405,0.10789024046920821,0.09977259806708356,0.20915617964752697,0.3089287777146106,1.1938601478112563,2.1034678794769754
815202,Ionuț Radu,Goalkeeper,180.0,0.0,0.0,76.0,0.0,0.0004735,0,0.0,0.0,0.0,0.0,0.0,0.0,15.0,0.0,1.0,0.0,0.0,0.0,,38.0,0.0,0.00023674999999999998,0.0,0.0006230263157894737,0.0006230263157894737,0.0,0.0
816763,Pablo Fornals,Midfielder,452.0,0.0,0.0,296.0,0.3107,0.3356794,7,3.0,6.0,5.0,10.0,6.0,6.0,26.0,1.0,5.0,24.0,33.0,8.0,,58.93805309734513,0.06186504424778761,0.0668388185840708,0.1049662162162162,0.11340520270270271,0.21837141891891892,2.364864864864865,1.6891891891891893
822459,Auston Trusty,Defender,2604.0,0.0,0.0,1299.0,0.3845,0.78211237,8,2.0,6.0,8.0,47.0,30.0,35.0,89.0,22.0,145.0,127.0,104.0,4.0,,44.896313364055295,0.013289170506912442,0.02703153352534562,0.029599692070823712,0.06020880446497306,0.08980849653579677,0.6158583525789069,0.6158583525789069
822933,Gonzalo Montiel,Defender,809.0,0.0,2.0,487.0,0.1284,0.86108361,3,0.0,1.0,9.0,22.0,19.0,9.0,42.0,3.0,30.0,36.0,30.0,3.0,,54.17799752781211,0.014284301606922125,0.09579422113720644,0.026365503080082134,0.17681388295687886,0.20317938603696098,0.6160164271047228,1.8480492813141685
823941,Alexander Isak,Forward,2265.0,21.0,2.0,803.0,20.2942,2.77440505,78,43.0,42.0,27.0,5.0,0.0,6.0,38.0,1.0,12.0,72.0,109.0,23.0,,31.907284768211923,0.8063920529801325,0.11024126026490066,2.5272976338729762,0.3455049875466999,2.8728026214196762,9.71357409713574,3.3623910336239105
825550,Joe Johnson,Defender,75.0,0.0,0.0,37.0,0.0,0.00242734,0,0.0,0.0,0.0,0.0,0.0,0.0,3.0,0.0,0.0,0.0,4.0,1.0,,44.4,0.0,0.002912808,0.0,0.0065603783783783785,0.0065603783783783785,0.0,0.0
825719,Issa Diop,Defender,1426.0,0.0,0.0,1273.0,0.2559,0.42353136999999996,5,1.0,1.0,0.0,30.0,16.0,17.0,65.0,19.0,80.0,60.0,43.0,5.0,,80.34361851332399,0.0161507713884993,0.02673059137447405,0.020102120974076983,0.03327033542812254,0.05337245640219953,0.3927729772191673,0.0
825845,Tahith Chong,Midfielder,1993.0,4.0,0.0,931.0,2.7301,1.38222961,31,7.0,25.0,11.0,36.0,22.0,8.0,104.0,6.0,10.0,134.0,130.0,40.0,,42.042147516307075,0.12328600100351231,0.06241879824385349,0.2932438238453276,0.14846719763694952,0.4417110214822771,3.329752953813104,1.1815252416756177
825899,Anel Ahmedhodžić,Defender,2650.0,2.0,0.0,1386.0,3.1489,0.58440292,19,5.0,11.0,7.0,64.0,36.0,34.0,106.0,26.0,134.0,140.0,108.0,11.0,,47.07169811320755,0.10694377358490564,0.019847646339622643,0.22719336219336217,0.042164712842712844,0.269358075036075,1.3708513708513708,0.5050505050505051
826057,Mads Roerslev,Defender,2009.0,1.0,2.0,1016.0,0.9480999999999999,1.40861411,7,1.0,11.0,15.0,48.0,31.0,19.0,82.0,3.0,61.0,88.0,94.0,15.0,,45.515181682429066,0.042473369835739176,0.06310366844201096,0.09331692913385825,0.13864312106299212,0.2319600501968504,0.6889763779527559,1.4763779527559056
826134,Trevoh Chalobah,Defender,950.0,1.0,0.0,897.0,0.20229999999999998,0.3519375,2,2.0,1.0,3.0,16.0,12.0,8.0,46.0,7.0,49.0,39.0,34.0,3.0,,84.97894736842106,0.019165263157894737,0.033341447368421054,0.022552954292084725,0.03923494983277592,0.06178790412486064,0.2229654403567447,0.33444816053511706
826139,Reiss Nelson,Midfielder,276.0,0.0,0.0,203.0,0.2106,0.44318707,4,1.0,1.0,5.0,9.0,6.0,1.0,22.0,1.0,5.0,16.0,22.0,4.0,,66.19565217391305,0.06867391304347827,0.14451752282608696,0.10374384236453203,0.21831875369458129,0.3220625960591133,1.9704433497536946,2.4630541871921183
826169,Hannes Delcroix,Defender,602.0,0.0,0.0,430.0,0.3543,0.11765689000000001,4,2.0,3.0,4.0,10.0,6.0,9.0,29.0,3.0,23.0,21.0,21.0,3.0,,64.28571428571429,0.05296843853820598,0.017589900498338872,0.08239534883720931,0.02736206744186047,0.10975741627906976,0.9302325581395349,0.9302325581395349
826183,Mike Trésor,Midfielder,436.0,0.0,0.0,258.0,0.46399999999999997,0.54479649,5,0.0,11.0,7.0,10.0,6.0,1.0,28.0,0.0,1.0,25.0,36.0,6.0,,53.25688073394495,0.09577981651376145,0.11245799105504586,0.17984496124031005,0.21116143023255812,0.3910063914728682,1.937984496124031,2.7131782945736433
826204,Boubacar Kamara,Midfielder,1660.0,0.0,1.0,1264.0,0.12840000000000001,1.39642538,5,1.0,14.0,20.0,43.0,29.0,21.0,97.0,7.0,15.0,105.0,108.0,13.0,,68.53012048192771,0.006961445783132531,0.07570980975903614,0.010158227848101267,0.11047669145569619,0.12063491930379747,0.39556962025316456,1.5822784810126582
826215,Ibrahima Konaté,Defender,1584.0,0.0,0.0,1662.0,0.6812,0.54451924,11,2.0,6.0,8.0,36.0,22.0,20.0,97.0,12.0,51.0,132.0,68.0,5.0,,94.43181818181819,0.03870454545454546,0.030938593181818182,0.04098676293622142,0.03276289049338147,0.0737496534296029,0.6618531889290011,0.48134777376654636
827064,Arnaut Danjuma,Forward,595.0,1.0,0.0,243.0,2.6195,0.40922078,25,9.0,8.0,6.0,6.0,4.0,3.0,25.0,0.0,0.0,22.0,32.0,7.0,,36.7563025210084,0.39622689075630246,0.06189894151260504,1.0779835390946502,0.1684036131687243,1.2463871522633745,10.2880658436214,2.4691358024691357
827243,Axel Disasi,Defender,2590.0,2.0,0.0,2546.0,2.4284,0.98454953,16,4.0,12.0,3.0,33.0,19.0,18.0,150.0,19.0,97.0,134.0,71.0,12.0,,88.47104247104247,0.08438455598455598,0.03421214583011583,0.09538098978790259,0.03867044501178319,0.1340514347996858,0.6284367635506678,0.1178318931657502
827362,Caoimhin Kelleher,Goalkeeper,900.0,0.0,0.0,485.0,0.0,0.01215748,0,0.0,0.0,1.0,0.0,0.0,0.0,73.0,0.0,7.0,4.0,0.0,0.0,,48.5,0.0,0.001215748,0.0,0.0025066969072164947,0.0025066969072164947,0.0,0.2061855670103093
827606,Rodri,Midfielder,2938.0,8.0,9.0,4116.0,4.0666,6.102575,62,22.0,42.0,50.0,70.0,43.0,26.0,235.0,8.0,40.0,201.0,139.0,32.0,,126.08577263444519,0.12457249829816203,0.18694069094622193,0.09879980563654034,0.1482646987366375,0.2470645043731778,1.5063168124392614,1.2147716229348884
827679,Ezri Konsa,Defender,3073.0,1.0,0.0,2476.0,2.4728,1.02738738,19,5.0,19.0,8.0,54.0,32.0,28.0,142.0,20.0,68.0,167.0,53.0,17.0,,72.51545720794013,0.07242173771558737,0.030089444907256752,0.09987075928917608,0.04149383602584814,0.1413645953150242,0.7673667205169629,0.32310177705977383
829022,Konstantinos Mavropanos,Defender,1501.0,1.0,0.0,850.0,1.2284,0.11758438,12,3.0,2.0,3.0,28.0,16.0,23.0,70.0,13.0,78.0,84.0,44.0,0.0,,50.966022651565616,0.07365489673550965,0.007050362558294471,0.14451764705882353,0.013833456470588236,0.15835110352941176,1.411764705882353,0.35294117647058826
829570,Jack Harrison,Forward,2225.0,3.0,3.0,1032.0,3.5708,3.30088302,34,9.0,29.0,28.0,37.0,22.0,12.0,129.0,5.0,21.0,106.0,151.0,41.0,,41.7438202247191,0.1444368539325843,0.13351886373033708,0.34600775193798455,0.3198530058139535,0.6658607577519381,3.2945736434108532,2.7131782945736433
829932,Cristian Romero,Defender,2792.0,5.0,0.0,2981.0,3.4528,1.51732018,24,10.0,5.0,7.0,66.0,40.0,44.0,189.0,22.0,100.0,182.0,86.0,4.0,,96.09240687679082,0.11130085959885386,0.04891075078796562,0.11582690372358267,0.05089970412613217,0.16672660784971488,0.8050989600805099,0.23482053002348205
830659,Marcos Senesi,Defender,2268.0,4.0,5.0,1668.0,2.0228,2.50474181,13,4.0,11.0,22.0,55.0,32.0,35.0,164.0,23.0,105.0,114.0,131.0,11.0,,66.19047619047619,0.08026984126984128,0.09939451626984128,0.12127098321342926,0.15016437709832134,0.27143536031175064,0.7793764988009593,1.3189448441247003
833943,Matt Turner,Goalkeeper,1530.0,0.0,0.0,685.0,0.0,0.02394201,0,0.0,0.0,0.0,0.0,0.0,0.0,158.0,0.0,13.0,7.0,0.0,0.0,,40.294117647058826,0.0,0.0014083535294117646,0.0,0.0034951839416058395,0.0034951839416058395,0.0,0.0
833956,Matty Cash,Defender,2142.0,2.0,2.0,1558.0,4.2789,2.46307685,33,13.0,12.0,13.0,54.0,31.0,18.0,110.0,14.0,52.0,103.0,114.0,15.0,,65.46218487394958,0.17978571428571427,0.10349062394957984,0.2746405648267009,0.15809222400513478,0.4327327888318357,2.1181001283697047,0.8344030808729139
836070,Luis Sinisterra,Forward,700.0,2.0,2.0,484.0,2.5421,1.06882346,27,9.0,29.0,20.0,23.0,12.0,8.0,47.0,0.0,4.0,74.0,66.0,10.0,,62.22857142857143,0.32684142857142856,0.13742015914285713,0.5252272727272727,0.22083129338842977,0.7460585661157024,5.578512396694215,4.132231404958678
836694,Mason Mount,Forward,541.0,1.0,0.0,311.0,0.3892,0.37303138,5,1.0,4.0,6.0,22.0,14.0,6.0,37.0,1.0,3.0,41.0,41.0,6.0,,51.73752310536044,0.06474676524953789,0.06205697634011091,0.12514469453376204,0.11994578135048233,0.24509047588424435,1.607717041800643,1.929260450160772
836705,Kai Havertz,Forward,2639.0,13.0,7.0,1371.0,12.3444,4.31829326,69,28.0,16.0,46.0,35.0,15.0,20.0,122.0,1.0,22.0,197.0,220.0,35.0,,46.75634710117468,0.4209912845774915,0.14727032716938232,0.9003938730853391,0.31497397957695117,1.2153678526622904,5.032822757111598,3.3552151714077314
837495,Gustavo Hamer,Midfielder,2923.0,4.0,6.0,1478.0,2.9823,4.5549564,49,15.0,28.0,71.0,39.0,21.0,29.0,162.0,9.0,32.0,90.0,154.0,17.0,,45.50803968525487,0.09182586383852205,0.14024840095791996,0.20177943166441137,0.3081837889039242,0.5099632205683357,3.3152909336941816,4.803788903924222
838399,Joe Worrall,Defender,439.0,0.0,0.0,220.0,0.1178,0.31242458,2,0.0,0.0,2.0,7.0,5.0,3.0,18.0,4.0,31.0,21.0,16.0,0.0,,45.10250569476082,0.024150341685649203,0.06405059726651481,0.05354545454545454,0.14201117272727273,0.19555662727272727,0.9090909090909091,0.9090909090909091
839410,Aaron Ramsdale,Goalkeeper,540.0,0.0,0.0,210.0,0.0,0.0114844,0,0.0,0.0,0.0,0.0,0.0,0.0,53.0,0.0,3.0,1.0,0.0,0.0,,35.0,0.0,0.0019140666666666668,0.0,0.005468761904761905,0.005468761904761905,0.0,0.0
839956,Erling Haaland,Forward,2556.0,27.0,5.0,697.0,29.3206,2.22009201,121,59.0,12.0,29.0,6.0,3.0,2.0,47.0,1.0,16.0,88.0,96.0,19.0,,24.54225352112676,1.0324154929577465,0.07817225387323944,4.206685796269728,0.3185210918220947,4.525206888091822,17.360114777618367,4.160688665710186
839981,Lucas Paquetá,Midfielder,2634.0,4.0,6.0,2036.0,5.3873999999999995,5.10331053,42,11.0,41.0,44.0,71.0,48.0,21.0,194.0,1.0,25.0,237.0,239.0,81.0,,69.56719817767654,0.18407972665148062,0.1743727971526196,0.26460707269155204,0.25065375884086444,0.5152608315324164,2.06286836935167,2.161100196463654
840217,Richarlison,Forward,1510.0,11.0,4.0,734.0,9.5878,1.44956707,62,25.0,10.0,16.0,16.0,11.0,8.0,42.0,6.0,23.0,81.0,148.0,40.0,,43.74834437086093,0.5714582781456954,0.08639803728476822,1.3062397820163487,0.19748870163487736,1.5037284836512261,8.446866485013624,2.17983651226158
841005,Mads Andersen,Defender,399.0,1.0,0.0,186.0,0.2608,0.01088925,3,1.0,0.0,0.0,6.0,5.0,8.0,25.0,6.0,29.0,19.0,12.0,0.0,,41.95488721804511,0.05882706766917293,0.002456221804511278,0.14021505376344084,0.0058544354838709674,0.14606948924731183,1.6129032258064515,0.0
842513,Igor Júlio,Defender,1636.0,0.0,0.0,1689.0,0.2742,0.51195495,5,0.0,16.0,7.0,25.0,18.0,14.0,105.0,9.0,45.0,71.0,56.0,6.0,,92.9156479217604,0.015084352078239608,0.02816378086797066,0.016234458259325044,0.03031112788632327,0.04654558614564831,0.2960331557134399,0.4144464179988159
843200,Diogo Dalot,Defender,3174.0,2.0,3.0,2287.0,1.6678,2.38048172,30,7.0,31.0,38.0,81.0,51.0,37.0,195.0,16.0,96.0,158.0,120.0,11.0,,64.84877126654065,0.04729111531190926,0.06749948166351608,0.07292522955837341,0.10408752601661565,0.17701275557498908,1.3117621337997376,1.6615653694796677
843754,Ibrahim Sangaré,Midfielder,1043.0,0.0,0.0,595.0,0.6487999999999999,0.43901978999999997,8,0.0,6.0,7.0,42.0,23.0,16.0,70.0,7.0,19.0,65.0,69.0,8.0,,51.34228187919463,0.055984659635666345,0.037882819846596354,0.10904201680672268,0.07378483865546218,0.18282685546218488,1.3445378151260505,1.1764705882352942
844842,Yves Bissouma,Midfielder,2085.0,0.0,0.0,2230.0,1.4016,1.70789719,24,5.0,27.0,11.0,80.0,52.0,37.0,128.0,5.0,42.0,152.0,111.0,30.0,,96.2589928057554,0.06050071942446043,0.07372218086330935,0.06285201793721973,0.07658731793721972,0.13943933587443946,1.0762331838565022,0.49327354260089684
845273,Jean-Ricner Bellegarde,Midfielder,964.0,2.0,1.0,530.0,1.5665,0.79742698,15,5.0,17.0,12.0,17.0,10.0,8.0,41.0,2.0,13.0,66.0,78.0,19.0,,49.48132780082988,0.14625,0.07444857697095436,0.29556603773584905,0.15045792075471698,0.4460239584905661,2.8301886792452833,2.2641509433962264
846036,Ben White,Defender,2995.0,4.0,4.0,2508.0,1.1529,3.6630189300000002,13,8.0,9.0,39.0,48.0,28.0,32.0,120.0,22.0,67.0,105.0,92.0,9.0,,75.36560934891486,0.03464474123539232,0.11007402460767948,0.045968899521531104,0.14605338636363638,0.19202228588516748,0.518341307814992,1.555023923444976
846252,Ryan Yates,Midfielder,2000.0,1.0,1.0,1192.0,2.6969,0.59720386,32,7.0,4.0,7.0,66.0,40.0,21.0,110.0,15.0,39.0,168.0,120.0,10.0,,53.64,0.1213605,0.026874173700000004,0.22624999999999998,0.05010099496644295,0.27635099496644294,2.684563758389262,0.587248322147651
846308,Santiago Bueno,Defender,820.0,0.0,0.0,579.0,0.0,0.03059324,0,0.0,1.0,2.0,13.0,7.0,6.0,30.0,12.0,33.0,34.0,44.0,2.0,,63.548780487804876,0.0,0.0033577946341463412,0.0,0.005283806563039724,0.005283806563039724,0.0,0.3454231433506045
847151,Edson Álvarez,Midfielder,2383.0,1.0,1.0,1690.0,1.3001,0.80417624,17,3.0,27.0,12.0,80.0,39.0,42.0,164.0,20.0,70.0,152.0,146.0,30.0,,63.827108686529584,0.04910155266470836,0.030371742173730593,0.07692899408284024,0.04758439289940828,0.12451338698224851,1.0059171597633136,0.7100591715976331
848276,Jean-Philippe Mateta,Forward,2305.0,16.0,5.0,845.0,10.9376,1.3432405299999999,46,29.0,25.0,32.0,22.0,15.0,4.0,81.0,4.0,14.0,119.0,221.0,78.0,,32.99349240780911,0.4270646420824295,0.0524475695010846,1.2943905325443787,0.15896337633136093,1.4533539088757395,5.44378698224852,3.7869822485207103
849309,Chiedozie Ogbene,Midfielder,1993.0,4.0,1.0,1183.0,4.2456,3.54483848,35,14.0,61.0,27.0,17.0,10.0,7.0,125.0,3.0,31.0,156.0,104.0,21.0,,53.421976919217265,0.19172303060712492,0.16007800461615654,0.35888419273034655,0.29964822316145395,0.6585324158918004,2.9585798816568047,2.2823330515638207
851100,Jadon Sancho,Midfielder,76.0,0.0,0.0,59.0,0.0,0.074048,0,0.0,3.0,1.0,1.0,0.0,1.0,10.0,0.0,0.0,6.0,10.0,2.0,,69.86842105263158,0.0,0.08768842105263158,0.0,0.12550508474576272,0.12550508474576272,0.0,1.694915254237288
851596,Justin Kluivert,Midfielder,1942.0,7.0,1.0,777.0,6.1686,1.6301981,56,20.0,24.0,21.0,28.0,14.0,8.0,88.0,1.0,10.0,92.0,165.0,30.0,,36.00926879505664,0.2858774459320288,0.07554986045314109,0.7938996138996137,0.20980670527670528,1.0037063191763191,7.207207207207207,2.7027027027027026
855647,Harvey Barnes,Forward,794.0,5.0,3.0,401.0,3.578,1.90668737,27,12.0,7.0,13.0,6.0,1.0,5.0,43.0,0.0,2.0,38.0,43.0,16.0,,45.45340050377834,0.40556675062972286,0.21612325352644834,0.8922693266832917,0.47548313466334163,1.3677524613466334,6.733167082294264,3.2418952618453867
855731,David Brooks,Midfielder,289.0,1.0,1.0,184.0,2.1967999999999996,0.52618516,13,5.0,4.0,8.0,5.0,4.0,2.0,17.0,0.0,2.0,11.0,21.0,1.0,,57.30103806228374,0.6841245674740484,0.16386389065743945,1.1939130434782608,0.28597019565217396,1.4798832391304344,7.065217391304348,4.3478260869565215
855817,Moussa Diaby,Midfielder,2197.0,6.0,8.0,896.0,7.0809,4.54669848,54,23.0,29.0,47.0,12.0,5.0,9.0,62.0,1.0,5.0,58.0,115.0,30.0,,36.70459717796996,0.2900687300864816,0.18625528593536642,0.7902790178571428,0.5074440267857143,1.2977230446428571,6.026785714285714,5.245535714285714
855835,Sergio Gómez,Defender,54.0,0.0,1.0,61.0,0.24869999999999998,0.18376800999999998,2,0.0,2.0,1.0,1.0,0.0,1.0,1.0,0.0,0.0,3.0,4.0,0.0,,101.66666666666666,0.4145,0.30628001666666665,0.4077049180327868,0.3012590327868852,0.7089639508196721,3.278688524590164,1.639344262295082
855864,Ethan Pinnock,Defender,2529.0,2.0,0.0,1806.0,2.0366,0.77328399,19,4.0,6.0,4.0,35.0,23.0,43.0,131.0,24.0,167.0,165.0,73.0,4.0,,64.27046263345196,0.07247686832740213,0.027519003202846976,0.11276854928017718,0.04281749667774087,0.15558604595791806,1.052048726467331,0.22148394241417496
856123,Emerson Royal,Defender,1192.0,1.0,0.0,1288.0,0.1984,0.87145819,6,3.0,10.0,3.0,36.0,24.0,20.0,82.0,10.0,45.0,99.0,75.0,12.0,,97.24832214765101,0.014979865771812081,0.06579801770134229,0.015403726708074534,0.06765979736024845,0.08306352406832297,0.4658385093167702,0.2329192546583851
856260,Josh Dasilva,Midfielder,33.0,0.0,0.0,33.0,0.0,0.24145115,0,0.0,2.0,1.0,2.0,1.0,0.0,2.0,0.0,0.0,4.0,8.0,4.0,,90.0,0.0,0.6585031363636363,0.0,0.7316701515151516,0.7316701515151516,0.0,3.0303030303030303
856714,Declan Rice,Midfielder,3230.0,7.0,8.0,2729.0,3.3354,4.80093705,58,20.0,21.0,47.0,83.0,51.0,44.0,178.0,11.0,51.0,156.0,143.0,22.0,,76.04024767801857,0.09293684210526315,0.13377223978328173,0.12222059362403812,0.1759229406375962,0.2981435342616343,2.125320630267497,1.7222425796995238
856719,Dara O'Shea,Defender,2894.0,3.0,4.0,2126.0,0.7484000000000001,0.9504394899999999,19,5.0,1.0,13.0,39.0,20.0,35.0,140.0,30.0,158.0,182.0,120.0,1.0,,66.1161022805805,0.02327436074637181,0.029557551520387006,0.035202257761053624,0.04470552634054562,0.07990778410159925,0.8936970837253058,0.6114769520225777
856720,Mark Travers,Goalkeeper,360.0,0.0,0.0,139.0,0.0,0.00529414,0,0.0,0.0,0.0,0.0,0.0,0.0,27.0,0.0,4.0,3.0,1.0,0.0,,34.75,0.0,0.001323535,0.0,0.0038087338129496402,0.0038087338129496402,0.0,0.0
858194,Eddie Nketiah,Forward,1082.0,5.0,2.0,415.0,4.5362,0.66606958,38,12.0,8.0,9.0,12.0,7.0,4.0,24.0,0.0,4.0,71.0,88.0,18.0,,34.51940850277265,0.3773179297597043,0.05540319981515712,1.0930602409638555,0.16049869397590363,1.2535589349397591,9.156626506024097,2.1686746987951806
858195,Sergio Reguilón,Defender,1551.0,0.0,4.0,1154.0,0.9465,2.8572225700000002,17,2.0,16.0,28.0,58.0,28.0,21.0,96.0,6.0,38.0,119.0,88.0,6.0,,66.96324951644101,0.054922630560928436,0.16579628065764024,0.08201906412478337,0.2475929436741768,0.32961200779896016,1.4731369150779896,2.4263431542461005
858911,Jacob Brown,Forward,1020.0,2.0,0.0,470.0,2.7768,0.44353968,26,7.0,6.0,8.0,19.0,12.0,8.0,56.0,1.0,17.0,87.0,125.0,25.0,,41.470588235294116,0.24501176470588237,0.039135854117647056,0.5908085106382979,0.09437014468085106,0.685178655319149,5.531914893617021,1.702127659574468
859765,Phil Foden,Midfielder,2873.0,19.0,8.0,2299.0,10.3446,6.9336081,105,48.0,47.0,73.0,31.0,20.0,13.0,127.0,0.0,16.0,144.0,143.0,49.0,,72.01879568395405,0.3240563870518622,0.21720317751479287,0.4499608525445846,0.3015923488473249,0.7515532013919095,4.5672031317964334,3.1752936059156154
859901,Oliver Skipp,Midfielder,736.0,0.0,0.0,474.0,0.6887,0.5259524400000001,4,1.0,2.0,8.0,18.0,12.0,3.0,36.0,1.0,6.0,35.0,32.0,6.0,,57.96195652173913,0.08421603260869565,0.06431483641304349,0.14529535864978904,0.11096043037974684,0.2562557890295359,0.8438818565400843,1.6877637130801686
859999,Lisandro Martínez,Defender,656.0,0.0,1.0,517.0,0.0,0.07633976,0,0.0,2.0,3.0,12.0,8.0,5.0,33.0,8.0,23.0,21.0,22.0,3.0,,70.92987804878048,0.0,0.01047344268292683,0.0,0.01476591102514507,0.01476591102514507,0.0,0.5802707930367506
861972,Calvin Bassey,Defender,2301.0,1.0,0.0,1956.0,0.3452,0.17218655,5,2.0,11.0,1.0,49.0,29.0,28.0,171.0,11.0,80.0,101.0,57.0,8.0,,76.50586701434159,0.013501955671447198,0.006734806388526728,0.01764826175869121,0.00880299335378323,0.026451255112474436,0.2556237218813906,0.051124744376278126
862223,Manor Solomon,Forward,208.0,0.0,2.0,141.0,0.4155,0.75005643,7,1.0,10.0,12.0,3.0,3.0,3.0,11.0,0.0,1.0,14.0,13.0,2.0,,61.00961538461539,0.17978365384615383,0.32454364759615384,0.2946808510638298,0.531954914893617,0.8266357659574468,4.964539007092199,8.51063829787234
862967,Cody Gakpo,Midfielder,1651.0,8.0,5.0,909.0,8.9628,2.69321636,66,24.0,31.0,25.0,27.0,17.0,14.0,81.0,4.0,7.0,128.0,121.0,32.0,,49.551786795881284,0.4885838885523925,0.14681373252574198,0.986006600660066,0.2962834279427943,1.2822900286028602,7.2607260726072615,2.7502750275027505
863653,Aaron Wan-Bissaka,Defender,1781.0,0.0,2.0,1271.0,0.1115,1.38007847,3,1.0,17.0,12.0,42.0,25.0,41.0,94.0,15.0,54.0,89.0,61.0,9.0,,64.22796181920269,0.005634475014037058,0.06974006866928692,0.00877261998426436,0.10858209834775767,0.11735471833202202,0.23603461841070023,0.9441384736428009
864169,Pau Torres,Defender,2463.0,2.0,0.0,2032.0,1.0061,0.74033913,12,5.0,17.0,8.0,29.0,18.0,14.0,127.0,12.0,74.0,79.0,76.0,13.0,,74.25091352009744,0.03676370280146163,0.027052586967113275,0.04951279527559055,0.036434012303149604,0.08594680757874015,0.5905511811023622,0.39370078740157477
864898,Nicolò Zaniolo,Forward,845.0,2.0,0.0,471.0,2.5702,0.71814477,27,10.0,13.0,10.0,19.0,9.0,1.0,36.0,0.0,11.0,60.0,112.0,36.0,,50.16568047337278,0.2737491124260355,0.07648879207100591,0.5456900212314225,0.15247235031847134,0.6981623715498938,5.7324840764331215,2.1231422505307855
864921,Eberechi Eze,Midfielder,2065.0,11.0,4.0,1442.0,9.1243,5.55498772,83,34.0,69.0,54.0,35.0,17.0,11.0,135.0,2.0,4.0,164.0,176.0,48.0,,62.847457627118644,0.39766924939467313,0.2421060023244552,0.6327531206657421,0.38522799722607487,1.017981117891817,5.755894590846047,3.744798890429958
865167,Lloyd Kelly,Defender,1564.0,0.0,1.0,1091.0,0.3317,0.84006551,4,1.0,2.0,9.0,24.0,19.0,13.0,121.0,12.0,59.0,67.0,52.0,6.0,,62.78132992327366,0.019087595907928388,0.04834136566496164,0.030403299725022915,0.07699958845096241,0.10740288817598534,0.36663611365719523,0.8249312557286892
865740,Chris Mepham,Defender,626.0,0.0,1.0,441.0,0.0888,0.4770548,1,1.0,0.0,3.0,12.0,11.0,7.0,31.0,6.0,29.0,43.0,42.0,2.0,,63.40255591054313,0.012766773162939298,0.06858615335463258,0.02013605442176871,0.10817569160997732,0.12831174603174603,0.22675736961451248,0.6802721088435374
865912,Morgan Gibbs-White,Midfielder,3160.0,5.0,10.0,2030.0,6.9249,6.75922707,71,15.0,44.0,75.0,36.0,24.0,17.0,179.0,8.0,18.0,197.0,222.0,44.0,,57.81645569620253,0.19722816455696204,0.1925096317405063,0.341128078817734,0.33296685073891624,0.6740949295566502,3.497536945812808,3.6945812807881775
866191,Sean Longstaff,Midfielder,2753.0,6.0,2.0,1613.0,6.582,3.04338631,41,15.0,11.0,20.0,54.0,30.0,17.0,120.0,7.0,22.0,117.0,130.0,35.0,,52.73156556483836,0.21517617144932802,0.09949319575009082,0.4080595164290142,0.18867863050216985,0.5967381469311841,2.5418474891506513,1.2399256044637323
866469,Bruno Guimarães,Midfielder,3268.0,7.0,8.0,2998.0,4.8234,6.2807563,48,16.0,72.0,62.0,88.0,53.0,35.0,237.0,14.0,19.0,286.0,218.0,70.0,,82.56425948592411,0.13283537331701348,0.1729706447368421,0.16088725817211474,0.20949820880587058,0.3703854669779853,1.6010673782521683,2.068045363575717
867442,Callum Hudson Odoi,Midfielder,1863.0,8.0,1.0,1034.0,2.7241999999999997,2.54474551,38,20.0,43.0,36.0,18.0,8.0,7.0,98.0,1.0,11.0,93.0,102.0,33.0,,49.951690821256044,0.1316038647342995,0.12293456570048308,0.26346228239845254,0.24610691586073502,0.5095691982591877,3.67504835589942,3.481624758220503
867445,Emile Smith Rowe,Midfielder,363.0,0.0,1.0,262.0,1.9772,0.42113063,15,7.0,3.0,4.0,4.0,1.0,3.0,15.0,1.0,1.0,12.0,19.0,4.0,,64.9586776859504,0.49021487603305786,0.10441255289256197,0.7546564885496184,0.16073688167938932,0.9153933702290078,5.7251908396946565,1.5267175572519083
867583,Ben Brereton Díaz,Midfielder,1110.0,6.0,1.0,438.0,6.0657,1.06748867,35,19.0,10.0,8.0,9.0,4.0,3.0,39.0,3.0,11.0,45.0,73.0,16.0,,35.513513513513516,0.4918135135135135,0.0865531354054054,1.38486301369863,0.24371887442922371,1.6285818881278538,7.9908675799086755,1.82648401826484
867887,Douglas Luiz,Midfielder,3001.0,9.0,5.0,2455.0,6.9712,5.34749908,48,17.0,24.0,53.0,58.0,38.0,23.0,184.0,8.0,17.0,148.0,141.0,31.0,,73.62545818060646,0.20906631122959013,0.16037151522825727,0.283959266802444,0.21782073645621186,0.5017800032586558,1.9551934826883912,2.158859470468432
869792,Gabriel Magalhães,Defender,3053.0,4.0,0.0,2506.0,4.2363,0.73583351,31,11.0,2.0,3.0,48.0,28.0,31.0,136.0,33.0,97.0,161.0,106.0,3.0,,73.87487716999672,0.12488273829020635,0.021691783786439565,0.1690462889066241,0.029362869513168393,0.19840915841979248,1.2370311252992818,0.11971268954509177
869856,Dominik Szoboszlai,Midfielder,2123.0,3.0,2.0,1897.0,3.7131000000000003,5.0557042700000006,60,15.0,24.0,56.0,32.0,19.0,15.0,171.0,2.0,13.0,97.0,137.0,27.0,,80.41921808761187,0.15740885539331137,0.2143256638247763,0.1957353716394307,0.26651050448075914,0.4622458761201898,3.16288877174486,2.952029520295203
870038,Saša Kalajdžić,Forward,176.0,2.0,0.0,98.0,1.0691,0.25284640999999997,4,2.0,1.0,4.0,6.0,2.0,1.0,4.0,0.0,6.0,19.0,16.0,5.0,,50.11363636363636,0.5466988636363637,0.1292964596590909,1.0909183673469387,0.25800654081632646,1.348924908163265,4.081632653061225,4.081632653061225
870360,Daniel Muñoz,Midfielder,1439.0,0.0,4.0,986.0,1.2399,1.2925741199999998,8,0.0,13.0,21.0,55.0,35.0,24.0,76.0,7.0,34.0,102.0,95.0,7.0,,61.66782487838777,0.07754760250173731,0.08084202279360667,0.12575050709939148,0.13109270993914807,0.2568432170385395,0.8113590263691683,2.129817444219067
871765,Nicolás Domínguez,Midfielder,1518.0,2.0,2.0,1098.0,1.3184,1.2778987,22,6.0,7.0,10.0,63.0,34.0,18.0,108.0,5.0,23.0,107.0,85.0,7.0,,65.09881422924902,0.07816600790513833,0.07576474505928854,0.12007285974499088,0.11638421675774133,0.23645707650273226,2.0036429872495445,0.9107468123861567
875360,Hjalmar Ekdal,Defender,441.0,0.0,0.0,275.0,0.0686,0.02980576,2,1.0,2.0,1.0,4.0,2.0,6.0,26.0,5.0,21.0,12.0,21.0,1.0,,56.12244897959184,0.013999999999999999,0.006082808163265307,0.024945454545454545,0.010838458181818183,0.03578391272727272,0.7272727272727273,0.36363636363636365
876643,Vitaliy Mykolenko,Defender,2471.0,2.0,0.0,1566.0,1.513,1.06092854,26,5.0,18.0,13.0,69.0,38.0,36.0,142.0,11.0,82.0,126.0,97.0,11.0,,57.03763658437879,0.05510724403075677,0.03864167082152974,0.0966155810983397,0.06774767177522349,0.1643632528735632,1.6602809706257982,0.8301404853128991
877036,Anass Zaroury,Forward,160.0,0.0,0.0,92.0,0.16549999999999998,0.10088543,3,1.0,2.0,2.0,1.0,0.0,0.0,8.0,0.0,1.0,6.0,14.0,2.0,,51.74999999999999,0.09309374999999999,0.056748054375,0.17989130434782605,0.10965807608695653,0.2895493804347826,3.260869565217391,2.1739130434782608
877102,Nayef Aguerd,Defender,1859.0,1.0,0.0,1396.0,1.5422,0.37608316,14,4.0,3.0,4.0,26.0,14.0,17.0,102.0,24.0,80.0,83.0,52.0,2.0,,67.58472296933836,0.07466272189349113,0.01820736116191501,0.11047277936962752,0.026940054441260748,0.13741283381088826,1.002865329512894,0.28653295128939826
877994,Marc Guéhi,Defender,2022.0,0.0,1.0,1540.0,0.6562,0.98541187,5,0.0,7.0,8.0,28.0,19.0,18.0,120.0,17.0,88.0,90.0,59.0,2.0,,68.5459940652819,0.029207715133531157,0.04386106246290801,0.04261038961038961,0.06398778376623376,0.10659817337662336,0.3246753246753247,0.5194805194805194
878705,Rhian Brewster,Forward,353.0,0.0,0.0,124.0,0.36619999999999997,0.08016492,7,3.0,0.0,2.0,5.0,1.0,1.0,9.0,0.0,2.0,14.0,37.0,8.0,,31.61473087818697,0.09336543909348441,0.020438648158640226,0.29532258064516126,0.06464912903225807,0.3599717096774193,5.64516129032258,1.6129032258064515
879346,Scott McTominay,Midfielder,1919.0,7.0,1.0,991.0,5.7418000000000005,0.50257832,44,19.0,8.0,11.0,49.0,25.0,14.0,91.0,12.0,54.0,114.0,115.0,23.0,,46.477331943720685,0.2692871287128713,0.02357063512245961,0.5793945509586277,0.05071426034308779,0.6301088113017156,4.439959636730576,1.109989909182644
879349,Pedro Neto,Midfielder,1518.0,2.0,9.0,979.0,3.4956,3.70186896,36,12.0,37.0,38.0,7.0,3.0,5.0,79.0,1.0,2.0,69.0,105.0,20.0,,58.04347826086956,0.2072490118577075,0.21947839683794468,0.3570582226762002,0.37812757507660877,0.735185797752809,3.6772216547497445,3.881511746680286
882604,Đorđe Petrović,Goalkeeper,1994.0,0.0,0.0,926.0,0.0,0.01026314,0,0.0,0.0,0.0,0.0,0.0,0.0,152.0,0.0,20.0,6.0,0.0,0.0,,41.79538615847543,0.0,0.00046323099297893684,0.0,0.001108330453563715,0.001108330453563715,0.0,0.0
883537,Luis Díaz,Midfielder,2664.0,8.0,5.0,1620.0,11.879,4.74971704,94,32.0,67.0,65.0,35.0,25.0,3.0,127.0,0.0,7.0,170.0,253.0,72.0,,54.72972972972973,0.40131756756756753,0.1604634135135135,0.7332716049382716,0.2931924098765432,1.0264640148148148,5.802469135802469,4.012345679012346
885864,Frank Onyeka,Midfielder,1176.0,1.0,2.0,645.0,2.1765,1.39023788,22,9.0,11.0,12.0,37.0,24.0,23.0,73.0,7.0,17.0,89.0,86.0,12.0,,49.36224489795918,0.1665688775510204,0.10639575612244896,0.33744186046511626,0.2155407565891473,0.5529826170542635,3.4108527131782944,1.8604651162790697
885908,Reece James,Defender,429.0,0.0,2.0,415.0,0.3052,1.5878283,7,1.0,9.0,13.0,14.0,9.0,3.0,28.0,4.0,7.0,36.0,21.0,6.0,,87.06293706293707,0.06402797202797204,0.33311083216783216,0.0735421686746988,0.3826092289156626,0.45615139759036144,1.6867469879518073,3.132530120481928
886242,Jakub Moder,Midfielder,639.0,0.0,0.0,407.0,0.5568,0.83326864,11,3.0,6.0,5.0,19.0,10.0,2.0,40.0,2.0,12.0,33.0,33.0,6.0,,57.32394366197183,0.0784225352112676,0.11736178028169014,0.1368058968058968,0.20473430958230956,0.34154020638820637,2.7027027027027026,1.2285012285012284
886363,Matheus Cunha,Forward,2453.0,12.0,7.0,1377.0,9.486,2.95433269,73,38.0,64.0,28.0,30.0,16.0,13.0,114.0,7.0,20.0,160.0,213.0,53.0,,50.521810028536486,0.3480391357521403,0.10839377990216062,0.688888888888889,0.21454848874364563,0.9034373776325346,5.3013798111837325,2.033405954974582
888550,Joe Willock,Midfielder,418.0,1.0,0.0,247.0,0.8054,0.5917426,7,4.0,7.0,7.0,13.0,7.0,1.0,26.0,0.0,1.0,24.0,28.0,6.0,,53.18181818181819,0.17341148325358852,0.12740869377990433,0.32607287449392713,0.2395719028340081,0.5656447773279352,2.834008097165992,2.834008097165992
888971,Arijanet Murić,Goalkeeper,900.0,0.0,0.0,688.0,0.0,0.05071895,0,0.0,0.0,4.0,1.0,1.0,0.0,106.0,0.0,14.0,7.0,0.0,0.0,,68.8,0.0,0.005071895,0.0,0.0073719404069767435,0.0073719404069767435,0.0,0.5813953488372093
891920,Carlos Vinícius,Forward,320.0,2.0,0.0,116.0,1.6022,0.09668031,9,5.0,2.0,5.0,3.0,2.0,0.0,9.0,0.0,1.0,11.0,32.0,7.0,,32.625,0.45061875,0.0271913371875,1.3812068965517244,0.08334509482758622,1.4645519913793104,7.758620689655173,4.310344827586207
892111,Shandon Baptiste,Midfielder,241.0,1.0,1.0,137.0,0.8932,0.35013664,2,2.0,6.0,4.0,4.0,4.0,3.0,17.0,1.0,5.0,13.0,18.0,0.0,,51.161825726141075,0.33356016597510374,0.13075642157676348,0.651970802919708,0.25557418978102187,0.9075449927007299,1.4598540145985401,2.9197080291970803
892673,Sandro Tonali,Midfielder,439.0,1.0,0.0,318.0,0.655,0.48469807,3,2.0,3.0,8.0,7.0,7.0,2.0,20.0,0.0,4.0,17.0,19.0,2.0,,65.19362186788156,0.13428246013667428,0.09936862482915718,0.2059748427672956,0.15242077672955973,0.3583956194968554,0.9433962264150944,2.515723270440252
892924,Hamed Junior Traorè,Midfielder,51.0,0.0,0.0,46.0,0.17900000000000002,0.012968380000000002,3,2.0,4.0,1.0,1.0,0.0,0.0,4.0,0.0,0.0,6.0,8.0,1.0,,81.17647058823529,0.3158823529411765,0.022885376470588237,0.3891304347826087,0.02819213043478261,0.41732256521739136,6.521739130434782,2.1739130434782608
894474,Max Kilman,Defender,3420.0,2.0,0.0,2757.0,1.8089,1.10244809,14,6.0,10.0,17.0,47.0,21.0,39.0,177.0,37.0,179.0,161.0,94.0,10.0,,72.55263157894737,0.04760263157894737,0.029011791842105263,0.06561117156329344,0.03998723576351106,0.10559840732680449,0.5077983315197679,0.6166122597025753
895324,Alexis Mac Allister,Midfielder,2609.0,5.0,5.0,2449.0,3.6608,4.89458598,44,9.0,18.0,47.0,99.0,55.0,35.0,195.0,8.0,25.0,195.0,193.0,35.0,,84.48064392487542,0.12628286699885014,0.16884351789957835,0.14948142098815842,0.19986059534503878,0.3493420163331973,1.796651694569212,1.9191506737443853
895576,Marcus Tavernier,Midfielder,2129.0,3.0,4.0,1364.0,3.9072999999999998,4.24320561,53,16.0,44.0,45.0,53.0,34.0,5.0,142.0,3.0,19.0,132.0,169.0,41.0,,57.660873649600745,0.1651747299201503,0.17937459131047442,0.2864589442815249,0.3110854552785924,0.5975443995601173,3.8856304985337244,3.2991202346041053
897334,Daiki Hashioka,Defender,595.0,0.0,0.0,371.0,0.10569999999999999,0.25879504,2,0.0,1.0,3.0,11.0,5.0,8.0,26.0,7.0,20.0,30.0,35.0,6.0,,56.11764705882353,0.015988235294117647,0.03914546823529411,0.028490566037735844,0.0697560754716981,0.09824664150943395,0.5390835579514826,0.8086253369272237
901892,Albert Sambi Lokonga,Midfielder,1308.0,1.0,3.0,952.0,0.6187,0.77749872,8,2.0,11.0,9.0,29.0,18.0,11.0,64.0,13.0,14.0,82.0,52.0,11.0,,65.5045871559633,0.042571100917431194,0.053497618348623856,0.06498949579831934,0.08167003361344538,0.14665952941176472,0.8403361344537815,0.9453781512605042
901907,Lyle Foster,Forward,1920.0,5.0,3.0,757.0,4.4661,1.27491264,34,17.0,19.0,19.0,19.0,10.0,3.0,51.0,3.0,33.0,99.0,191.0,33.0,,35.484375,0.2093484375,0.05976152999999999,0.5899735799207397,0.16841646499339497,0.7583900449141348,4.491413474240423,2.509907529722589
904827,Benoît Badiashile,Defender,1337.0,0.0,1.0,1340.0,0.2784,0.92332378,6,1.0,0.0,6.0,21.0,15.0,18.0,82.0,14.0,65.0,55.0,48.0,4.0,,90.20194465220644,0.018740463724756917,0.06215343320867614,0.020776119402985075,0.06890475970149254,0.08968087910447761,0.44776119402985076,0.44776119402985076
904835,Fábio Vieira,Midfielder,292.0,1.0,2.0,198.0,1.252,0.82244491,7,2.0,2.0,5.0,3.0,2.0,2.0,16.0,0.0,1.0,16.0,18.0,5.0,,61.02739726027398,0.38589041095890414,0.2534932941780822,0.6323232323232324,0.4153762171717172,1.0476994494949494,3.535353535353535,2.525252525252525
904897,Ryan Gravenberch,Midfielder,1138.0,1.0,0.0,748.0,1.9889000000000001,1.36391771,23,8.0,23.0,16.0,26.0,12.0,14.0,74.0,2.0,11.0,74.0,85.0,13.0,,59.156414762741655,0.1572943760984183,0.10786695421792618,0.2658957219251337,0.1823419398395722,0.4482376617647059,3.074866310160428,2.13903743315508
904970,Conor Gallagher,Midfielder,3135.0,5.0,7.0,2603.0,4.2027,3.48766573,48,18.0,38.0,53.0,85.0,52.0,43.0,221.0,11.0,30.0,212.0,210.0,39.0,,74.72727272727273,0.12065167464114833,0.10012437502392345,0.1614560122935075,0.13398638993469075,0.29544240222819823,1.844026123703419,2.0361121782558587
905163,Mohammed Kudus,Midfielder,2483.0,8.0,6.0,1595.0,5.1622,3.6650803,67,17.0,124.0,28.0,65.0,47.0,11.0,212.0,0.0,8.0,279.0,252.0,93.0,,57.813129279097865,0.1871115585984696,0.13284624526782118,0.32364890282131664,0.2297855987460815,0.553434501567398,4.200626959247649,1.755485893416928
906047,Cheick Doucouré,Midfielder,921.0,0.0,0.0,570.0,0.2797,0.75189423,6,2.0,10.0,10.0,34.0,17.0,20.0,74.0,2.0,9.0,50.0,42.0,8.0,,55.700325732899024,0.027332247557003257,0.07347500618892508,0.04907017543859649,0.13191126842105264,0.18098144385964912,1.0526315789473684,1.7543859649122806
907072,Mikkel Damsgaard,Midfielder,860.0,0.0,2.0,590.0,0.9235,0.92466436,9,4.0,9.0,11.0,29.0,17.0,11.0,57.0,1.0,10.0,58.0,70.0,8.0,,61.74418604651163,0.0966453488372093,0.09676720046511628,0.15652542372881356,0.15672277288135592,0.31324819661016945,1.5254237288135595,1.864406779661017
907668,Billy Gilmour,Midfielder,2125.0,0.0,1.0,2328.0,0.981,2.33919133,25,5.0,8.0,22.0,26.0,16.0,11.0,132.0,9.0,14.0,75.0,88.0,9.0,,98.59764705882353,0.04154823529411765,0.09907163279999999,0.04213917525773196,0.10048072723367696,0.1426199024914089,1.0738831615120275,0.9450171821305842
910026,Bryan Gil,Midfielder,236.0,0.0,0.0,207.0,0.7516999999999999,0.25201689,4,1.0,8.0,4.0,1.0,0.0,3.0,16.0,0.0,4.0,12.0,18.0,7.0,,78.94067796610169,0.2866652542372881,0.09610813601694916,0.36314009661835744,0.12174728985507245,0.4848873864734299,1.932367149758454,1.932367149758454
910046,Sven Botman,Defender,1385.0,2.0,2.0,1164.0,0.6086,0.55149494,10,2.0,0.0,5.0,20.0,13.0,9.0,70.0,16.0,58.0,56.0,35.0,2.0,,75.63898916967509,0.03954801444043322,0.03583721631768953,0.05228522336769759,0.047379290378006866,0.09966451374570447,0.859106529209622,0.429553264604811
911708,Rhys Norrington-Davies,Defender,111.0,0.0,0.0,82.0,0.0,0.00482088,0,0.0,1.0,1.0,1.0,1.0,1.0,4.0,0.0,2.0,4.0,7.0,2.0,,66.48648648648648,0.0,0.003908821621621621,0.0,0.005879121951219511,0.005879121951219511,0.0,1.2195121951219512
913654,Pedro Porro,Defender,3092.0,3.0,7.0,2911.0,2.9501,6.0303759,53,12.0,26.0,51.0,91.0,63.0,34.0,199.0,18.0,80.0,159.0,147.0,15.0,,84.73156532988357,0.08586966364812419,0.17552840588615784,0.10134318103744418,0.20715822397801442,0.30850140501545864,1.8206801786327724,1.7519752662315355
913942,Romain Faivre,Midfielder,61.0,0.0,0.0,43.0,0.1549,0.025641900000000002,2,0.0,2.0,0.0,1.0,1.0,0.0,1.0,0.0,0.0,7.0,10.0,1.0,,63.442622950819676,0.2285409836065574,0.037832311475409844,0.3602325581395349,0.05963232558139535,0.4198648837209302,4.651162790697675,0.0
914412,Ben Johnson,Defender,550.0,0.0,0.0,440.0,0.195,0.12071765,6,2.0,11.0,0.0,11.0,7.0,5.0,49.0,1.0,13.0,36.0,42.0,10.0,,72.0,0.03190909090909091,0.01975379727272727,0.04431818181818182,0.02743582954545454,0.07175401136363636,1.3636363636363635,0.0
914477,Vitinho,Defender,2323.0,0.0,2.0,1382.0,1.6059999999999999,1.16046363,25,4.0,25.0,11.0,64.0,34.0,12.0,109.0,6.0,43.0,136.0,143.0,26.0,,53.542832544123975,0.06222126560482135,0.04495984791218252,0.11620839363241676,0.08396987192474674,0.20017826555716348,1.808972503617945,0.7959479015918958
914691,Tariq Lamptey,Defender,919.0,0.0,3.0,575.0,0.42460000000000003,0.76390398,6,0.0,6.0,10.0,21.0,14.0,6.0,32.0,3.0,5.0,49.0,38.0,2.0,,56.311207834602826,0.04158215451577802,0.07481105353645266,0.07384347826086957,0.13285286608695654,0.20669634434782613,1.0434782608695654,1.7391304347826086
914902,Anthony Gordon,Forward,2899.0,11.0,10.0,1573.0,10.2271,5.5824219600000005,81,31.0,54.0,57.0,55.0,34.0,7.0,125.0,0.0,4.0,185.0,194.0,40.0,,48.83408071748879,0.31750224215246636,0.17330733922042085,0.6501652892561983,0.35489014367450733,1.0050554329307058,5.149396058486968,3.6236490781945325
920542,Elijah Adebayo,Forward,1434.0,10.0,0.0,528.0,5.9112,0.41717058,31,14.0,18.0,14.0,4.0,1.0,6.0,34.0,2.0,25.0,81.0,159.0,34.0,,33.13807531380753,0.37099581589958164,0.026182253974895396,1.1195454545454544,0.07900957954545454,1.198555034090909,5.871212121212121,2.6515151515151514
920546,Robert Sánchez,Goalkeeper,1434.0,0.0,0.0,698.0,0.0,0.0117847,0,0.0,0.0,0.0,0.0,0.0,0.0,133.0,0.0,13.0,4.0,0.0,0.0,,43.80753138075314,0.0,0.0007396255230125524,0.0,0.001688352435530086,0.001688352435530086,0.0,0.0
920680,Gabriel Osho,Defender,1848.0,2.0,0.0,1007.0,1.0888,0.22154508,10,2.0,7.0,2.0,41.0,22.0,31.0,103.0,20.0,88.0,98.0,85.0,10.0,,49.04220779220779,0.053025974025974025,0.010789533116883116,0.10812313803376367,0.02200050446871897,0.13012364250248262,0.9930486593843099,0.19860973187686196
921216,Michael Obafemi,Forward,30.0,0.0,0.0,13.0,0.0942,0.01246367,2,0.0,3.0,0.0,0.0,0.0,0.0,1.0,0.0,0.0,3.0,2.0,1.0,,39.0,0.2826,0.03739101,0.7246153846153847,0.09587438461538461,0.8204897692307693,15.384615384615385,0.0
922573,Gabriel Martinelli,Forward,2029.0,6.0,4.0,1345.0,6.8462,5.22438263,58,22.0,40.0,46.0,30.0,24.0,5.0,95.0,1.0,7.0,109.0,169.0,41.0,,59.65993100049285,0.303675702316412,0.23173703139477578,0.5090111524163569,0.38842993531598513,0.8974410877323421,4.312267657992565,3.420074349442379
923973,Amadou Onana,Midfielder,2090.0,2.0,0.0,1363.0,2.0091,1.37201603,29,6.0,12.0,18.0,71.0,38.0,21.0,160.0,6.0,30.0,180.0,93.0,10.0,,58.693779904306226,0.08651626794258373,0.05908203,0.14740278796771827,0.10066148422597213,0.24806427219369043,2.127659574468085,1.3206162876008805
924871,Darwin Núñez,Forward,2053.0,11.0,8.0,838.0,16.3927,4.45116426,108,46.0,15.0,33.0,22.0,12.0,3.0,56.0,6.0,9.0,86.0,142.0,29.0,,36.73648319532391,0.718627861665855,0.19513140935216755,1.9561694510739858,0.5311651861575178,2.4873346372315037,12.887828162291171,3.9379474940334127
927083,Bryan Mbeumo,Forward,1959.0,9.0,6.0,1143.0,9.8073,5.62755509,53,20.0,26.0,32.0,15.0,10.0,7.0,93.0,2.0,12.0,106.0,160.0,39.0,,52.511485451761104,0.4505650842266462,0.25854005007656966,0.8580314960629921,0.4923495266841645,1.3503810227471567,4.636920384951881,2.799650043744532
927175,Jordan Beyer,Defender,1238.0,0.0,1.0,1038.0,0.5238,0.19061620999999998,5,0.0,4.0,3.0,35.0,20.0,16.0,57.0,15.0,68.0,73.0,50.0,1.0,,75.46042003231018,0.03807915993537964,0.01385739814216478,0.05046242774566474,0.01836379672447013,0.06882622447013487,0.48169556840077066,0.2890173410404624
927340,Han-Noah Massengo,Midfielder,20.0,0.0,0.0,16.0,0.0,0.00051451,0,0.0,0.0,0.0,1.0,1.0,0.0,1.0,0.0,0.0,1.0,1.0,0.0,,72.0,0.0,0.002315295,0.0,0.0032156875000000002,0.0032156875000000002,0.0,0.0
927353,Curtis Jones,Midfielder,1167.0,1.0,1.0,980.0,2.628,1.05528753,19,6.0,15.0,11.0,27.0,14.0,7.0,72.0,0.0,7.0,63.0,84.0,33.0,,75.57840616966581,0.20267352185089976,0.08138464241645244,0.26816326530612244,0.10768240102040816,0.3758456663265306,1.9387755102040816,1.1224489795918366
927356,Neco Williams,Defender,1665.0,0.0,1.0,1168.0,0.817,1.66202008,15,4.0,19.0,11.0,69.0,40.0,22.0,107.0,13.0,43.0,149.0,106.0,27.0,,63.13513513513513,0.04416216216216216,0.08983892324324325,0.0699486301369863,0.1422962397260274,0.21224486986301366,1.2842465753424657,0.9417808219178082
927360,Yasser Larouci,Defender,533.0,0.0,0.0,284.0,0.2279,0.05352912,6,1.0,10.0,2.0,17.0,9.0,7.0,34.0,1.0,20.0,33.0,25.0,5.0,,47.95497185741088,0.03848217636022514,0.00903868818011257,0.08024647887323944,0.018848281690140845,0.09909476056338028,2.112676056338028,0.7042253521126761
927361,James Garner,Midfielder,3005.0,1.0,2.0,1699.0,2.7084,3.7405831000000003,41,11.0,19.0,44.0,83.0,44.0,45.0,172.0,14.0,45.0,169.0,134.0,10.0,,50.88519134775375,0.08111680532445924,0.11203077504159735,0.1594114184814597,0.22016380812242498,0.37957522660388465,2.413184226015303,2.5897586815773983
928124,Dejan Kulusevski,Midfielder,2763.0,8.0,3.0,1779.0,4.6637,6.71698138,57,24.0,54.0,66.0,62.0,33.0,18.0,133.0,1.0,1.0,152.0,240.0,65.0,,57.947882736156345,0.15191205211726386,0.21879418175895768,0.26215289488476673,0.37757062282181,0.6397235177065768,3.204047217537943,3.709949409780776
929132,Jayden Bogle,Defender,2792.0,3.0,0.0,1455.0,2.2944999999999998,1.15317849,32,11.0,25.0,10.0,66.0,36.0,32.0,139.0,11.0,86.0,163.0,155.0,27.0,,46.90186246418339,0.07396310888252149,0.03717265906160458,0.1576975945017182,0.07925625360824742,0.2369538481099656,2.1993127147766325,0.6872852233676976
931278,Rayan Aït-Nouri,Defender,2344.0,2.0,1.0,1689.0,3.2873,1.73065696,24,8.0,62.0,25.0,71.0,44.0,15.0,136.0,6.0,31.0,207.0,166.0,56.0,,64.85068259385665,0.12621885665529012,0.06645013924914675,0.1946299585553582,0.1024663682652457,0.2970963268206039,1.4209591474245116,1.4801657785671996
931304,Ryan Giles,Defender,519.0,0.0,0.0,278.0,0.10350000000000001,0.6236437699999999,2,2.0,4.0,5.0,8.0,6.0,4.0,21.0,0.0,20.0,17.0,11.0,1.0,,48.20809248554913,0.017947976878612718,0.10814631849710982,0.03723021582733813,0.22433229136690644,0.26156250719424456,0.7194244604316548,1.7985611510791366
931844,Chris Richards,Defender,2097.0,1.0,1.0,1216.0,0.5989,0.18821991,11,3.0,1.0,6.0,46.0,28.0,27.0,88.0,12.0,106.0,115.0,70.0,4.0,,52.18884120171674,0.025703862660944203,0.008078107725321889,0.04925164473684211,0.015478611019736842,0.06473025575657894,0.9046052631578948,0.4934210526315789
932628,Tommy Doyle,Midfielder,1246.0,0.0,0.0,1086.0,0.44430000000000003,0.87942236,14,3.0,1.0,8.0,26.0,13.0,12.0,93.0,9.0,17.0,31.0,31.0,7.0,,78.4430176565008,0.032092295345104334,0.06352167929373997,0.040911602209944754,0.08097811786372007,0.12188972007366483,1.289134438305709,0.7366482504604052
934235,Bukayo Saka,Forward,2933.0,16.0,9.0,2130.0,15.4956,11.0014065,108,37.0,49.0,91.0,66.0,35.0,15.0,155.0,2.0,19.0,207.0,212.0,53.0,,65.35969996590522,0.4754872144561882,0.3375815155131265,0.7274929577464789,0.5164979577464789,1.2439909154929576,5.070422535211268,4.272300469483568
934354,Antoine Semenyo,Midfielder,2119.0,8.0,2.0,1132.0,4.6425,2.33277276,70,31.0,50.0,29.0,24.0,17.0,6.0,111.0,2.0,20.0,150.0,249.0,53.0,,48.07928268050968,0.19718027371401606,0.09907954148183105,0.41011484098939927,0.20607533215547705,0.6161901731448763,6.18374558303887,2.5618374558303887
934386,Jérémy Doku,Midfielder,1599.0,3.0,8.0,1310.0,2.5274,5.8552895000000005,55,19.0,87.0,45.0,39.0,22.0,9.0,75.0,0.0,2.0,161.0,129.0,37.0,,73.73358348968105,0.14225515947467168,0.32956601313320827,0.19293129770992368,0.4469686641221374,0.6398999618320611,4.198473282442748,3.435114503816794
935543,Dwight McNeil,Midfielder,2897.0,3.0,6.0,1757.0,3.4411,8.18164787,57,15.0,30.0,70.0,44.0,27.0,22.0,177.0,7.0,27.0,123.0,160.0,60.0,,54.58405246807042,0.10690334829133585,0.25417615060407317,0.19585088218554356,0.46566009504837796,0.6615109772339215,3.2441661923733633,3.9840637450199203
936849,Kaoru Mitoma,Midfielder,1488.0,3.0,4.0,919.0,3.3482,3.52582,34,15.0,39.0,25.0,13.0,6.0,5.0,68.0,1.0,11.0,86.0,97.0,15.0,,55.58467741935483,0.20251209677419355,0.21325524193548387,0.3643307943416757,0.383658324265506,0.7479891186071816,3.6996735582154514,2.720348204570185
941168,William Saliba,Defender,3420.0,2.0,1.0,3152.0,1.6036,0.91169114,10,4.0,10.0,6.0,41.0,26.0,29.0,213.0,17.0,78.0,139.0,94.0,13.0,,82.94736842105263,0.042199999999999994,0.023991872105263157,0.05087563451776649,0.028924211294416243,0.07979984581218275,0.31725888324873097,0.1903553299492386
943645,Max Aarons,Defender,1249.0,0.0,1.0,751.0,0.045200000000000004,0.9078738399999999,2,0.0,14.0,7.0,29.0,19.0,8.0,75.0,5.0,21.0,74.0,57.0,8.0,,54.11529223378703,0.003257005604483587,0.0654192518815052,0.006018641810918776,0.12088866045272968,0.12690730226364846,0.2663115845539281,0.9320905459387484
944656,Julián Alvarez,Forward,2657.0,11.0,9.0,1632.0,13.1241,6.29492118,98,40.0,20.0,67.0,24.0,13.0,2.0,98.0,0.0,13.0,61.0,129.0,36.0,,55.28039141889349,0.4445498682724878,0.21322653601806552,0.8041727941176471,0.3857182095588235,1.1898910036764707,6.004901960784314,4.105392156862745
944973,Nuno Tavares,Defender,462.0,0.0,0.0,359.0,0.1703,0.37354863,7,1.0,6.0,2.0,11.0,7.0,1.0,33.0,0.0,15.0,22.0,18.0,4.0,,69.93506493506494,0.03317532467532468,0.07276921363636363,0.04743732590529248,0.10405254317548747,0.15148986908077997,1.9498607242339834,0.5571030640668524
945122,Matheus Nunes,Defender,841.0,0.0,2.0,726.0,0.9196,1.7043677799999999,10,4.0,20.0,12.0,13.0,5.0,7.0,40.0,1.0,9.0,63.0,66.0,16.0,,77.69322235434007,0.09841141498216409,0.18239369821640902,0.12666666666666665,0.23476140220385672,0.3614280688705234,1.3774104683195594,1.6528925619834711
945792,Alfie Doughty,Midfielder,2937.0,2.0,8.0,2095.0,1.3098,5.39496918,26,8.0,33.0,71.0,63.0,40.0,31.0,185.0,9.0,36.0,128.0,124.0,13.0,,64.19816138917263,0.040136874361593466,0.16532081246169564,0.06252028639618139,0.25751642863961816,0.32003671503579956,1.2410501193317423,3.389021479713604
948261,Morgan Rogers,Midfielder,640.0,3.0,1.0,324.0,1.3516000000000001,0.38833677,11,5.0,17.0,9.0,8.0,1.0,3.0,31.0,0.0,8.0,41.0,52.0,11.0,,45.5625,0.19006875,0.05460985828124999,0.41716049382716053,0.11985702777777776,0.5370175216049383,3.3950617283950617,2.7777777777777777
954076,Fábio Silva,Forward,282.0,0.0,0.0,131.0,1.0327,0.10138361,7,3.0,2.0,4.0,7.0,4.0,2.0,15.0,0.0,0.0,15.0,23.0,4.0,,41.808510638297875,0.3295851063829787,0.032356471276595744,0.7883206106870229,0.07739206870229008,0.865712679389313,5.343511450381679,3.0534351145038165
955245,Harvey Elliott,Midfielder,1367.0,3.0,6.0,1178.0,2.7157,4.61526789,49,17.0,9.0,37.0,27.0,17.0,6.0,78.0,0.0,6.0,58.0,59.0,9.0,,77.55669348939283,0.17879517190929042,0.3038581639356255,0.23053480475382004,0.3917884456706282,0.6223232504244482,4.159592529711375,3.1409168081494054
958380,Antony,Midfielder,1347.0,1.0,1.0,899.0,3.3763,1.94154505,43,16.0,26.0,22.0,40.0,21.0,12.0,96.0,1.0,8.0,100.0,111.0,19.0,,60.066815144766146,0.2255879732739421,0.12972461358574608,0.3755617352614016,0.215967191323693,0.5915289265850945,4.78309232480534,2.4471635150166855
958916,Nathan Collins,Defender,2649.0,1.0,1.0,1944.0,1.6534,1.06328902,10,2.0,11.0,11.0,38.0,20.0,44.0,136.0,30.0,129.0,145.0,72.0,13.0,,66.0475651189128,0.0561744054360136,0.03612533476783692,0.0850514403292181,0.05469593724279836,0.13974737757201644,0.51440329218107,0.565843621399177
958959,Jurriën Timber,Defender,71.0,0.0,0.0,81.0,0.0,0.024798,0,0.0,1.0,0.0,2.0,2.0,0.0,4.0,0.0,1.0,4.0,5.0,1.0,,102.67605633802818,0.0,0.031434084507042256,0.0,0.030614814814814817,0.030614814814814817,0.0,0.0
958966,Mykhailo Mudryk,Midfielder,1586.0,5.0,2.0,862.0,4.425,3.17503046,35,12.0,39.0,32.0,21.0,12.0,9.0,50.0,1.0,6.0,94.0,110.0,22.0,,48.915510718789406,0.2511034047919294,0.18017196809583857,0.5133410672853828,0.36833299999999997,0.8816740672853828,4.060324825986079,3.7122969837587005
962012,Jan Paul van Hecke,Defender,2368.0,0.0,0.0,2705.0,1.2259,1.06192523,15,6.0,5.0,10.0,47.0,26.0,30.0,130.0,27.0,74.0,135.0,71.0,3.0,,102.80827702702703,0.04659248310810811,0.040360333910472966,0.045319778188539744,0.03925786432532347,0.08457764251386322,0.5545286506469501,0.36968576709796674
962883,Ansu Fati,Forward,524.0,2.0,0.0,325.0,2.9287,0.5942466399999999,26,11.0,5.0,6.0,5.0,3.0,3.0,22.0,0.0,3.0,24.0,45.0,10.0,,55.8206106870229,0.5030209923664122,0.10206526259541983,0.9011384615384616,0.18284512,1.0839835815384615,8.0,1.8461538461538463
964994,Joško Gvardiol,Defender,2328.0,4.0,1.0,2264.0,3.0972,2.0732527899999997,32,14.0,26.0,18.0,55.0,33.0,27.0,150.0,12.0,26.0,134.0,89.0,14.0,,87.52577319587628,0.11973711340206186,0.08015152538659792,0.13680212014134274,0.09157476987632508,0.2283768900176678,1.4134275618374559,0.7950530035335688
966547,Noni Madueke,Forward,1079.0,5.0,2.0,729.0,2.492,1.95722932,32,13.0,37.0,20.0,16.0,10.0,4.0,54.0,0.0,12.0,79.0,92.0,14.0,,60.80630213160334,0.20785912882298424,0.16325360407784986,0.341838134430727,0.2684813882030178,0.6103195226337449,4.38957475994513,2.7434842249657065
966869,Aaron Hickey,Defender,720.0,0.0,0.0,381.0,0.2095,0.14363508,7,1.0,5.0,1.0,16.0,9.0,3.0,42.0,3.0,10.0,38.0,29.0,5.0,,47.625,0.0261875,0.017954385,0.05498687664041994,0.037699496062992124,0.09268637270341207,1.837270341207349,0.26246719160104987
971037,Amad Diallo,Midfielder,388.0,1.0,1.0,258.0,0.518,0.48309135000000003,10,4.0,11.0,10.0,10.0,3.0,1.0,14.0,1.0,6.0,29.0,39.0,14.0,,59.845360824742265,0.12015463917525775,0.11205727190721651,0.20077519379844963,0.1872447093023256,0.3880199031007752,3.875968992248062,3.875968992248062
972421,Keane Lewis-Potter,Defender,1441.0,3.0,1.0,661.0,6.3417,1.95640883,43,22.0,21.0,13.0,17.0,7.0,7.0,62.0,2.0,20.0,71.0,90.0,18.0,,41.28383067314365,0.3960811936155448,0.12219069722414988,0.9594099848714069,0.29597713010590015,1.2553871149773073,6.505295007564296,1.9667170953101363
973418,Toti Gomes,Defender,2781.0,1.0,3.0,2165.0,1.6267,0.64913721,10,5.0,23.0,6.0,44.0,25.0,26.0,136.0,19.0,87.0,136.0,91.0,6.0,,70.06472491909385,0.052644012944983824,0.021007676699029126,0.07513625866050808,0.029983242956120093,0.10511950161662818,0.4618937644341801,0.27713625866050806
973556,Julio Enciso,Midfielder,482.0,0.0,2.0,288.0,1.4404,1.30035644,28,8.0,17.0,9.0,6.0,2.0,0.0,13.0,0.0,3.0,34.0,27.0,8.0,,53.77593360995851,0.268954356846473,0.24280514439834028,0.5001388888888889,0.45151265277777775,0.9516515416666668,9.722222222222223,3.125
974505,Enzo Fernández,Midfielder,2214.0,3.0,2.0,2218.0,6.1770000000000005,3.7425779599999998,47,16.0,23.0,32.0,50.0,22.0,17.0,122.0,13.0,26.0,125.0,135.0,24.0,,90.16260162601627,0.25109756097560976,0.15213731544715445,0.27849413886384133,0.16873660775473398,0.4472307466185753,2.1190261496844007,1.4427412082957618
974577,Jhon Durán,Forward,505.0,5.0,0.0,216.0,2.0316,0.18315655,20,7.0,2.0,4.0,6.0,5.0,1.0,15.0,0.0,9.0,36.0,44.0,14.0,,38.495049504950494,0.3620673267326732,0.03264176138613861,0.9405555555555556,0.08479469907407408,1.0253502546296298,9.25925925925926,1.8518518518518516
975079,João Pedro,Forward,2043.0,9.0,3.0,1346.0,11.8882,4.5643112,75,26.0,43.0,38.0,31.0,14.0,11.0,65.0,2.0,25.0,175.0,159.0,63.0,,59.29515418502202,0.5237092511013216,0.20107097797356827,0.883224368499257,0.33910187221396726,1.2223262407132243,5.572065378900446,2.823179791976226
975937,Jacob Ramsey,Midfielder,856.0,1.0,1.0,477.0,2.1672000000000002,1.37196175,19,5.0,8.0,11.0,16.0,8.0,3.0,42.0,2.0,7.0,41.0,52.0,21.0,,50.151869158878505,0.22785981308411218,0.14424831483644862,0.4543396226415095,0.2876230083857443,0.7419626310272537,3.9832285115303985,2.3060796645702304
976037,Jakub Kiwior,Defender,971.0,1.0,3.0,733.0,0.8260000000000001,0.6050597600000001,6,3.0,2.0,6.0,20.0,12.0,8.0,35.0,3.0,24.0,40.0,29.0,2.0,,67.94026776519053,0.07656024716786819,0.056081749124613806,0.11268758526603002,0.0825456698499318,0.19523325511596182,0.8185538881309686,0.8185538881309686
976263,Ian Maatsen,Defender,222.0,0.0,0.0,190.0,0.8141999999999999,0.19864925,5,1.0,0.0,2.0,3.0,2.0,3.0,11.0,0.0,9.0,7.0,25.0,7.0,,77.02702702702703,0.33008108108108103,0.08053347972972973,0.42852631578947364,0.10455223684210527,0.5330785526315789,2.631578947368421,1.0526315789473684
978838,Michael Olise,Midfielder,1277.0,10.0,6.0,1078.0,5.507,4.9871615700000005,57,21.0,40.0,36.0,19.0,10.0,11.0,68.0,0.0,9.0,109.0,110.0,33.0,,75.97494126859827,0.3881205951448708,0.3514835875489429,0.5108534322820036,0.4626309434137292,0.9734843756957329,5.287569573283859,3.339517625231911
979114,Owen Beck,Defender,16.0,0.0,0.0,10.0,0.0,0.00057049,0,0.0,0.0,0.0,2.0,1.0,0.0,0.0,0.0,0.0,2.0,1.0,0.0,,56.25,0.0,0.00320900625,0.0,0.005704900000000001,0.005704900000000001,0.0,0.0
979232,Anthony Elanga,Forward,2434.0,5.0,9.0,1097.0,6.5731,4.04566002,54,23.0,28.0,33.0,33.0,19.0,8.0,96.0,2.0,16.0,104.0,130.0,22.0,,40.56285949055054,0.2430480690221857,0.14959301635168445,0.5991886964448496,0.36879307383773924,0.9679817702825888,4.922515952597994,3.00820419325433
979233,Teden Mengi,Defender,2470.0,1.0,0.0,1331.0,0.5796,0.5927327,11,4.0,7.0,6.0,54.0,22.0,57.0,126.0,27.0,136.0,128.0,95.0,5.0,,48.49797570850202,0.021119028340080972,0.021597547773279352,0.04354620586025545,0.044532885048835465,0.08807909090909093,0.8264462809917356,0.4507888805409466
979290,Vinícius Souza,Midfielder,2679.0,1.0,0.0,1458.0,0.6359,0.48554568,14,6.0,17.0,4.0,125.0,76.0,32.0,153.0,17.0,75.0,220.0,152.0,25.0,,48.98096304591265,0.021362821948488243,0.016311724972004477,0.043614540466392314,0.03330217283950617,0.07691671330589848,0.9602194787379973,0.2743484224965706
979563,Jarrad Branthwaite,Defender,3117.0,3.0,0.0,1827.0,1.7396,1.28576511,14,4.0,5.0,4.0,66.0,32.0,50.0,181.0,36.0,157.0,184.0,88.0,2.0,,52.75264677574591,0.050229066410009626,0.037125075360923965,0.09521620142309797,0.07037575862068965,0.16559196004378762,0.7662835249042145,0.21893814997263275
980634,Tino Livramento,Defender,1311.0,1.0,0.0,1017.0,0.3678,0.8406447699999999,4,2.0,17.0,12.0,23.0,13.0,25.0,85.0,7.0,37.0,80.0,48.0,18.0,,69.81693363844393,0.025249427917620137,0.057710167276887867,0.03616519174041298,0.08265926941986233,0.1188244611602753,0.39331366764995085,1.1799410029498525
980643,James Trafford,Goalkeeper,2520.0,0.0,0.0,1735.0,0.0,0.06188923,0,0.0,2.0,0.0,2.0,1.0,1.0,295.0,0.0,38.0,23.0,3.0,0.0,,61.964285714285715,0.0,0.002210329642857143,0.0,0.0035671025936599423,0.0035671025936599423,0.0,0.0
980649,Myles Peart-Harris,Midfielder,24.0,0.0,0.0,15.0,0.0,0.00415539,0,0.0,0.0,1.0,0.0,0.0,0.0,0.0,0.0,1.0,2.0,9.0,2.0,,56.25,0.0,0.0155827125,0.0,0.027702599999999997,0.027702599999999997,0.0,6.666666666666667
982613,Boubacar Traoré,Midfielder,840.0,0.0,0.0,594.0,0.2942,0.32246843,11,1.0,10.0,6.0,35.0,23.0,5.0,62.0,2.0,7.0,55.0,72.0,17.0,,63.642857142857146,0.031521428571428575,0.034550188928571424,0.04952861952861953,0.05428761447811447,0.10381623400673402,1.8518518518518516,1.0101010101010102
982780,Cole Palmer,Midfielder,2624.0,22.0,11.0,1893.0,18.2105,8.74592745,109,46.0,52.0,72.0,23.0,12.0,20.0,105.0,2.0,11.0,102.0,128.0,44.0,,64.92759146341463,0.6245979420731708,0.299974645769817,0.9619915478077126,0.4620141283676704,1.424005676175383,5.758055995773904,3.8034865293185423
983066,Andrew Omobamidele,Defender,782.0,0.0,0.0,402.0,0.1365,0.03034672,1,0.0,0.0,2.0,10.0,3.0,13.0,21.0,8.0,42.0,20.0,19.0,0.0,,46.265984654731454,0.015709718670076728,0.0034925892583120206,0.03395522388059702,0.007548935323383086,0.0415041592039801,0.24875621890547264,0.4975124378109453
983572,Destiny Udogie,Defender,2398.0,2.0,3.0,1882.0,2.4737999999999998,2.0186744,9,5.0,24.0,24.0,68.0,33.0,37.0,169.0,8.0,67.0,150.0,151.0,26.0,,70.63386155129274,0.09284487072560466,0.07576342618849041,0.1314452709883103,0.10726218916046759,0.23870746014877786,0.4782146652497344,1.2752391073326248
987489,Beto,Forward,973.0,3.0,0.0,427.0,6.7901,0.31663987,43,13.0,15.0,11.0,14.0,6.0,1.0,36.0,0.0,13.0,95.0,123.0,22.0,,39.49640287769784,0.6280668036998972,0.02928837440904419,1.5901873536299767,0.0741545362997658,1.6643418899297424,10.070257611241217,2.576112412177986
987650,Moisés Caicedo,Midfielder,2872.0,1.0,3.0,2583.0,0.4485,2.0162943700000002,13,4.0,26.0,23.0,91.0,46.0,37.0,200.0,25.0,33.0,196.0,153.0,24.0,,80.94359331476323,0.01405466573816156,0.06318471215181058,0.017363530778164927,0.07806017692605498,0.09542370770421991,0.5032907471931862,0.8904374758033295
988275,Tyrick Mitchell,Midfielder,3208.0,2.0,3.0,2130.0,1.613,2.35117156,12,4.0,18.0,24.0,105.0,60.0,26.0,208.0,10.0,86.0,160.0,108.0,28.0,,59.756857855361595,0.04525249376558603,0.06596179563591023,0.07572769953051643,0.11038364131455398,0.18611134084507042,0.5633802816901409,1.1267605633802817
989056,Giovanni Reyna,Midfielder,230.0,0.0,1.0,184.0,0.2953,0.36907782,5,2.0,3.0,7.0,7.0,3.0,2.0,14.0,0.0,0.0,19.0,23.0,4.0,,72.0,0.11555217391304348,0.1444217556521739,0.1604891304347826,0.20058577173913045,0.361074902173913,2.717391304347826,3.804347826086957
989803,Facundo Pellistri,Midfielder,175.0,0.0,1.0,133.0,0.7194,0.38932416000000003,4,2.0,5.0,1.0,5.0,3.0,1.0,11.0,1.0,5.0,22.0,18.0,4.0,,68.4,0.36997714285714284,0.20022385371428572,0.5409022556390978,0.2927249323308271,0.8336271879699249,3.007518796992481,0.7518796992481203
990550,Zeki Amdouni,Forward,1999.0,5.0,1.0,879.0,5.8227,1.2709872,49,22.0,29.0,16.0,27.0,18.0,9.0,79.0,10.0,10.0,110.0,174.0,32.0,,39.57478739369685,0.2621525762881441,0.05722303551775888,0.6624232081911263,0.1445946757679181,0.8070178839590443,5.5745164960182025,1.8202502844141069
991584,Luke Thomas,Defender,918.0,0.0,0.0,458.0,0.5306,0.17787696,6,1.0,5.0,2.0,20.0,9.0,10.0,39.0,5.0,22.0,48.0,40.0,5.0,,44.90196078431372,0.05201960784313725,0.01743891764705882,0.11585152838427946,0.03883776419213974,0.15468929257641922,1.3100436681222707,0.43668122270742354
993451,Cameron Archer,Forward,1871.0,4.0,1.0,665.0,5.6184,1.40028918,42,11.0,30.0,24.0,18.0,13.0,1.0,63.0,3.0,9.0,75.0,139.0,45.0,,31.988241582041688,0.27025975414217,0.0673575768038482,0.8448721804511278,0.2105698015037594,1.0554419819548873,6.315789473684211,3.6090225563909777
994363,Bart Verbruggen,Goalkeeper,1890.0,0.0,0.0,976.0,0.0,0.01002311,0,0.0,1.0,0.0,1.0,1.0,0.0,205.0,0.0,17.0,9.0,2.0,0.0,,46.476190476190474,0.0,0.0004772909523809524,0.0,0.0010269579918032786,0.0010269579918032786,0.0,0.0
994546,Elliot Anderson,Midfielder,1022.0,0.0,2.0,703.0,1.542,1.2193359,19,5.0,21.0,15.0,24.0,18.0,8.0,60.0,4.0,20.0,83.0,87.0,22.0,,61.90802348336595,0.1357925636007828,0.10737791682974558,0.21934566145092463,0.17344749644381222,0.39279315789473684,2.7027027027027026,2.1337126600284493
994550,Joe White,Midfielder,21.0,0.0,0.0,13.0,0.0,0.00271799,0,0.0,0.0,0.0,1.0,1.0,0.0,2.0,0.0,0.0,1.0,4.0,0.0,,55.714285714285715,0.0,0.011648528571428573,0.0,0.020907615384615386,0.020907615384615386,0.0,0.0
994556,Carney Chukwuemeka,Midfielder,223.0,1.0,1.0,175.0,0.1512,0.30184676,3,2.0,2.0,4.0,6.0,4.0,0.0,11.0,1.0,1.0,11.0,22.0,4.0,,70.62780269058297,0.06102242152466368,0.12182156233183856,0.08639999999999999,0.17248386285714284,0.2588838628571428,1.7142857142857144,2.2857142857142856
996911,Levi Colwill,Defender,1798.0,1.0,1.0,1438.0,1.2961,0.52875961,11,3.0,9.0,7.0,48.0,30.0,26.0,96.0,10.0,64.0,114.0,61.0,4.0,,71.97997775305895,0.06487708565072302,0.026467388709677422,0.09013212795549375,0.036770487482614744,0.1269026154381085,0.764951321279555,0.48678720445062584
996958,Malo Gusto,Defender,1761.0,0.0,6.0,1729.0,0.9290999999999999,3.25391114,15,5.0,17.0,32.0,55.0,27.0,17.0,126.0,4.0,37.0,110.0,89.0,12.0,,88.36456558773423,0.04748381601362862,0.16629869540034073,0.05373626373626373,0.18819613302486987,0.2419323967611336,0.8675534991324465,1.850780798149219
996985,Armando Broja,Forward,579.0,1.0,1.0,252.0,2.071,0.31405944,13,2.0,15.0,4.0,3.0,0.0,0.0,16.0,1.0,3.0,39.0,70.0,18.0,,39.170984455958546,0.3219170984455959,0.04881752953367876,0.8218253968253968,0.1246267619047619,0.9464521587301588,5.158730158730158,1.5873015873015872
997103,Radu Drăguşin,Defender,449.0,0.0,0.0,418.0,0.1368,0.02519081,1,0.0,1.0,0.0,5.0,3.0,8.0,21.0,4.0,18.0,19.0,14.0,1.0,,83.78619153674833,0.027420935412026726,0.005049382850779511,0.03272727272727273,0.00602650956937799,0.03875378229665072,0.23923444976076555,0.0
997104,Naouirou Ahamada,Midfielder,376.0,0.0,0.0,265.0,0.4908,0.12924154,9,2.0,7.0,1.0,13.0,9.0,2.0,30.0,0.0,4.0,29.0,37.0,11.0,,63.430851063829785,0.11747872340425533,0.030935474999999997,0.18520754716981133,0.04877039245283018,0.23397793962264152,3.3962264150943398,0.37735849056603776
998247,Micky van de Ven,Defender,2342.0,3.0,0.0,2089.0,0.6074,0.3363756,8,3.0,15.0,1.0,49.0,35.0,18.0,144.0,15.0,71.0,119.0,84.0,12.0,,80.27754056362083,0.02334158838599488,0.012926474807856532,0.029076112972714216,0.016102230732407852,0.045178343705122075,0.3829583532790809,0.04786979415988511
998772,Dane Scarlett,Forward,42.0,0.0,0.0,14.0,0.0,0.00244248,0,0.0,0.0,0.0,1.0,1.0,0.0,0.0,0.0,0.0,3.0,6.0,0.0,,30.0,0.0,0.0052338857142857145,0.0,0.017446285714285713,0.017446285714285713,0.0,0.0
998832,Lewis Dobbin,Forward,263.0,1.0,0.0,142.0,0.2898,0.13304814,5,2.0,6.0,4.0,9.0,7.0,1.0,20.0,1.0,0.0,23.0,29.0,6.0,,48.59315589353612,0.09917110266159697,0.04552978174904943,0.20408450704225353,0.09369587323943662,0.2977803802816902,3.5211267605633805,2.8169014084507045
999231,Evan Ferguson,Forward,1381.0,6.0,0.0,506.0,4.5289,0.78274621,33,20.0,7.0,6.0,14.0,6.0,2.0,25.0,3.0,8.0,59.0,87.0,31.0,,32.97610427226647,0.2951491672700941,0.05101170086893555,0.8950395256916996,0.15469292687747035,1.0497324525691698,6.521739130434782,1.185770750988142
1000142,Aaron Ramsey,Midfielder,524.0,0.0,0.0,249.0,0.3481,0.50091112,6,2.0,3.0,1.0,17.0,14.0,1.0,24.0,2.0,10.0,27.0,36.0,10.0,,42.76717557251908,0.059788167938931304,0.08603435267175573,0.1397991967871486,0.20116912449799199,0.3409683212851406,2.4096385542168677,0.4016064257028112
1000449,Amadou Diallo,Forward,1.0,0.0,0.0,1.0,0.0,9.98e-06,0,0.0,0.0,0.0,0.0,0.0,0.0,0.0,0.0,0.0,0.0,0.0,0.0,,90.0,0.0,0.0008981999999999999,0.0,0.000998,0.000998,0.0,0.0
1002711,Pape Matar Sarr,Midfielder,2091.0,3.0,3.0,1652.0,3.4357,2.08924029,36,14.0,19.0,20.0,34.0,24.0,31.0,144.0,5.0,28.0,94.0,111.0,15.0,,71.10473457675754,0.14787804878048783,0.08992425925394548,0.2079721549636804,0.1264673299031477,0.33443948486682806,2.1791767554479415,1.2106537530266344
1003334,James McAtee,Midfielder,1843.0,3.0,3.0,883.0,3.0665,2.14311571,26,9.0,33.0,28.0,32.0,21.0,11.0,96.0,0.0,15.0,104.0,156.0,40.0,,43.119913185024416,0.14974769397721108,0.1046556776451438,0.347281993204983,0.2427084609286523,0.5899904541336353,2.944507361268403,3.1710079275198186
1003339,Jarell Quansah,Defender,1189.0,2.0,0.0,1301.0,1.04,0.17174702,6,4.0,4.0,3.0,25.0,22.0,17.0,72.0,8.0,39.0,76.0,43.0,2.0,,98.47771236333053,0.07872161480235493,0.01300019495374264,0.07993850883935434,0.013201154496541122,0.09313966333589546,0.4611837048424289,0.23059185242121444
1004342,Tyler Onyango,Midfielder,1.0,0.0,0.0,0.0,0.0,0.0,0,0.0,0.0,0.0,0.0,0.0,0.0,0.0,0.0,0.0,0.0,0.0,0.0,,0.0,0.0,0.0,,,,,
1005725,Tawanda Chirewa,Midfielder,165.0,0.0,0.0,93.0,0.16140000000000002,0.07784678,3,1.0,1.0,1.0,7.0,3.0,1.0,3.0,0.0,0.0,11.0,13.0,3.0,,50.72727272727273,0.08803636363636365,0.04246188,0.1735483870967742,0.08370621505376344,0.2572546021505377,3.225806451612903,1.0752688172043012
1005766,Thomas Cannon,Forward,1.0,0.0,0.0,0.0,0.0,0.0,0,0.0,0.0,0.0,0.0,0.0,0.0,0.0,0.0,0.0,0.0,0.0,0.0,,0.0,0.0,0.0,,,,,
1006147,Anis Ben Slimane,Midfielder,434.0,0.0,0.0,239.0,0.7972999999999999,0.135166,8,3.0,2.0,3.0,11.0,6.0,5.0,35.0,1.0,7.0,26.0,56.0,12.0,,49.56221198156682,0.16533870967741934,0.028029815668202767,0.33359832635983255,0.05655481171548117,0.39015313807531377,3.3472803347280333,1.2552301255230125
1006189,Issa Kaboré,Midfielder,1732.0,0.0,2.0,1047.0,0.2201,1.87761107,6,1.0,18.0,16.0,52.0,28.0,16.0,102.0,11.0,46.0,117.0,92.0,8.0,,54.405311778291,0.011437066974595842,0.09756639509237874,0.02102196752626552,0.17933248042024832,0.20035444794651386,0.5730659025787965,1.5281757402101241
1006387,Kevin Schade,Midfielder,339.0,2.0,1.0,159.0,1.2012,0.73020455,8,4.0,2.0,4.0,3.0,1.0,1.0,23.0,0.0,4.0,28.0,44.0,6.0,,42.21238938053097,0.31890265486725666,0.19385961504424779,0.7554716981132076,0.45924814465408803,1.2147198427672956,5.031446540880504,2.515723270440252
1008402,Conor Bradley,Defender,761.0,1.0,3.0,705.0,0.8913,1.19331239,12,4.0,13.0,15.0,33.0,25.0,10.0,50.0,1.0,13.0,69.0,51.0,10.0,,83.37713534822602,0.10540998685939552,0.14112761511169514,0.1264255319148936,0.16926416879432624,0.2956897007092199,1.702127659574468,2.127659574468085
1009334,Lorenz Assignon,Defender,1237.0,1.0,2.0,726.0,0.4006,1.58333463,9,4.0,13.0,13.0,35.0,17.0,19.0,67.0,7.0,41.0,77.0,93.0,13.0,,52.821341956346,0.029146321746160067,0.1151981541632983,0.05517906336088154,0.2180901694214876,0.27326923278236914,1.2396694214876034,1.790633608815427
1009386,Hannibal Mejbri,Midfielder,138.0,1.0,0.0,69.0,0.0,0.47873997999999995,1,1.0,2.0,2.0,3.0,3.0,0.0,10.0,1.0,0.0,13.0,16.0,4.0,,45.0,0.0,0.3122217260869565,0.0,0.6938260579710145,0.6938260579710145,1.4492753623188406,2.898550724637681
1013928,Hugo Bueno,Midfielder,793.0,0.0,0.0,545.0,0.2802,0.6953259,5,0.0,8.0,6.0,21.0,14.0,6.0,37.0,4.0,20.0,44.0,50.0,14.0,,61.85372005044136,0.03180075662042875,0.07891466708701135,0.05141284403669725,0.12758273394495415,0.1789955779816514,0.9174311926605505,1.1009174311926606
1014461,Jaden Philogene-Bidace,Midfielder,10.0,0.0,0.0,4.0,0.0,0.0003322,0,0.0,0.0,0.0,0.0,0.0,0.0,1.0,0.0,0.0,0.0,0.0,0.0,,36.0,0.0,0.0029898,0.0,0.008305,0.008305,0.0,0.0
1014556,Michael Olakigbe,Forward,100.0,0.0,0.0,75.0,0.1191,0.02561409,3,1.0,3.0,0.0,3.0,0.0,1.0,7.0,0.0,0.0,9.0,14.0,1.0,,67.5,0.10719,0.023052681000000002,0.1588,0.034152119999999994,0.19295211999999998,4.0,0.0
1015256,Rodrigo Muniz,Forward,1607.0,9.0,1.0,533.0,8.721,0.93269376,73,27.0,5.0,18.0,7.0,3.0,6.0,34.0,3.0,20.0,120.0,184.0,34.0,,29.85065339141257,0.4884194150591164,0.05223549371499689,1.6362101313320825,0.1749894484052533,1.8111995797373357,13.696060037523452,3.377110694183865
1015267,João Gomes,Midfielder,2667.0,2.0,1.0,1764.0,1.6925000000000001,1.74752067,26,8.0,26.0,20.0,128.0,74.0,18.0,183.0,8.0,29.0,211.0,211.0,44.0,,59.52755905511811,0.057114735658042745,0.05897145118110236,0.09594671201814059,0.09906579761904762,0.19501250963718822,1.473922902494331,1.1337868480725624
1016788,Cesare Casadei,Midfielder,102.0,0.0,0.0,84.0,0.0,0.07765317,0,0.0,2.0,2.0,5.0,3.0,0.0,1.0,0.0,4.0,20.0,11.0,0.0,,74.11764705882352,0.0,0.06851750294117646,0.0,0.09244424999999999,0.09244424999999999,0.0,2.380952380952381
1020141,Nathan Patterson,Defender,1012.0,0.0,2.0,707.0,0.3345,1.03964363,4,0.0,7.0,8.0,34.0,24.0,9.0,60.0,3.0,28.0,53.0,66.0,6.0,,62.87549407114624,0.02974802371541502,0.09245842559288539,0.04731258840169732,0.14705001838755305,0.19436260678925035,0.5657708628005658,1.1315417256011315
1020203,Brandon Aguilera,Midfielder,15.0,0.0,0.0,11.0,0.0,0.00168891,0,0.0,0.0,0.0,0.0,0.0,0.0,0.0,0.0,0.0,0.0,3.0,0.0,,66.0,0.0,0.01013346,0.0,0.015353727272727274,0.015353727272727274,0.0,0.0
1020680,Jaidon Anthony,Midfielder,153.0,0.0,0.0,75.0,0.0683,0.030639559999999996,2,1.0,2.0,0.0,3.0,1.0,1.0,11.0,0.0,2.0,8.0,18.0,2.0,,44.11764705882353,0.04017647058823529,0.01802327058823529,0.09106666666666666,0.04085274666666666,0.13191941333333332,2.666666666666667,0.0
1023567,Ilya Zabarnyi,Defender,3330.0,1.0,0.0,2218.0,1.0857999999999999,0.58653013,8,3.0,9.0,7.0,59.0,32.0,33.0,153.0,34.0,138.0,167.0,115.0,2.0,,59.94594594594595,0.029345945945945945,0.015852165675675677,0.04895401262398557,0.026444099639314697,0.07539811226330026,0.36068530207394045,0.3155996393146979
1031258,Yehor Yarmoliuk,Midfielder,716.0,0.0,0.0,444.0,1.0046,0.60495026,11,5.0,17.0,3.0,17.0,11.0,6.0,50.0,4.0,5.0,49.0,47.0,10.0,,55.81005586592178,0.12627653631284916,0.07604123379888267,0.22626126126126123,0.13625005855855854,0.36251131981981977,2.4774774774774775,0.6756756756756757
1048916,Lesley Ugochukwu,Midfielder,311.0,0.0,0.0,224.0,0.0,0.13593637,0,0.0,3.0,3.0,14.0,10.0,1.0,12.0,2.0,5.0,28.0,15.0,3.0,,64.82315112540194,0.0,0.039338499356913186,0.0,0.06068587946428571,0.06068587946428571,0.0,1.3392857142857142
1049860,Antwoine Hackford,Forward,17.0,0.0,0.0,4.0,0.0,0.00020179,0,0.0,0.0,0.0,0.0,0.0,0.0,0.0,0.0,0.0,0.0,2.0,0.0,,21.176470588235293,0.0,0.0010683,0.0,0.00504475,0.00504475,0.0,0.0
1064039,Danilo Santos,Midfielder,1796.0,2.0,2.0,1036.0,1.8435000000000001,0.7021027,23,7.0,17.0,20.0,36.0,18.0,35.0,118.0,8.0,41.0,76.0,69.0,13.0,,51.91536748329621,0.09238028953229399,0.035183320155902004,0.17794401544401547,0.06777053088803088,0.2457145463320463,2.2200772200772203,1.9305019305019304
1065216,Oscar Bobb,Midfielder,303.0,1.0,1.0,241.0,1.3837,1.32504118,4,2.0,11.0,10.0,7.0,3.0,5.0,17.0,0.0,1.0,22.0,17.0,6.0,,71.58415841584159,0.41100000000000003,0.39357658811881185,0.5741493775933609,0.5498096182572614,1.1239589958506222,1.6597510373443984,4.149377593360995
1069488,Roméo Lavia,Midfielder,32.0,0.0,0.0,31.0,0.0,0.00751477,0,0.0,0.0,0.0,1.0,0.0,0.0,0.0,0.0,1.0,2.0,1.0,0.0,,87.1875,0.0,0.021135290624999997,0.0,0.024241193548387094,0.024241193548387094,0.0,0.0
1069627,Odeluga Offiah,Defender,146.0,0.0,0.0,92.0,0.0,0.02905131,0,0.0,4.0,0.0,1.0,0.0,1.0,4.0,0.0,0.0,8.0,4.0,0.0,,56.71232876712328,0.0,0.01790834178082192,0.0,0.031577510869565215,0.031577510869565215,0.0,0.0
1082894,Michael Ndiweni,Forward,1.0,0.0,0.0,2.0,0.0,3.042e-05,0,0.0,0.0,0.0,0.0,0.0,0.0,0.0,0.0,0.0,0.0,0.0,0.0,,180.0,0.0,0.0027378,0.0,0.001521,0.001521,0.0,0.0
1085180,Brennan Johnson,Forward,2330.0,5.0,10.0,1141.0,10.6073,4.4982609700000005,53,21.0,27.0,46.0,30.0,16.0,10.0,86.0,2.0,9.0,99.0,119.0,21.0,,44.072961373390555,0.40972403433476395,0.1737525696566524,0.929649430324277,0.3942384723926381,1.323887902716915,4.645048203330412,4.031551270815075
1085381,Nicolas Jackson,Forward,2804.0,14.0,5.0,1142.0,18.6437,2.88144144,80,41.0,54.0,39.0,21.0,13.0,4.0,98.0,5.0,17.0,150.0,209.0,66.0,,36.654778887303856,0.5984069186875891,0.09248563823109844,1.6325481611208406,0.2523153625218914,1.8848635236427318,7.005253940455342,3.4150612959719786
1085950,Tim Iroegbunam,Midfielder,178.0,0.0,0.0,88.0,0.0,0.009006479999999999,0,0.0,3.0,0.0,7.0,5.0,2.0,15.0,0.0,2.0,14.0,19.0,3.0,,44.49438202247191,0.0,0.0045538382022471905,0.0,0.010234636363636362,0.010234636363636362,0.0,0.0
1086417,Rasmus Højlund,Forward,2169.0,10.0,2.0,685.0,7.6075,0.89416686,38,21.0,18.0,28.0,11.0,7.0,1.0,60.0,1.0,19.0,84.0,139.0,29.0,,28.42323651452282,0.31566390041493775,0.03710235933609959,1.1105839416058394,0.13053530802919708,1.2411192496350365,5.547445255474453,4.087591240875913
1090458,David Datro Fofana,Forward,901.0,4.0,1.0,350.0,4.523000000000001,0.28563172,19,10.0,15.0,8.0,10.0,5.0,1.0,22.0,3.0,2.0,48.0,94.0,20.0,,34.96115427302997,0.4517980022197559,0.02853147036625971,1.2922857142857145,0.08160906285714285,1.3738947771428571,5.428571428571429,2.2857142857142856
1096136,Daniel Jebbison,Forward,20.0,0.0,0.0,9.0,0.0,0.00024698,0,0.0,0.0,0.0,0.0,0.0,0.0,1.0,0.0,0.0,0.0,0.0,0.0,,40.5,0.0,0.00111141,0.0,0.002744222222222222,0.002744222222222222,0.0,0.0
1096447,Kaide Gordon,Forward,1.0,0.0,0.0,2.0,0.0,0.00360423,0,0.0,0.0,0.0,0.0,0.0,0.0,0.0,0.0,0.0,1.0,0.0,0.0,,180.0,0.0,0.32438069999999997,0.0,0.1802115,0.1802115,0.0,0.0
1097425,Miloš Kerkez,Defender,1983.0,0.0,1.0,1144.0,1.206,1.02754975,16,5.0,12.0,12.0,47.0,26.0,20.0,93.0,11.0,56.0,98.0,88.0,10.0,,51.92133131618759,0.054735249621785165,0.04663614599092284,0.10541958041958041,0.08982078234265733,0.19524036276223775,1.3986013986013985,1.048951048951049
1099074,Kaine Kesler-Hayden,Defender,10.0,0.0,0.0,0.0,0.0,0.0,0,0.0,0.0,0.0,0.0,0.0,0.0,0.0,0.0,0.0,0.0,1.0,0.0,,0.0,0.0,0.0,,,,,
1099792,Bénie Traoré,Midfielder,392.0,0.0,0.0,130.0,0.2676,0.45585988,1,1.0,5.0,4.0,4.0,2.0,1.0,22.0,1.0,1.0,15.0,54.0,7.0,,29.846938775510203,0.06143877551020409,0.10466170714285714,0.20584615384615385,0.35066144615384615,0.5565076,0.7692307692307693,3.076923076923077
1101362,Jesurun Rak-Sakyi,Midfielder,140.0,0.0,0.0,90.0,0.41659999999999997,0.13891001,5,1.0,4.0,2.0,4.0,1.0,3.0,6.0,0.0,1.0,15.0,11.0,3.0,,57.85714285714286,0.26781428571428567,0.08929929214285715,0.4628888888888889,0.15434445555555554,0.6172333444444444,5.555555555555555,2.2222222222222223
1104986,Alex Scott,Midfielder,1017.0,1.0,1.0,670.0,0.7206,1.06031568,15,4.0,13.0,22.0,24.0,15.0,12.0,63.0,4.0,17.0,76.0,89.0,11.0,,59.29203539823009,0.06376991150442478,0.09383324601769912,0.10755223880597016,0.15825607164179104,0.2658083104477612,2.2388059701492535,3.2835820895522385
1105779,Andrey Santos,Midfielder,12.0,0.0,0.0,10.0,0.0565,0.00351376,2,0.0,0.0,0.0,0.0,0.0,0.0,0.0,0.0,0.0,0.0,1.0,0.0,,75.0,0.42375,0.0263532,0.5650000000000001,0.0351376,0.6001376,20.0,0.0
1106451,Dango Ouattara,Midfielder,1234.0,1.0,2.0,849.0,2.5991,1.40642727,30,7.0,21.0,17.0,45.0,27.0,22.0,69.0,3.0,33.0,118.0,90.0,12.0,,61.92058346839546,0.18956158833063208,0.10257573282009724,0.30613663133097757,0.1656569222614841,0.4717935535924618,3.53356890459364,2.0023557126030624
1109771,Adam Wharton,Midfielder,1305.0,0.0,3.0,793.0,0.3413,1.50841495,10,1.0,3.0,21.0,48.0,32.0,20.0,76.0,3.0,24.0,79.0,66.0,12.0,,54.689655172413794,0.023537931034482755,0.1040286172413793,0.04303909205548549,0.1902162610340479,0.2332553530895334,1.2610340479192939,2.648171500630517
1110842,Simon Adingra,Midfielder,2239.0,6.0,1.0,1262.0,4.3091,3.44008005,52,22.0,50.0,33.0,45.0,20.0,19.0,118.0,1.0,22.0,122.0,155.0,28.0,,50.72800357302367,0.17321080839660563,0.1382792338097365,0.3414500792393027,0.2725895443740095,0.6140396236133122,4.120443740095087,2.6148969889064975
1113799,Lewis Warrington,Midfielder,1.0,0.0,0.0,3.0,0.0,4.17e-06,0,0.0,0.0,0.0,0.0,0.0,0.0,1.0,0.0,0.0,0.0,0.0,0.0,,270.0,0.0,0.0003753,0.0,0.000139,0.000139,0.0,0.0
1114837,Alfie Gilchrist,Defender,223.0,1.0,0.0,179.0,0.3244,0.04650998,5,1.0,1.0,0.0,4.0,0.0,3.0,9.0,3.0,9.0,7.0,13.0,2.0,,72.24215246636771,0.1309237668161435,0.018770843946188342,0.18122905027932962,0.02598322905027933,0.20721227932960895,2.793296089385475,0.0
1116593,Matheus França,Forward,238.0,0.0,1.0,131.0,0.3623,0.46084506,8,2.0,4.0,6.0,3.0,3.0,1.0,17.0,0.0,1.0,10.0,33.0,7.0,,49.537815126050425,0.13700420168067226,0.17426914033613444,0.2765648854961832,0.35179012213740457,0.6283550076335878,6.106870229007633,4.580152671755725
1116987,Alejo Véliz,Forward,70.0,1.0,0.0,22.0,0.2425,0.005244550000000001,2,1.0,1.0,0.0,1.0,0.0,0.0,0.0,0.0,0.0,4.0,5.0,2.0,,28.285714285714285,0.3117857142857143,0.006742992857142857,1.1022727272727273,0.02383886363636364,1.1261115909090909,9.090909090909092,0.0
1117025,Facundo Buonanotte,Midfielder,1377.0,3.0,1.0,767.0,2.4148,1.16575133,21,9.0,18.0,18.0,42.0,22.0,8.0,66.0,3.0,5.0,107.0,139.0,33.0,,50.13071895424837,0.15783006535947713,0.0761928973856209,0.3148370273794003,0.15198843937418513,0.4668254667535854,2.737940026075619,2.346805736636245
1117223,Maxime Estève,Defender,1312.0,0.0,0.0,1001.0,0.2717,0.18185086,7,0.0,1.0,1.0,27.0,10.0,27.0,62.0,10.0,55.0,70.0,64.0,3.0,,68.66615853658537,0.01863795731707317,0.012474525457317073,0.027142857142857146,0.01816691908091908,0.04530977622377622,0.6993006993006993,0.0999000999000999
1122603,William Osula,Forward,803.0,0.0,0.0,225.0,1.6517,0.15672162,21,8.0,3.0,1.0,2.0,2.0,2.0,12.0,1.0,9.0,41.0,112.0,15.0,,25.21793275217933,0.1851220423412204,0.017565312328767124,0.7340888888888889,0.06965405333333334,0.8037429422222221,9.333333333333334,0.4444444444444444
1125214,Alex Murphy,Defender,16.0,0.0,0.0,21.0,0.0,0.0025473899999999996,0,0.0,0.0,0.0,1.0,1.0,1.0,2.0,0.0,0.0,1.0,3.0,0.0,,118.125,0.0,0.014329068749999998,0.0,0.01213042857142857,0.01213042857142857,0.0,0.0
1127057,Valentín Barco,Midfielder,308.0,0.0,0.0,290.0,0.1866,0.37951179,4,2.0,5.0,4.0,11.0,5.0,4.0,16.0,0.0,2.0,24.0,23.0,4.0,,84.74025974025975,0.054525974025974026,0.11089630227272729,0.06434482758620688,0.13086613448275863,0.19521096206896552,1.3793103448275863,1.3793103448275863
1133697,Sam Curtis,Defender,27.0,0.0,0.0,15.0,0.0,0.00061525,0,0.0,0.0,0.0,1.0,0.0,0.0,1.0,0.0,0.0,1.0,2.0,1.0,,50.0,0.0,0.0020508333333333333,0.0,0.004101666666666667,0.004101666666666667,0.0,0.0
1134729,Luke Harris,Midfielder,74.0,0.0,0.0,21.0,0.2773,0.0106698,1,1.0,0.0,0.0,1.0,1.0,0.0,3.0,0.0,0.0,3.0,5.0,0.0,,25.54054054054054,0.33725675675675676,0.012976783783783785,1.3204761904761906,0.050808571428571425,1.371284761904762,4.761904761904762,0.0
1135873,Alejandro Garnacho,Forward,2586.0,7.0,4.0,1445.0,8.3873,2.90599548,100,28.0,48.0,46.0,22.0,15.0,18.0,106.0,2.0,12.0,130.0,188.0,49.0,,50.29002320185615,0.2919013921113689,0.10113673364269143,0.5804359861591695,0.20110695363321798,0.7815429397923875,6.920415224913495,3.183391003460208
1136721,Willy Kambwala,Defender,336.0,0.0,0.0,235.0,0.0,0.01893155,0,0.0,0.0,0.0,3.0,1.0,4.0,12.0,3.0,12.0,11.0,11.0,1.0,,62.94642857142857,0.0,0.005070950892857143,0.0,0.008055978723404255,0.008055978723404255,0.0,0.0
1136730,Lewis Hall,Defender,799.0,1.0,0.0,706.0,0.3495,0.72590553,11,4.0,9.0,3.0,28.0,18.0,12.0,56.0,2.0,17.0,52.0,47.0,13.0,,79.52440550688361,0.03936795994993742,0.08176658035043806,0.049504249291784694,0.10281948016997167,0.15232372946175637,1.5580736543909348,0.424929178470255
1136731,Rico Lewis,Defender,806.0,2.0,0.0,654.0,0.6298999999999999,1.24878685,5,4.0,4.0,13.0,10.0,7.0,4.0,42.0,1.0,3.0,34.0,32.0,12.0,,73.0272952853598,0.07033622828784118,0.13944270037220843,0.0963149847094801,0.19094600152905197,0.2872609862385321,0.764525993883792,1.9877675840978593
1138421,Mason Burstow,Forward,16.0,0.0,0.0,6.0,0.0,0.00187029,0,0.0,0.0,0.0,0.0,0.0,0.0,0.0,0.0,0.0,0.0,0.0,0.0,,33.75,0.0,0.01052038125,0.0,0.0311715,0.0311715,0.0,0.0
1138428,James McConnell,Midfielder,11.0,0.0,0.0,10.0,0.0,0.00034745999999999996,0,0.0,0.0,0.0,0.0,0.0,1.0,0.0,0.0,0.0,1.0,1.0,0.0,,81.81818181818181,0.0,0.0028428545454545454,0.0,0.0034745999999999996,0.0034745999999999996,0.0,0.0
1142175,Kobbie Mainoo,Midfielder,1939.0,3.0,1.0,1176.0,0.8889,1.62913694,11,5.0,31.0,15.0,47.0,27.0,22.0,96.0,12.0,27.0,120.0,109.0,24.0,,54.58483754512635,0.041258896338318723,0.07561749592573491,0.07558673469387756,0.13853205272108843,0.21411878741496598,0.935374149659864,1.2755102040816326
1142315,Jack Hinshelwood,Midfielder,870.0,3.0,0.0,599.0,1.9956,0.37901233,14,8.0,0.0,8.0,14.0,5.0,14.0,33.0,2.0,16.0,24.0,33.0,2.0,,61.96551724137931,0.20644137931034484,0.03920817206896552,0.3331552587646077,0.06327417863105175,0.3964294373956595,2.337228714524207,1.335559265442404
1142343,Kaelan Casey,Defender,1.0,0.0,0.0,1.0,0.0,0.0,0,0.0,0.0,0.0,0.0,0.0,0.0,0.0,0.0,1.0,1.0,0.0,0.0,,90.0,0.0,0.0,0.0,0.0,0.0,0.0,0.0
1142604,Benicio Boaitey,Midfielder,65.0,0.0,0.0,31.0,0.0239,0.09397187000000001,1,0.0,1.0,1.0,0.0,0.0,0.0,2.0,0.0,1.0,1.0,4.0,1.0,,42.92307692307693,0.03309230769230769,0.13011489692307696,0.07709677419354839,0.30313506451612904,0.38023183870967747,3.225806451612903,3.225806451612903
1142636,Stefan Bajčetić,Midfielder,26.0,0.0,0.0,16.0,0.0,0.0003462,0,0.0,0.0,0.0,4.0,1.0,0.0,2.0,0.0,0.0,6.0,3.0,0.0,,55.38461538461539,0.0,0.0011983846153846155,0.0,0.00216375,0.00216375,0.0,0.0
1142638,Bobby Clark,Midfielder,103.0,0.0,0.0,79.0,0.1365,0.011096980000000001,2,0.0,0.0,0.0,2.0,1.0,1.0,6.0,2.0,1.0,5.0,16.0,6.0,,69.02912621359224,0.11927184466019418,0.009696390291262137,0.17278481012658228,0.014046810126582281,0.18683162025316458,2.5316455696202533,0.0
1142679,Wilson Odobert,Forward,2118.0,3.0,2.0,943.0,2.8109,3.61812471,49,14.0,53.0,31.0,17.0,13.0,6.0,94.0,2.0,12.0,97.0,119.0,30.0,,40.07082152974505,0.11944334277620397,0.15374467606232295,0.29808059384941676,0.38368236585365856,0.6817629597030753,5.1961823966065745,3.2873806998939554
1145627,Youssef Chermiti,Forward,230.0,0.0,0.0,121.0,0.7181,0.2902923,7,2.0,3.0,4.0,3.0,2.0,1.0,9.0,1.0,2.0,25.0,47.0,6.0,,47.347826086956516,0.28099565217391304,0.11359263913043478,0.5934710743801652,0.23991099173553718,0.8333820661157023,5.785123966942149,3.3057851239669422
1146145,Daniel Gore,Midfielder,1.0,0.0,0.0,3.0,0.0,0.0,0,0.0,0.0,0.0,1.0,1.0,1.0,0.0,0.0,0.0,2.0,0.0,0.0,,270.0,0.0,0.0,0.0,0.0,0.0,0.0,0.0
1149855,Mark O'Mahony,Forward,69.0,0.0,0.0,27.0,0.0583,0.00211125,1,0.0,0.0,0.0,1.0,0.0,0.0,2.0,1.0,1.0,2.0,5.0,0.0,,35.21739130434783,0.07604347826086957,0.002753804347826087,0.2159259259259259,0.007819444444444445,0.22374537037037037,3.7037037037037033,0.0
1150934,Jamie Donley,Midfielder,3.0,0.0,0.0,7.0,0.0,2.271e-05,0,0.0,0.0,0.0,0.0,0.0,0.0,2.0,0.0,2.0,2.0,4.0,1.0,,210.0,0.0,0.0006813,0.0,0.00032442857142857143,0.00032442857142857143,0.0,0.0
1153434,Omari Forson,Forward,87.0,0.0,1.0,40.0,0.0273,0.01653395,1,0.0,1.0,2.0,2.0,0.0,0.0,2.0,0.0,0.0,3.0,4.0,0.0,,41.37931034482759,0.028241379310344827,0.01710408620689655,0.06825,0.04133487499999999,0.109584875,2.5,5.0
1154861,Ben Gannon-Doak,Midfielder,13.0,0.0,0.0,6.0,0.0,0.00141489,0,0.0,0.0,0.0,0.0,0.0,0.0,1.0,0.0,0.0,0.0,0.0,0.0,,41.53846153846154,0.0,0.009795392307692307,0.0,0.023581500000000002,0.023581500000000002,0.0,0.0
1156586,James Hill,Defender,88.0,0.0,0.0,63.0,0.0,0.01128022,0,0.0,0.0,0.0,3.0,2.0,3.0,7.0,2.0,8.0,7.0,4.0,1.0,,64.43181818181819,0.0,0.011536588636363636,0.0,0.01790511111111111,0.01790511111111111,0.0,0.0
1162083,Omari Kellyman,Midfielder,35.0,0.0,0.0,11.0,0.0696,0.0013320699999999999,1,0.0,0.0,0.0,1.0,0.0,0.0,2.0,0.0,0.0,1.0,2.0,0.0,,28.285714285714285,0.17897142857142856,0.003425322857142857,0.6327272727272727,0.012109727272727272,0.644837,9.090909090909092,0.0
1166679,Nathan Fraser,Forward,210.0,0.0,0.0,70.0,0.3204,0.05502919,3,2.0,0.0,2.0,5.0,2.0,1.0,8.0,1.0,2.0,11.0,18.0,2.0,,30.0,0.13731428571428572,0.02358393857142857,0.4577142857142858,0.07861312857142858,0.5363274142857143,4.285714285714286,2.857142857142857
1167025,Divin Mubama,Forward,90.0,0.0,0.0,33.0,0.1476,0.0084578,1,0.0,0.0,0.0,0.0,0.0,0.0,4.0,0.0,0.0,5.0,6.0,0.0,,33.0,0.1476,0.0084578,0.4472727272727273,0.02562969696969697,0.47290242424242424,3.0303030303030303,0.0
1186050,Alex Matos,Midfielder,1.0,0.0,0.0,1.0,0.0,0.0,0,0.0,0.0,0.0,0.0,0.0,0.0,0.0,0.0,0.0,0.0,1.0,1.0,,90.0,0.0,0.0,0.0,0.0,0.0,0.0,0.0
1186812,Finley Munroe,Midfielder,8.0,0.0,0.0,1.0,0.0,3.3e-07,0,0.0,0.0,0.0,0.0,0.0,0.0,0.0,0.0,0.0,0.0,0.0,0.0,,11.25,0.0,3.7125e-06,0.0,3.3e-05,3.3e-05,0.0,0.0
1191153,Oliver Arblaster,Midfielder,946.0,0.0,0.0,593.0,0.0408,0.86532789,1,1.0,17.0,11.0,23.0,14.0,16.0,52.0,7.0,8.0,61.0,47.0,8.0,,56.41649048625793,0.003881606765327696,0.08232506353065538,0.006880269814502529,0.14592375885328837,0.15280402866779091,0.16863406408094433,1.854974704890388
1199043,Carlos Baleba,Midfielder,1362.0,0.0,0.0,1022.0,0.8192999999999999,0.2513044,21,5.0,11.0,8.0,40.0,20.0,18.0,95.0,7.0,27.0,102.0,90.0,16.0,,67.53303964757708,0.05413876651982378,0.016606017621145372,0.08016634050880626,0.024589471624266144,0.1047558121330724,2.054794520547945,0.7827788649706457
1199282,Murillo,Defender,2793.0,0.0,2.0,1912.0,1.802,0.63883722,17,6.0,20.0,7.0,50.0,31.0,37.0,146.0,24.0,185.0,115.0,121.0,15.0,,61.611170784103116,0.05806659505907626,0.020585517293233085,0.09424686192468619,0.03341198849372385,0.12765885041841005,0.889121338912134,0.36610878661087864
1212155,David Ozoh,Midfielder,168.0,0.0,0.0,75.0,0.0,0.01651892,0,0.0,1.0,0.0,10.0,6.0,0.0,8.0,0.0,2.0,14.0,14.0,4.0,,40.17857142857143,0.0,0.008849421428571428,0.0,0.022025226666666665,0.022025226666666665,0.0,0.0
1212165,George Earthy,Midfielder,33.0,1.0,0.0,19.0,0.3086,0.0069920699999999995,1,1.0,0.0,0.0,0.0,0.0,1.0,4.0,0.0,0.0,0.0,2.0,0.0,,51.81818181818182,0.8416363636363635,0.019069281818181818,1.6242105263157895,0.03680036842105263,1.6610108947368423,5.263157894736842,0.0
1215904,Rodrigo Ribeiro,Forward,28.0,0.0,0.0,13.0,0.0,0.00649481,0,0.0,0.0,0.0,0.0,0.0,1.0,1.0,0.0,0.0,2.0,5.0,1.0,,41.785714285714285,0.0,0.020876175,0.0,0.049960076923076926,0.049960076923076926,0.0,0.0
1216282,Luca Koleosho,Forward,984.0,1.0,1.0,471.0,1.9734,1.07041588,23,5.0,33.0,11.0,7.0,4.0,2.0,46.0,0.0,0.0,55.0,106.0,14.0,,43.079268292682926,0.1804939024390244,0.09790389146341465,0.41898089171974523,0.22726451804670916,0.6462454097664544,4.8832271762208075,2.335456475583864
1389768,Ryan One,Forward,18.0,0.0,0.0,2.0,0.0,0.00046224,0,0.0,0.0,0.0,0.0,0.0,0.0,1.0,0.0,0.0,0.0,0.0,0.0,,10.0,0.0,0.0023112,0.0,0.023112,0.023112,0.0,0.0
1391111,Jimi Tauriainen,Midfielder,1.0,0.0,0.0,1.0,0.0,0.0,0,0.0,0.0,0.0,0.0,0.0,0.0,0.0,0.0,0.0,0.0,0.0,0.0,,90.0,0.0,0.0,0.0,0.0,0.0,0.0,0.0
1391824,Sydie Peck,Midfielder,9.0,0.0,0.0,1.0,0.0,0.00022967,0,0.0,0.0,0.0,0.0,0.0,0.0,1.0,0.0,0.0,0.0,0.0,0.0,,10.0,0.0,0.0022967,0.0,0.022966999999999998,0.022966999999999998,0.0,0.0
1394950,Zack Nelson,Midfielder,12.0,0.0,0.0,6.0,0.0,9.886e-05,0,0.0,0.0,0.0,1.0,0.0,0.0,0.0,0.0,0.0,1.0,0.0,0.0,,45.0,0.0,0.00074145,0.0,0.0016476666666666669,0.0016476666666666669,0.0,0.0
1396445,Andre Brooks,Midfielder,948.0,0.0,0.0,438.0,0.4031,0.26359114,9,2.0,13.0,3.0,22.0,13.0,14.0,45.0,1.0,14.0,55.0,67.0,19.0,,41.58227848101266,0.03826898734177215,0.025024475316455696,0.09203196347031964,0.060180625570776254,0.15221258904109589,2.054794520547945,0.684931506849315
1398550,Dominic Sadi,Midfielder,1.0,0.0,0.0,2.0,0.0,0.0,0,0.0,0.0,0.0,0.0,0.0,0.0,0.0,0.0,0.0,0.0,1.0,0.0,,180.0,0.0,0.0,0.0,0.0,0.0,0.0,0.0
1400646,Leon Chiwome,Forward,175.0,0.0,0.0,44.0,0.0999,0.02245196,2,0.0,0.0,0.0,2.0,1.0,0.0,5.0,1.0,2.0,6.0,11.0,2.0,,22.62857142857143,0.051377142857142864,0.011546722285714286,0.22704545454545455,0.05102718181818182,0.2780726363636364,4.545454545454546,0.0
1400650,Lewis Miley,Midfielder,1205.0,1.0,3.0,706.0,1.2455,1.3790005699999999,13,3.0,8.0,12.0,33.0,21.0,8.0,78.0,3.0,16.0,58.0,52.0,10.0,,52.73029045643154,0.09302489626556017,0.10299589319502073,0.17641643059490086,0.19532585977337108,0.37174229036827194,1.8413597733711047,1.69971671388102
1401702,Ethan Nwaneri,Midfielder,13.0,0.0,0.0,20.0,0.0,0.0412096,0,0.0,0.0,1.0,0.0,0.0,0.0,0.0,0.0,0.0,2.0,1.0,0.0,,138.46153846153848,0.0,0.2852972307692308,0.0,0.206048,0.206048,0.0,5.0
1402232,Enso González,Forward,8.0,0.0,0.0,8.0,0.0,0.0020505,0,0.0,0.0,0.0,0.0,0.0,0.0,0.0,0.0,0.0,1.0,1.0,0.0,,90.0,0.0,0.023068125,0.0,0.025631249999999998,0.025631249999999998,0.0,0.0
1403050,Josh Acheampong,Defender,12.0,0.0,0.0,6.0,0.0,0.00030691,0,0.0,0.0,0.0,0.0,0.0,0.0,1.0,3.0,0.0,0.0,1.0,0.0,,45.0,0.0,0.0023018249999999995,0.0,0.005115166666666666,0.005115166666666666,0.0,0.0
1403108,Jayden Danns,Forward,26.0,0.0,0.0,7.0,0.0,0.00763028,0,0.0,0.0,0.0,0.0,0.0,0.0,1.0,0.0,0.0,0.0,4.0,0.0,,24.23076923076923,0.0,0.026412507692307692,0.0,0.109004,0.109004,0.0,0.0
1403192,Mikey Moore,Forward,20.0,0.0,0.0,8.0,0.0,0.0011706,0,0.0,0.0,0.0,0.0,0.0,0.0,0.0,0.0,1.0,0.0,1.0,0.0,,36.0,0.0,0.0052677,0.0,0.0146325,0.0146325,0.0,0.0
1409087,Ben Parkinson,Defender,24.0,0.0,0.0,6.0,0.0,2.022e-05,0,0.0,0.0,0.0,0.0,0.0,0.0,0.0,0.0,1.0,0.0,2.0,0.0,,22.5,0.0,7.5825e-05,0.0,0.000337,0.000337,0.0,0.0
1426625,Ethan Wheatley,Forward,28.0,0.0,0.0,8.0,0.0,0.0,0,0.0,0.0,0.0,1.0,1.0,2.0,1.0,0.0,0.0,1.0,5.0,2.0,,25.71428571428571,0.0,0.0,0.0,0.0,0.0,0.0,0.0
1485371,Deivid Washington,Forward,19.0,0.0,0.0,6.0,0.4659,2.42e-05,1,0.0,0.0,0.0,1.0,1.0,0.0,0.0,0.0,0.0,1.0,3.0,1.0,,28.421052631578945,2.2068947368421052,0.0001146315789473684,7.765,0.00040333333333333334,7.765403333333333,16.666666666666664,0.0
1979970,Ameen Al-Dakhil,Defender,1055.0,1.0,0.0,764.0,1.27,0.55619967,8,3.0,3.0,2.0,12.0,5.0,12.0,50.0,6.0,34.0,33.0,46.0,6.0,,65.17535545023696,0.10834123222748815,0.04744831308056873,0.1662303664921466,0.07280100392670157,0.23903137041884817,1.0471204188481675,0.2617801047120419
