player_id,minutes_played,goals,assists,touches,touches_opposition_box,xg,xa,total_shots,shots_on_target,successful_dribbles,chances_created,tackles,tackles_won,interceptions,recoveries,blocks,clearances,duels_won,duels_lost,dispossessed,web_name,first_name,second_name,position,touches_per_90,xG_per_90,xA_per_90,xG_per_100_touches,xA_per_100_touches,xGI_per_100_touches,shots_per_100_touches,chances_created_per_100_touches
1,3330,0,0,1436,0.0,0.0,0.11668884,0,0,1,3.0,1,1,1,305,0.0,36,23,1,0.0,Raya,David,Raya Martín,Goalkeeper,38.810810810810814,0.0,0.0031537524324324324,0.0,0.008125963788300836,0.008125963788300836,0.0,0.20891364902506965
2,90,0,0,33,0.0,0.0,0.00049812,0,0,0,0.0,0,0,0,8,0.0,3,1,0,0.0,Arrizabalaga,Kepa,Arrizabalaga Revuelta,Goalkeeper,33.0,0.0,0.00049812,0.0,0.0015094545454545454,0.0015094545454545454,0.0,0.0
4,0,0,0,0,0.0,0.0,0.0,0,0,0,0.0,0,0,0,0,0.0,0,0,0,0.0,Setford,Tommy,Setford,Goalkeeper,,,,,,,,
5,2750,3,5,2158,46.0,2.94,1.8181463900000001,26,7,1,7.0,37,20,23,64,34.0,182,164,89,3.0,Gabriel,Gabriel,dos Santos Magalhães,Defender,70.62545454545455,0.09621818181818181,0.05950297276363637,0.1362372567191844,0.0842514545875811,0.22048871130676556,1.2048192771084338,0.3243744207599629
6,2614,1,0,2410,22.0,0.85,1.33428825,4,1,7,10.0,35,23,17,113,7.0,132,127,96,5.0,Saliba,William,Saliba,Defender,82.97628156082632,0.029265493496557,0.04593953423871461,0.035269709543568464,0.055364657676348544,0.090634367219917,0.16597510373443983,0.4149377593360996
7,1697,1,2,1158,56.0,3.33,0.75615205,32,8,16,9.0,32,19,14,73,5.0,49,103,79,5.0,Calafiori,Riccardo,Calafiori,Defender,61.41426045963465,0.17660577489687684,0.04010234796700059,0.28756476683937826,0.06529810449050086,0.3528628713298791,2.763385146804836,0.7772020725388601
8,2452,3,6,1657,90.0,4.44,1.61131409,23,7,13,27.0,66,37,24,97,6.0,52,147,107,6.0,J.Timber,Jurriën,Timber,Defender,60.81973898858075,0.16296900489396413,0.05914284995921697,0.267954133977067,0.09724285395292698,0.365196987929994,1.388050694025347,1.6294508147254072
10,697,0,0,507,13.0,0.11,0.20926082,2,0,7,4.0,8,5,5,30,1.0,11,37,33,3.0,Lewis-Skelly,Myles,Lewis-Skelly,Defender,65.46628407460545,0.014203730272596846,0.027020765853658535,0.021696252465483234,0.04127432347140039,0.06297057593688363,0.39447731755424065,0.7889546351084813
11,699,0,1,547,16.0,0.33999999999999997,0.69370615,5,1,3,8.0,15,9,9,26,4.0,25,36,30,1.0,White,Benjamin,White,Defender,70.42918454935622,0.04377682403433476,0.08931838841201717,0.06215722120658135,0.12682013711151738,0.18897735831809873,0.9140767824497258,1.4625228519195612
12,352,0,0,360,2.0,0.07,0.36414497,4,2,1,5.0,10,6,2,17,1.0,11,16,18,0.0,Zinchenko,Oleksandr,Zinchenko,Defender,92.04545454545455,0.017897727272727273,0.09310524801136363,0.019444444444444445,0.10115138055555556,0.12059582500000002,1.1111111111111112,1.3888888888888888
16,2218,7,10,1377,184.0,7.34,6.95492289,70,27,48,62.0,38,20,16,116,1.0,11,162,159,15.0,Saka,Bukayo,Saka,Midfielder,55.874661857529304,0.29783588818755635,0.28221057714156894,0.5330428467683369,0.5050779150326797,1.0381207618010166,5.083514887436456,4.502541757443718
17,1363,1,7,993,36.0,1.25,3.36423003,22,8,9,39.0,20,8,7,70,0.0,6,41,54,3.0,Ødegaard,Martin,Ødegaard,Midfielder,65.56859867938371,0.08253851797505503,0.2221428486426999,0.12588116817724068,0.33879456495468274,0.46467573313192345,2.2155085599194364,3.927492447129909
18,1205,3,1,733,114.0,1.27,2.6768435200000003,26,10,25,22.0,20,10,5,35,1.0,8,69,97,6.0,Madueke,Noni,Madueke,Midfielder,54.74688796680498,0.09485477178423236,0.1999302214107884,0.17326057298772168,0.3651901118690314,0.5384506848567531,3.547066848567531,3.0013642564802185
19,1065,1,5,518,68.0,3.92,1.23491016,29,13,15,13.0,12,8,1,52,1.0,10,48,74,14.0,Martinelli,Gabriel,Martinelli Silva,Midfielder,43.774647887323944,0.3312676056338028,0.10435860507042255,0.7567567567567568,0.2383996447876448,0.9951564015444015,5.598455598455598,2.5096525096525095
20,1997,6,6,1193,114.0,5.44,3.371144,52,15,25,36.0,26,16,9,79,3.0,12,95,108,15.0,Trossard,Leandro,Trossard,Midfielder,53.76564847270907,0.24516775162744117,0.15192937406109164,0.45599329421626156,0.28257703269069573,0.7385703269069572,4.358759430008382,3.0176026823134956
21,3093,4,9,2764,55.0,3.0100000000000002,7.1390318,39,13,14,63.0,68,34,36,180,12.0,78,143,95,5.0,Rice,Declan,Rice,Midfielder,80.42677012609117,0.08758486905916586,0.20773128419010667,0.1089001447178003,0.25828624457308247,0.36718638929088276,1.410998552821997,2.279305354558611
22,1024,4,3,553,34.0,3.43,1.38509032,22,8,5,12.0,26,13,10,57,2.0,19,79,92,0.0,Merino,Mikel,Merino Zazón,Midfielder,48.603515625,0.30146484375,0.12173645390625,0.620253164556962,0.2504684122965642,0.8707215768535262,3.9783001808318263,2.1699819168173597
24,101,0,0,89,1.0,0.08,0.04062806,2,1,0,0.0,3,2,0,4,1.0,8,5,11,1.0,Nørgaard,Christian,Nørgaard,Midfielder,79.3069306930693,0.0712871287128713,0.03620322178217822,0.0898876404494382,0.04564950561797753,0.13553714606741574,2.247191011235955,0.0
25,165,0,0,121,6.0,0.22999999999999998,0.08285118,6,0,3,1.0,1,0,0,10,0.0,1,5,14,0.0,Nwaneri,Ethan,Nwaneri,Midfielder,66.0,0.12545454545454543,0.04519155272727273,0.19008264462809915,0.06847204958677686,0.25855469421487604,4.958677685950414,0.8264462809917356
26,2991,5,1,2329,40.0,2.9054,2.18848032,26,9,7,19.0,68,37,38,114,4.0,77,150,98,5.0,Zubimendi,Martín,Zubimendi Ibáñez,Midfielder,70.0802407221665,0.08742427281845537,0.06585196549648947,0.1247488192357235,0.09396652297123229,0.2187153422069558,1.11635895234006,0.8158007728638901
27,118,0,1,115,8.0,0.71,0.11654413,5,1,5,2.0,4,3,0,16,1.0,2,11,13,2.0,Nelson,Reiss,Nelson,Midfielder,87.71186440677965,0.5415254237288135,0.08888959067796609,0.6173913043478261,0.10134272173913043,0.7187340260869565,4.3478260869565215,1.7391304347826086
30,577,2,3,270,39.0,3.31,0.67085069,18,4,4,11.0,8,5,1,14,1.0,8,36,47,6.0,Havertz,Kai,Havertz,Forward,42.114384748700175,0.5162911611785095,0.10463875580589255,1.2259259259259259,0.2484632185185185,1.4743891444444446,6.666666666666667,4.074074074074074
31,418,3,0,213,41.0,2.73,0.29217978,19,12,7,3.0,4,0,3,19,0.0,5,22,48,4.0,G.Jesus,Gabriel,Fernando de Jesus,Forward,45.86124401913876,0.587799043062201,0.06290952200956938,1.2816901408450705,0.13717360563380282,1.4188637464788731,8.92018779342723,1.4084507042253522
32,2835,0,1,1540,0.0,0.0,0.11164749,0,0,0,2.0,0,0,0,272,0.0,28,28,1,0.0,Martinez,Emiliano,Martínez Romero,Goalkeeper,48.888888888888886,0.0,0.0035443647619047623,0.0,0.007249837012987014,0.007249837012987014,0.0,0.12987012987012986
33,585,0,0,313,0.0,0.0,0.0033675399999999996,0,0,0,0.0,0,0,0,53,0.0,10,2,1,0.0,M.Bizot,Marco,Bizot,Goalkeeper,48.15384615384615,0.0,0.0005180830769230769,0.0,0.0010758913738019168,0.0010758913738019168,0.0,0.0
36,3016,3,3,2161,41.0,1.12,3.11795389,29,10,11,30.0,67,32,22,88,14.0,84,138,125,5.0,Cash,Matty,Cash,Defender,64.48607427055704,0.033421750663129975,0.09304239061671088,0.051827857473391956,0.14428291948172142,0.1961107769551134,1.3419713095788985,1.3882461823229986
37,1842,0,7,1229,27.0,0.7,3.25853042,14,5,4,26.0,36,27,15,63,4.0,61,87,69,4.0,Digne,Lucas,Digne,Defender,60.04885993485342,0.03420195439739413,0.15921158403908794,0.056956875508543524,0.2651367306753458,0.3220936061838893,1.1391375101708707,2.115541090317331
38,3035,0,1,2434,26.0,1.25,0.6489087299999999,11,2,7,5.0,22,8,23,107,29.0,122,102,49,2.0,Konsa,Ezri,Konsa Ngoyo,Defender,72.17792421746293,0.03706754530477759,0.019242762998352553,0.0513557929334429,0.026660177896466717,0.07801597082990962,0.4519309778142975,0.2054231717337716
39,1590,0,1,1264,67.0,1.3,2.33111118,19,5,18,26.0,43,30,19,82,1.0,64,98,106,7.0,Maatsen,Ian,Maatsen,Defender,71.54716981132076,0.07358490566037736,0.13194968943396226,0.10284810126582279,0.1844233528481013,0.2872714541139241,1.5031645569620253,2.0569620253164556
40,1322,0,1,1109,21.0,1.32,0.42612537,9,1,2,5.0,5,2,11,47,9.0,83,52,44,2.0,Mings,Tyrone,Mings,Defender,75.49924357034796,0.08986384266263238,0.029010047881996976,0.11902614968440037,0.038424289449954914,0.15745043913435527,0.8115419296663661,0.4508566275924256
41,1673,0,2,1347,16.0,1.26,0.37423051,9,1,7,1.0,22,14,11,80,18.0,61,59,47,1.0,Pau,Pau,Torres,Defender,72.46264196054992,0.06778242677824269,0.02013194614465033,0.0935412026726058,0.027782517446176692,0.1213237201187825,0.6681514476614699,0.07423904974016332
42,83,0,0,64,1.0,0.0,0.014737730000000001,0,0,0,0.0,5,4,0,4,1.0,4,5,4,1.0,A.García,Andrés,García,Defender,69.3975903614458,0.0,0.01598067108433735,0.0,0.023027703125,0.023027703125,0.0,0.0
44,1042,0,0,668,7.0,0.0,0.20599088000000002,0,0,2,2.0,26,19,5,43,6.0,23,57,53,6.0,Bogarde,Lamare,Bogarde,Defender,57.69673704414588,0.0,0.01779191861804223,0.0,0.030836958083832335,0.030836958083832335,0.0,0.29940119760479045
47,3280,10,8,1802,181.0,6.27,4.25524397,82,32,39,47.0,42,22,13,139,3.0,32,155,279,21.0,Rogers,Morgan,Rogers,Midfielder,49.44512195121952,0.17204268292682925,0.11675974307926831,0.3479467258601554,0.23614006492785797,0.5840867907880134,4.550499445061043,2.6082130965593784
48,1857,0,4,1482,34.0,1.15,3.2928978,23,7,9,32.0,59,38,17,93,14.0,19,128,85,2.0,Tielemans,Youri,Tielemans,Midfielder,71.82552504038772,0.05573505654281099,0.15959116962843295,0.07759784075573549,0.2221928340080972,0.29979067476383264,1.5519568151147098,2.1592442645074224
49,450,0,2,260,23.0,0.5,1.43389826,8,1,5,12.0,10,6,3,31,0.0,4,24,47,9.0,Bailey,Leon,Bailey,Midfielder,51.99999999999999,0.1,0.286779652,0.19230769230769232,0.5514993307692309,0.743807023076923,3.076923076923077,4.615384615384616
50,1753,6,2,1047,61.0,3.4166,2.25066876,48,13,8,30.0,48,26,14,110,3.0,20,122,152,10.0,Buendía,Emiliano,Buendía Stati,Midfielder,53.75356531660011,0.17541015402167712,0.11555059235596121,0.3263228271251194,0.21496358739255014,0.5412864145176696,4.584527220630372,2.865329512893983
52,1441,2,3,912,48.0,1.2,1.43067368,15,4,15,22.0,41,22,9,85,4.0,10,79,65,9.0,J.Ramsey,Jacob,Ramsey,Midfielder,56.96044413601666,0.07494795281054824,0.08935505287994447,0.13157894736842105,0.15687211403508772,0.2884510614035088,1.644736842105263,2.4122807017543857
53,640,4,2,206,49.0,4.02,0.34423751,27,9,7,7.0,4,3,0,10,0.0,2,20,36,0.0,Malen,Donyell,Malen,Midfielder,28.968750000000004,0.5653125,0.048408399843750005,1.9514563106796117,0.16710558737864079,2.1185618980582523,13.106796116504855,3.3980582524271843
54,2136,5,4,1175,55.0,2.97,3.74375461,26,12,19,40.0,29,16,12,89,5.0,15,107,131,6.0,McGinn,John,McGinn,Midfielder,49.50842696629214,0.12514044943820224,0.1577424695224719,0.2527659574468085,0.3186174136170213,0.5713833710638297,2.2127659574468086,3.404255319148936
55,844,3,2,540,18.0,1.52,1.2803300499999999,17,8,12,10.0,14,10,2,45,3.0,10,48,53,13.0,Barkley,Ross,Barkley,Midfielder,57.582938388625585,0.16208530805687205,0.1365280859004739,0.28148148148148144,0.23709815740740736,0.5185796388888888,3.148148148148148,1.8518518518518516
58,1410,1,3,1040,11.0,0.5,0.8549894499999999,7,4,14,15.0,36,16,17,65,8.0,20,114,87,0.0,Kamara,Boubacar,Kamara,Midfielder,66.38297872340425,0.03191489361702128,0.054573794680851065,0.04807692307692308,0.08221052403846153,0.13028744711538462,0.6730769230769231,1.4423076923076923
59,1755,2,0,1143,25.0,1.72,0.69288281,18,7,7,7.0,48,30,25,73,17.0,59,116,68,5.0,Onana,Amadou,Onana,Midfielder,58.61538461538462,0.0882051282051282,0.03553245179487179,0.1504811898512686,0.06061966841644795,0.21110085826771655,1.574803149606299,0.6124234470691163
62,8,0,0,11,0.0,0.0,0.00260031,0,0,0,0.0,0,0,0,1,0.0,0,1,1,0.0,Jimoh-Aloba,Jamaldeen,Jimoh-Aloba,Midfielder,123.75,0.0,0.0292534875,0.0,0.02363918181818182,0.02363918181818182,0.0,0.0
64,2833,16,4,887,176.0,15.25,1.374547,82,38,26,23.0,21,14,6,49,2.0,15,114,167,14.0,Watkins,Ollie,Watkins,Forward,28.17860924814684,0.48446876103070946,0.04366721849629368,1.7192784667418262,0.15496583990980833,1.8742443066516346,9.244644870349493,2.593010146561443
67,3420,0,0,1319,0.0,0.0,0.02513742,0,0,0,0.0,0,0,0,285,0.0,62,23,3,0.0,Petrović,Đorđe,Petrović,Goalkeeper,34.71052631578947,0.0,0.0006615110526315789,0.0,0.0019057937831690674,0.0019057937831690674,0.0,0.0
68,0,0,0,0,0.0,0.0,0.0,0,0,0,0.0,0,0,0,0,0.0,0,0,0,0.0,Dennis,Will,Dennis,Goalkeeper,,,,,,,,
72,3288,0,6,2984,53.0,1.59,5.0276630099999995,17,5,5,24.0,63,36,55,153,47.0,255,195,174,4.0,Senesi,Marcos,Senesi Barón,Defender,81.67883211678833,0.04352189781021898,0.13761851304744524,0.05328418230563002,0.16848736628686325,0.22177154859249326,0.5697050938337802,0.8042895442359249
73,1073,0,2,572,9.0,0.0,0.23751178,0,0,1,5.0,15,12,8,29,9.0,38,39,49,1.0,Smith,Adam,Smith,Defender,47.97763280521902,0.0,0.019921770922646787,0.0,0.04152303846153846,0.04152303846153846,0.0,0.8741258741258742
74,3378,1,6,2586,53.0,1.3499999999999999,3.5427253100000002,16,6,32,32.0,104,53,48,188,10.0,140,214,184,5.0,Truffert,Adrien,Truffert,Defender,68.898756660746,0.035968028419182944,0.09438877380106572,0.05220417633410672,0.13699633836040218,0.1892005146945089,0.6187161639597835,1.237432327919567
77,2102,0,3,1496,22.0,0.8800000000000001,1.1119231,12,2,2,13.0,39,20,38,75,15.0,168,164,93,2.0,Hill,James,Hill,Defender,64.05328258801143,0.03767840152235966,0.04760850570884872,0.05882352941176471,0.0743264104278075,0.1331499398395722,0.8021390374331552,0.8689839572192514
80,34,0,0,30,1.0,0.0,0.00502714,0,0,0,0.0,1,0,0,4,0.0,0,3,3,0.0,Soler,Julio,Soler Barreto,Defender,79.41176470588235,0.0,0.013307135294117648,0.0,0.016757133333333334,0.016757133333333334,0.0,0.0
81,945,2,0,526,30.0,2.33,1.54783234,17,4,10,21.0,10,6,4,45,2.0,2,36,77,0.0,Kluivert,Justin,Kluivert,Midfielder,50.09523809523809,0.2219047619047619,0.1474126038095238,0.4429657794676806,0.29426470342205324,0.7372304828897339,3.2319391634980987,3.9923954372623576
82,3200,17,6,1701,176.0,11.07,3.14604341,73,41,49,39.0,45,31,13,143,7.0,29,172,267,22.0,Semenyo,Antoine,Semenyo,Midfielder,47.840625,0.31134375000000003,0.08848247090624999,0.6507936507936508,0.18495258142269252,0.8357462322163435,4.291593180482069,2.2927689594356258
83,2271,7,8,1073,118.0,7.69,3.79649155,56,20,21,27.0,24,13,24,84,0.0,51,136,187,14.0,O.Dango,Dango,Ouattara,Midfielder,42.523117569352706,0.30475561426684283,0.15045541149273448,0.7166821994408202,0.35382027493010254,1.0705024743709226,5.21901211556384,2.516309412861137
84,2732,7,4,1785,114.0,9.1,4.55048762,70,24,38,54.0,39,21,16,150,6.0,39,136,183,18.0,Tavernier,Marcus,Tavernier,Midfielder,58.803074670571014,0.29978038067349927,0.14990625395314788,0.5098039215686274,0.25492927843137253,0.7647332,3.9215686274509802,3.0252100840336134
85,1769,2,2,1311,10.0,0.61,0.64727645,10,6,6,7.0,51,23,33,96,9.0,42,94,91,6.0,Adams,Tyler,Adams,Midfielder,66.69869983041266,0.031034482758620686,0.032930966930469194,0.04652936689549962,0.049372726926010684,0.0959020938215103,0.7627765064836003,0.5339435545385203
86,1188,1,3,733,73.0,5.78,3.12780283,48,13,17,26.0,19,13,4,56,0.0,15,56,77,5.0,Brooks,David,Brooks,Midfielder,55.53030303030303,0.43787878787878787,0.23695475984848485,0.7885402455661664,0.42671252796725784,1.2152527735334242,6.548431105047749,3.547066848567531
87,978,2,1,782,27.0,1.9100000000000001,0.79945063,25,8,18,11.0,29,20,12,62,4.0,18,81,80,8.0,Christie,Ryan,Christie,Midfielder,71.96319018404908,0.17576687116564418,0.0735690763803681,0.24424552429667523,0.10223153836317136,0.34647706265984657,3.1969309462915603,1.4066496163682864
88,872,0,1,684,4.0,0.07,0.55772601,3,0,3,11.0,26,17,24,62,6.0,26,44,36,0.0,Cook,Lewis,Cook,Midfielder,70.59633027522935,0.007224770642201836,0.05756346433486239,0.010233918128654972,0.08153889035087719,0.09177280847953215,0.43859649122807015,1.608187134502924
90,2848,3,2,1997,50.0,3.7800000000000002,2.96196818,44,13,26,27.0,62,40,36,196,15.0,81,183,147,11.0,Scott,Alex,Scott,Midfielder,63.10744382022472,0.11945224719101125,0.09360152254213482,0.18928392588883325,0.14832089033550325,0.3376048162243365,2.2033049574361545,1.3520280420630946
93,16,0,1,7,0.0,0.0,1.052e-05,0,0,0,1.0,1,0,0,2,0.0,1,1,3,0.0,H.Traorè,Hamed,Traorè,Midfielder,39.375,0.0,5.9174999999999995e-05,0.0,0.00015028571428571426,0.00015028571428571426,0.0,14.285714285714285
96,6,0,0,2,0.0,0.0,0.0,0,0,0,0.0,0,0,0,0,0.0,0,0,1,0.0,Winterburn,Ben,Winterburn,Midfielder,30.0,0.0,0.0,0.0,0.0,0.0,0.0,0.0
97,2741,6,7,838,140.0,10.59,1.4818488,70,22,16,31.0,13,5,8,79,6.0,29,109,166,11.0,Evanilson,Francisco Evanilson,de Lima Barbosa,Forward,27.51550529004013,0.34771981028821597,0.04865610798978475,1.2637231503579953,0.17683159904534607,1.4405547494033413,8.353221957040573,3.699284009546539
98,214,1,0,133,21.0,2.0,0.07099639,15,3,1,1.0,1,1,0,7,1.0,14,21,51,3.0,Enes Ünal,Enes,Ünal,Forward,55.93457943925234,0.8411214953271028,0.02985829485981309,1.5037593984962405,0.05338074436090226,1.557140142857143,11.278195488721805,0.7518796992481203
100,1663,13,0,737,50.0,8.3971,1.52621163,51,22,15,22.0,9,6,9,61,0.0,32,43,99,10.0,Kroupi.Jr,Junior,Kroupi,Forward,39.885748647023455,0.4544431749849669,0.08259714173180997,1.1393622795115332,0.20708434599728628,1.3464466255088197,6.919945725915875,2.9850746268656714
101,3330,0,0,1675,0.0,0.0,0.2522586,0,0,3,2.0,1,0,1,300,0.0,48,16,6,0.0,Kelleher,Caoimhín,Kelleher,Goalkeeper,45.270270270270274,0.0,0.006817800000000001,0.0,0.015060214925373135,0.015060214925373135,0.0,0.11940298507462686
102,0,0,0,0,0.0,0.0,0.0,0,0,0,0.0,0,0,0,0,0.0,0,0,0,0.0,Balcombe,Ellery,Balcombe,Goalkeeper,,,,,,,,
105,90,0,0,48,0.0,0.0,0.00085626,0,0,0,0.0,0,0,0,7,0.0,0,0,0,0.0,Valdimarsson,Hákon Rafn,Valdimarsson,Goalkeeper,48.0,0.0,0.00085626,0.0,0.0017838749999999999,0.0017838749999999999,0.0,0.0
106,2971,1,2,2245,80.0,2.2600000000000002,1.52405313,20,6,7,11.0,29,12,38,139,41.0,209,141,112,2.0,Collins,Nathan,Collins,Defender,68.00740491417032,0.06846179737462134,0.04616788343991922,0.10066815144766149,0.06788655367483297,0.16855470512249443,0.8908685968819599,0.48997772828507796
107,1960,3,4,993,74.0,3.0300000000000002,2.50781805,31,9,16,19.0,23,14,11,96,2.0,37,85,93,1.0,Lewis-Potter,Keane,Lewis-Potter,Defender,45.5969387755102,0.13913265306122452,0.11515491045918368,0.30513595166163143,0.25254965256797585,0.5576856042296072,3.121852970795569,1.9133937562940584
108,1805,0,2,1027,47.0,0.76,0.7078282800000001,10,3,3,4.0,37,23,17,59,16.0,119,107,86,2.0,Ajer,Kristoffer,Ajer,Defender,51.207756232686975,0.037894736842105266,0.03529337684210527,0.07400194741966894,0.06892193573515093,0.14292388315481985,0.9737098344693282,0.3894839337877313
109,1322,0,2,813,14.0,0.18,0.55589538,5,0,15,4.0,15,11,9,72,5.0,41,66,66,4.0,Henry,Rico,Henry,Defender,55.34795763993949,0.012254160363086233,0.037844617397882,0.022140221402214024,0.06837581549815498,0.09051603690036901,0.6150061500615006,0.4920049200492005
110,3258,1,2,2172,33.0,1.18,2.69861855,9,3,53,34.0,67,45,38,163,15.0,98,208,151,13.0,Kayode,Michael,Kayode,Defender,60.0,0.032596685082872924,0.07454747375690608,0.05432780847145487,0.12424578959484346,0.17857359806629833,0.4143646408839779,1.5653775322283612
111,318,0,0,196,9.0,0.01,0.060334059999999995,1,1,1,0.0,5,4,5,11,5.0,26,20,14,0.0,Pinnock,Ethan,Pinnock,Defender,55.471698113207545,0.002830188679245283,0.017075677358490565,0.005102040816326531,0.03078268367346939,0.03588472448979591,0.5102040816326531,0.0
113,2761,0,3,1806,55.0,3.11,1.4121814000000001,23,7,1,7.0,23,10,30,109,23.0,194,175,91,2.0,Van den Berg,Sepp,van den Berg,Defender,58.86997464686708,0.10137631293009777,0.04603271495834843,0.17220376522702102,0.07819387596899226,0.25039764119601327,1.273532668881506,0.3875968992248062
116,679,0,0,447,10.0,0.45,0.13847897,6,1,0,0.0,15,7,8,35,6.0,23,33,33,0.0,Hickey,Aaron,Hickey,Defender,59.24889543446245,0.05964653902798233,0.01835509175257732,0.10067114093959732,0.030979635346756153,0.13165077628635347,1.342281879194631,0.0
119,2611,11,3,1323,150.0,12.0,4.9664341,73,32,17,47.0,25,11,8,90,1.0,14,84,173,7.0,Mbeumo,Bryan,Mbeumo,Midfielder,45.603217158176946,0.41363462274990426,0.1711907579471467,0.9070294784580499,0.3753918442932728,1.2824213227513228,5.517762660619804,3.5525321239606953
120,2744,8,5,1087,141.0,12.16,2.1588366,57,24,21,28.0,40,25,18,94,3.0,31,188,238,12.0,Schade,Kevin,Schade,Midfielder,35.65233236151603,0.3988338192419825,0.07080732288629737,1.1186752529898805,0.19860502299908003,1.3172802759889606,5.243790248390065,2.5758969641214353
121,2046,4,4,1419,80.0,2.61,5.26929202,29,11,18,42.0,57,35,25,139,4.0,16,116,150,10.0,Damsgaard,Mikkel,Damsgaard,Midfielder,62.41935483870968,0.11480938416422286,0.23178703900293254,0.1839323467230444,0.3713384087385483,0.5552707554615927,2.04369274136716,2.9598308668076108
122,45,0,0,19,0.0,0.0,0.0116086,0,0,0,0.0,3,1,0,2,0.0,0,5,1,0.0,Milambo,Antoni,Milambo,Midfielder,38.0,0.0,0.0232172,0.0,0.06109789473684211,0.06109789473684211,0.0,0.0
123,100,1,0,45,2.0,0.7000000000000001,0.03116271,2,1,1,0.0,3,2,0,5,0.0,0,5,6,0.0,Carvalho,Fábio,Freitas Gouveia Carvalho,Midfielder,40.5,0.6300000000000001,0.028046439,1.5555555555555556,0.06925046666666666,1.6248060222222225,4.444444444444445,0.0
124,1911,1,3,1377,13.0,0.32999999999999996,2.33598799,6,1,3,19.0,27,13,17,98,7.0,34,48,49,0.0,Henderson,Jordan,Henderson,Midfielder,64.850863422292,0.015541601255886967,0.11001513296703298,0.02396514161220043,0.16964328177196805,0.1936084233841685,0.4357298474945534,1.3798111837327522
125,1434,1,4,1081,22.0,0.8999999999999999,2.23115071,12,3,5,21.0,27,16,29,85,8.0,34,66,67,1.0,Janelt,Vitaly,Janelt,Midfielder,67.84518828451883,0.056485355648535567,0.14003037928870293,0.08325624421831637,0.20639692044403332,0.2896531646623497,1.1100832562442182,1.942645698427382
126,2239,3,2,1599,41.0,2.2600000000000002,6.01944446,29,8,17,33.0,42,23,22,117,4.0,37,83,114,9.0,Jensen,Mathias,Jensen,Midfielder,64.27422956677088,0.09084412684234035,0.24196069736489503,0.1413383364602877,0.3764505603502189,0.5177888968105065,1.813633520950594,2.0637898686679175
128,88,0,2,55,2.0,0.0,0.36951338,0,0,2,1.0,2,0,0,5,0.0,3,8,8,0.0,Onyeka,Frank,Onyeka,Midfielder,56.25,0.0,0.3779114113636364,0.0,0.6718425090909091,0.6718425090909091,0.0,1.8181818181818181
129,2652,1,3,1780,18.0,1.22,1.40322389,16,4,16,14.0,69,44,28,187,14.0,41,128,149,9.0,Yarmoliuk,Yehor,Yarmoliuk,Midfielder,60.40723981900452,0.041402714932126695,0.047620720248868785,0.06853932584269663,0.07883280280898877,0.1473721286516854,0.8988764044943821,0.7865168539325843
130,38,0,0,34,5.0,0.09,0.013938889999999999,3,1,5,1.0,0,0,0,5,0.0,0,8,7,1.0,Donovan,Romelle,Donovan,Midfielder,80.52631578947368,0.21315789473684207,0.03301316052631579,0.2647058823529412,0.040996735294117646,0.3057026176470588,8.823529411764707,2.941176470588235
133,1,0,0,1,0.0,0.0,0.0,0,0,0,0.0,0,0,0,0,0.0,0,0,1,0.0,Peart-Harris,Myles,Peart-Harris,Midfielder,90.0,0.0,0.0,0.0,0.0,0.0,0.0,0.0
135,517,1,1,161,37.0,3.0100000000000002,0.5573479299999999,13,5,2,4.0,5,5,0,14,1.0,2,24,44,3.0,Wissa,Yoane,Wissa,Forward,28.02707930367505,0.5239845261121857,0.09702381760154738,1.8695652173913044,0.34617883850931674,2.2157440559006214,8.074534161490684,2.484472049689441
136,3282,22,1,1214,170.0,20.57,1.79870236,84,43,28,24.0,38,22,12,93,8.0,64,197,318,14.0,Thiago,Igor Thiago,Nascimento Rodrigues,Forward,33.29067641681901,0.5640767824497257,0.04932456197440585,1.6943986820428338,0.14816329159802308,1.8425619736408567,6.919275123558484,1.9769357495881383
138,0,0,0,0,0.0,0.0,0.0,0,0,0,0.0,0,0,0,0,0.0,0,0,0,0.0,Steele,Jason,Steele,Goalkeeper,,,,,,,,
139,3420,0,0,1869,0.0,0.0,0.11541955,0,0,1,1.0,1,1,0,331,0.0,32,15,5,0.0,Verbruggen,Bart,Verbruggen,Goalkeeper,49.184210526315795,0.0,0.003037356578947368,0.0,0.006175470840021401,0.006175470840021401,0.0,0.05350454788657035
143,799,0,1,902,5.0,0.04,0.47945734,1,0,2,4.0,16,9,18,54,2.0,42,46,26,1.0,Boscagli,Olivier,Boscagli,Defender,101.60200250312892,0.004505632040050062,0.05400645882352941,0.004434589800443459,0.053154915742793796,0.05758950554323725,0.11086474501108648,0.4434589800443459
144,193,0,0,142,1.0,0.0,0.01610892,0,0,1,0.0,2,2,1,6,2.0,13,14,12,0.0,Coppola,Diego,Coppola,Defender,66.21761658031087,0.0,0.007511931606217616,0.0,0.01134430985915493,0.01134430985915493,0.0,0.0
145,1404,2,3,1020,29.0,1.82,4.11590723,13,6,7,32.0,22,11,11,69,2.0,28,60,67,1.0,De Cuyper,Maxim,De Cuyper,Defender,65.38461538461539,0.11666666666666667,0.2638402070512821,0.1784313725490196,0.40352031666666666,0.5819516892156863,1.2745098039215685,3.1372549019607843
146,2837,1,1,2862,43.0,1.68,0.55836235,24,3,4,7.0,34,22,30,136,27.0,142,126,89,1.0,Dunk,Lewis,Dunk,Defender,90.79309129362002,0.05329573493126542,0.017713292738808603,0.058700209643605866,0.01950951607267645,0.07820972571628232,0.8385744234800839,0.2445842068483578
148,3130,1,2,2065,58.0,2.0100000000000002,3.28485761,28,13,12,21.0,58,39,26,130,7.0,81,137,114,4.0,F.Kadıoğlu,Ferdi,Kadıoğlu,Defender,59.376996805111816,0.05779552715654952,0.0944527747284345,0.09733656174334142,0.15907300774818403,0.25640956949152544,1.3559322033898304,1.0169491525423728
149,103,0,0,43,0.0,0.0,0.00160173,0,0,0,1.0,0,0,1,3,2.0,10,0,2,0.0,Igor,Igor Julio,dos Santos de Paulo,Defender,37.57281553398058,0.0,0.0013995699029126214,0.0,0.003724953488372093,0.003724953488372093,0.0,2.3255813953488373
151,3210,3,3,3040,50.0,3.3,1.89616978,23,10,3,13.0,53,30,47,113,28.0,189,206,133,3.0,Van Hecke,Jan Paul,van Hecke,Defender,85.23364485981308,0.09252336448598131,0.053163638691588785,0.10855263157894736,0.062374005921052626,0.17092663749999998,0.756578947368421,0.4276315789473685
152,1047,1,0,750,13.0,1.1,0.22017426,4,1,2,4.0,31,17,18,40,6.0,44,74,35,0.0,Veltman,Joël,Veltman,Defender,64.46991404011462,0.09455587392550144,0.018926154154727794,0.14666666666666667,0.029356568000000003,0.1760232346666667,0.5333333333333333,0.5333333333333333
157,1714,3,1,925,91.0,4.05,2.8496930000000003,32,13,26,30.0,18,12,9,62,1.0,17,79,122,4.0,Mitoma,Mitoma,Kaoru,Midfielder,48.5705950991832,0.2126604434072345,0.14963382147024507,0.43783783783783786,0.3080749189189189,0.7459127567567568,3.4594594594594597,3.2432432432432434
158,1776,3,5,925,100.0,2.97,2.9828481300000003,42,14,26,25.0,32,20,11,60,1.0,26,111,171,8.0,Georginio,Georginio,Rutter,Midfielder,46.875,0.15050675675675676,0.15115784442567567,0.3210810810810811,0.32247006810810813,0.6435511491891892,4.54054054054054,2.7027027027027026
159,38,0,0,26,4.0,0.04,0.01928995,1,1,0,0.0,2,2,0,3,0.0,0,3,4,2.0,March,Solly,March,Midfielder,61.578947368421055,0.09473684210526316,0.04568672368421052,0.15384615384615385,0.07419211538461538,0.22803826923076922,3.8461538461538463,0.0
160,2389,3,8,1304,185.0,3.82,4.94352772,41,11,64,44.0,55,36,17,95,0.0,16,159,174,11.0,Minteh,Yankuba,Minteh,Midfielder,49.12515696944328,0.14390958560066974,0.1862358705734617,0.2929447852760736,0.37910488650306745,0.672049671779141,3.144171779141104,3.374233128834356
162,708,1,1,441,28.0,1.73,0.87898163,16,6,20,16.0,14,5,2,40,0.0,2,56,69,0.0,Gruda,Brajan,Gruda,Midfielder,56.059322033898304,0.21991525423728814,0.1117349529661017,0.39229024943310653,0.19931556235827666,0.5916058117913832,3.6281179138321997,3.6281179138321997
163,1736,4,5,841,64.0,4.930000000000001,2.35131365,37,15,2,15.0,19,14,5,61,5.0,25,45,82,5.0,Hinshelwood,Jack,Hinshelwood,Midfielder,43.60023041474654,0.2555875576036867,0.1218999012096774,0.5862068965517242,0.27958545184304395,0.8657923483947682,4.399524375743162,1.78359096313912
164,202,1,0,108,7.0,1.21,0.17187935999999998,4,2,0,4.0,5,2,0,2,1.0,2,8,13,0.0,O'Riley,Matt,O'Riley,Midfielder,48.11881188118812,0.5391089108910891,0.07657991287128713,1.1203703703703705,0.15914755555555554,1.279517925925926,3.7037037037037033,3.7037037037037033
166,1921,3,4,1321,38.0,2.71,1.18389803,41,10,18,15.0,46,24,26,124,4.0,24,101,113,2.0,Ayari,Yasin,Ayari,Midfielder,61.88964081207704,0.12696512233211868,0.05546633144195731,0.20514761544284632,0.0896213497350492,0.2947689651778955,3.1037093111279335,1.1355034065102196
167,1646,0,0,1045,4.0,0.76,0.77760264,20,2,12,9.0,37,20,29,105,6.0,32,102,102,7.0,Baleba,Carlos,Baleba,Midfielder,57.13851761846902,0.04155528554070474,0.04251776281895504,0.07272727272727272,0.07441173588516747,0.1471390086124402,1.9138755980861244,0.8612440191387559
168,81,0,0,57,8.0,0.06,0.27941214999999997,2,0,0,3.0,1,0,1,3,1.0,0,2,6,0.0,Buonanotte,Facundo,Buonanotte,Midfielder,63.333333333333336,0.06666666666666667,0.3104579444444444,0.10526315789473684,0.49019675438596483,0.5954599122807017,3.508771929824561,5.263157894736842
169,2117,5,1,1208,53.0,6.3408,1.60575303,40,14,19,21.0,78,49,18,111,2.0,30,162,162,10.0,Gomez,Diego,Gómez Amarilla,Midfielder,51.3556920170052,0.2695663675011809,0.06826536263580539,0.5249006622516557,0.1329265753311258,0.6578272375827815,3.3112582781456954,1.73841059602649
170,772,1,1,589,8.0,1.03,0.66622118,8,2,1,8.0,15,9,6,40,1.0,19,25,37,0.0,Milner,James,Milner,Midfielder,68.66580310880829,0.12007772020725388,0.07766827227979274,0.17487266553480477,0.11311055687606111,0.2879832224108659,1.3582342954159592,1.3582342954159592
172,57,0,0,31,0.0,0.04,0.03865401,1,1,0,0.0,1,1,0,4,0.0,0,1,5,0.0,Watson,Tom,Watson,Midfielder,48.94736842105264,0.06315789473684211,0.06103264736842105,0.12903225806451613,0.1246903548387097,0.2537226129032258,3.225806451612903,0.0
173,1901,2,4,1434,52.0,1.9300000000000002,1.68413407,18,6,9,20.0,67,43,25,103,7.0,71,140,144,7.0,Wieffer,Mats,Wieffer,Midfielder,67.89058390320884,0.09137296159915834,0.07973280710152551,0.13458856345885636,0.11744310111576012,0.25203166457461645,1.2552301255230125,1.394700139470014
175,1,0,0,0,0.0,0.0,0.0,0,0,0,0.0,0,0,0,0,0.0,0,0,0,0.0,Knight,Joe,Knight,Midfielder,0.0,0.0,0.0,,,,,
178,2249,13,1,781,114.0,12.43,1.42461689,56,28,11,20.0,24,14,9,51,0.0,30,64,114,4.0,Welbeck,Danny,Welbeck,Forward,31.253890618052466,0.4974210760337928,0.057010013383726105,1.591549295774648,0.1824093329065301,1.7739586286811777,7.170294494238156,2.560819462227913
180,132,1,1,58,11.0,0.4600000000000001,0.11832743,4,1,1,6.0,3,2,0,10,1.0,1,5,18,0.0,Tzimas,Stefanos,Tzimas,Forward,39.54545454545455,0.3136363636363637,0.08067779318181818,0.7931034482758621,0.2040128103448276,0.9971162586206898,6.896551724137931,10.344827586206897
181,351,2,1,265,42.0,2.15,0.5763630399999999,21,8,10,10.0,11,6,1,25,0.0,4,50,58,0.0,Kostoulas,Charalampos,Kostoulas,Forward,67.94871794871794,0.5512820512820512,0.14778539487179487,0.8113207547169811,0.2174954867924528,1.028816241509434,7.9245283018867925,3.7735849056603774
182,360,0,0,158,0.0,0.0,0.00088314,0,0,1,0.0,2,1,0,35,0.0,6,5,0,0.0,Trafford,James,Trafford,Goalkeeper,39.5,0.0,0.000220785,0.0,0.0005589493670886075,0.0005589493670886075,0.0,0.0
183,270,0,0,146,0.0,0.0,0.00574717,0,0,0,1.0,0,0,0,21,0.0,4,1,1,0.0,Weiss,Max,Weiß,Goalkeeper,48.666666666666664,0.0,0.0019157233333333334,0.0,0.0039364178082191776,0.0039364178082191776,0.0,0.684931506849315
186,0,0,0,0,0.0,0.0,0.0,0,0,0,0.0,0,0,0,0,0.0,0,0,0,0.0,Roberts,Connor,Roberts,Defender,,,,,,,,
187,3095,0,2,2229,10.0,0.15,1.34176983,4,0,14,13.0,56,33,45,155,10.0,102,139,123,3.0,Walker,Kyle,Walker,Defender,64.81744749596123,0.004361873990306946,0.039017539483037156,0.006729475100942126,0.06019604441453567,0.06692551951547779,0.1794526693584567,0.5832211754149843
190,1539,0,0,925,21.0,0.25,0.28246003000000003,6,1,2,4.0,24,16,12,49,13.0,126,82,46,2.0,Ekdal,Hjalmar,Ekdal,Defender,54.09356725146199,0.014619883040935672,0.016518130409356728,0.02702702702702703,0.03053621945945946,0.05756324648648649,0.6486486486486486,0.43243243243243246
191,2933,0,0,1778,30.0,0.66,0.66400316,9,1,2,7.0,45,27,37,114,33.0,222,138,70,1.0,Estève,Maxime,Estève,Defender,54.55847255369929,0.020252301397886124,0.020375139584043644,0.03712035995500563,0.037345509561304835,0.07446586951631047,0.5061867266591676,0.39370078740157477
192,1825,0,6,1198,25.0,0.33999999999999997,1.9998452,8,3,5,20.0,53,32,31,69,4.0,66,71,57,3.0,Hartman,Quilindschy,Hartman,Defender,59.079452054794515,0.016767123287671232,0.09862250301369863,0.02838063439065108,0.16693198664440734,0.19531262103505845,0.667779632721202,1.669449081803005
193,1574,0,2,1159,24.0,0.42000000000000004,0.69001986,9,3,6,9.0,26,17,11,69,19.0,83,66,73,2.0,Humphreys,Bashir,Humphreys,Defender,66.27064803049555,0.024015247776365947,0.03945475692503177,0.03623813632441761,0.05953579465056083,0.09577393097497842,0.7765314926660914,0.7765314926660914
195,1405,0,0,959,22.0,0.6000000000000001,1.580684,16,4,18,20.0,29,22,20,85,6.0,39,53,65,5.0,Lucas Pires,Lucas,Pires Silva,Defender,61.430604982206404,0.03843416370106762,0.1012537793594306,0.06256517205422317,0.16482627737226277,0.22739144942648595,1.6684045881126173,2.0855057351407713
197,164,1,0,97,4.0,0.64,0.08376104000000001,3,1,1,1.0,2,1,1,4,0.0,4,8,10,0.0,Sonne,Oliver,Sonne,Defender,53.231707317073166,0.35121951219512193,0.045966424390243905,0.6597938144329897,0.086351587628866,0.7461454020618558,3.0927835051546393,1.0309278350515463
198,1201,1,0,721,2.0,0.61,0.14038862,2,1,0,0.0,13,7,11,40,11.0,83,37,41,0.0,Tuanzebe,Axel,Tuanzebe,Defender,54.02997502081598,0.04571190674437968,0.010520379517069108,0.08460471567267683,0.019471375866851593,0.10407609153952843,0.27739251040221913,0.0
199,496,0,0,252,7.0,0.08,0.0667882,1,0,0,0.0,4,3,5,10,7.0,59,25,25,0.0,Worrall,Joe,Worrall,Defender,45.725806451612904,0.014516129032258065,0.012118826612903226,0.031746031746031744,0.02650325396825397,0.058249285714285726,0.3968253968253968,0.0
200,2717,8,4,1541,110.0,5.12,3.03406612,51,23,36,37.0,43,22,15,140,7.0,27,135,186,14.0,Anthony,Jaidon,Anthony,Midfielder,51.04527051895473,0.16959882223040118,0.10050274228928965,0.33225178455548343,0.19688943024010383,0.5291412147955873,3.309539260220636,2.401038286826736
202,1014,0,1,497,37.0,1.45,1.18256136,16,4,9,12.0,11,3,6,31,1.0,13,31,59,2.0,Bruun Larsen,Jacob,Bruun Larsen,Midfielder,44.112426035502956,0.128698224852071,0.10496106745562131,0.2917505030181086,0.23793991146881288,0.5296904144869216,3.2193158953722336,2.414486921529175
205,1513,2,2,1077,7.0,0.89,1.36811565,11,6,2,13.0,32,18,22,73,11.0,35,67,55,0.0,Cullen,Josh,Cullen,Midfielder,64.06477197620622,0.05294117647058824,0.08138163152676801,0.08263695450324977,0.12703023676880223,0.20966719127205202,1.021355617455896,1.2070566388115136
206,1058,1,3,548,54.0,1.47,2.00747139,19,6,12,20.0,11,6,3,50,0.0,4,43,75,8.0,Edwards,Marcus,Edwards,Midfielder,46.61625708884688,0.12504725897920604,0.17076788761814746,0.26824817518248173,0.36632689598540147,0.6345750711678833,3.4671532846715327,3.64963503649635
207,1219,1,5,814,22.0,0.9,1.9275600800000001,17,5,20,21.0,29,17,8,65,3.0,7,102,101,19.0,Hannibal,Hannibal,Mejbri,Midfielder,60.09844134536505,0.06644790812141099,0.14231370566037738,0.11056511056511058,0.23680099262899265,0.3473661031941032,2.0884520884520885,2.5798525798525795
209,1752,1,0,923,24.0,0.87,0.52207247,12,4,8,12.0,46,24,27,64,8.0,35,90,101,7.0,Laurent,Josh,Laurent,Midfielder,47.41438356164383,0.044691780821917805,0.02681879126712329,0.09425785482123511,0.056562564463705306,0.15082041928494042,1.3001083423618636,1.3001083423618636
210,1259,2,2,578,29.0,1.21,0.952059,22,9,7,13.0,17,9,2,38,1.0,10,53,82,8.0,Tchaouna,Loum,Tchaouna,Midfielder,41.31850675139,0.08649722001588563,0.06805822875297855,0.20934256055363323,0.16471608996539794,0.37405865051903114,3.8062283737024223,2.249134948096886
213,9,0,0,7,0.0,0.0,0.00327354,0,0,0,0.0,0,0,0,0,0.0,0,1,2,0.0,Banel,Jaydon,Banel,Midfielder,70.0,0.0,0.0327354,0.0,0.04676485714285714,0.04676485714285714,0.0,0.0
214,37,0,0,42,1.0,0.0,0.00466563,0,0,0,1.0,1,1,0,4,0.0,0,1,7,1.0,Trésor,Mike,Trésor Ndayishimiye,Midfielder,102.16216216216216,0.0,0.01134882972972973,0.0,0.011108642857142857,0.011108642857142857,0.0,2.380952380952381
215,1764,11,0,589,72.0,7.87,0.42823699,49,21,4,10.0,17,10,7,33,5.0,37,114,160,7.0,Flemming,Zian,Flemming,Forward,30.051020408163268,0.40153061224489794,0.021848826020408163,1.33616298811545,0.07270577079796264,1.4088687589134123,8.31918505942275,1.697792869269949
216,69,0,0,35,4.0,0.24000000000000002,0.01974907,3,1,1,0.0,0,0,0,1,0.0,0,3,6,1.0,Amdouni,Zeki,Amdouni,Forward,45.652173913043484,0.3130434782608696,0.025759656521739133,0.6857142857142857,0.05642591428571429,0.7421402,8.571428571428571,0.0
217,1361,3,2,526,55.0,3.27,0.48580136,20,6,10,10.0,16,12,4,42,3.0,20,65,139,10.0,Foster,Lyle,Foster,Forward,34.78324761204996,0.21623806024981632,0.03212499808963997,0.6216730038022813,0.09235767300380228,0.7140306768060836,3.802281368821293,1.9011406844106464
218,40,0,0,27,5.0,0.25,0.04096731,2,1,1,0.0,0,0,0,2,0.0,0,10,11,2.0,Barnes,Ashley,Barnes,Forward,60.75000000000001,0.5625,0.09217644750000001,0.9259259259259258,0.15173077777777777,1.0776567037037035,7.4074074074074066,0.0
220,3040,0,1,1675,0.0,0.0,0.064639,0,0,0,5.0,2,0,1,303,0.0,26,24,3,0.0,Sánchez,Robert,Lynch Sánchez,Goalkeeper,49.588815789473685,0.0,0.0019136546052631578,0.0,0.003859044776119403,0.003859044776119403,0.0,0.2985074626865672
221,378,0,0,212,0.0,0.0,0.00274427,0,0,1,0.0,0,0,1,34,0.0,2,3,1,0.0,Jörgensen,Filip,Jörgensen,Goalkeeper,50.476190476190474,0.0,0.000653397619047619,0.0,0.0012944669811320755,0.0012944669811320755,0.0,0.0
223,0,0,0,0,0.0,0.0,0.0,0,0,0,0.0,0,0,0,0,0.0,0,0,0,0.0,Slonina,Gabriel,Słonina,Goalkeeper,,,,,,,,
224,2706,1,4,2020,83.0,2.34,3.14699136,18,6,1,39.0,56,39,31,112,8.0,88,119,108,1.0,Cucurella,Marc,Cucurella Saseta,Defender,67.1840354767184,0.0778270509977827,0.10466711840354767,0.11584158415841583,0.1557916514851485,0.27163323564356434,0.891089108910891,1.9306930693069306
225,1957,2,6,1840,17.0,0.98,3.04820404,22,7,11,27.0,48,35,32,101,6.0,40,111,77,1.0,James,Reece,James,Defender,84.61931527848748,0.04506898313745529,0.1401831188553909,0.053260869565217396,0.16566326304347825,0.21892413260869567,1.1956521739130435,1.4673913043478262
226,2780,3,1,2682,17.0,1.56,1.04718796,16,5,6,5.0,34,23,35,118,17.0,179,130,90,1.0,Chalobah,Trevoh,Chalobah,Defender,86.8273381294964,0.05050359712230216,0.03390176848920863,0.05816554809843401,0.03904503952274422,0.09721058762117823,0.5965697240865026,0.18642803877703207
227,225,0,0,222,0.0,0.0,0.11368988,0,0,0,0.0,3,2,5,9,0.0,14,11,6,1.0,Colwill,Levi,Samuels Colwill,Defender,88.8,0.0,0.04547595199999999,0.0,0.05121165765765766,0.05121165765765766,0.0,0.0
228,2255,2,3,1804,48.0,1.55,2.99870932,11,6,12,27.0,52,24,31,122,5.0,39,99,85,4.0,Gusto,Malo,Gusto,Defender,72.0,0.06186252771618625,0.11968241188470068,0.08592017738359202,0.16622557206208427,0.2521457494456763,0.6097560975609756,1.4966740576496673
229,470,0,0,497,1.0,0.0,0.06772211,0,0,0,0.0,8,5,10,15,4.0,27,19,11,0.0,B.Badiashile,Benoît,Badiashile Mukinayi,Defender,95.17021276595744,0.0,0.012968063617021276,0.0,0.01362617907444668,0.01362617907444668,0.0,0.0
230,1718,0,2,1559,16.0,0.72,0.5840593199999999,8,1,10,3.0,20,11,39,81,19.0,127,113,71,2.0,Fofana,Wesley,Fofana,Defender,81.67054714784634,0.03771827706635623,0.03059682118742724,0.046183450930083386,0.03746371520205259,0.08364716613213598,0.5131494547787042,0.19243104554201412
231,100,0,0,62,1.0,0.35,0.00202731,0,0,0,0.0,1,0,1,2,1.0,5,2,4,0.0,M.Sarr,Mamadou,Sarr,Defender,55.8,0.31499999999999995,0.001824579,0.564516129032258,0.0032698548387096777,0.5677859838709677,0.0,0.0
232,788,0,0,872,4.0,0.11,0.41058592,2,0,0,1.0,17,8,9,22,5.0,66,57,25,0.0,Tosin,Tosin,Adarabioyo,Defender,99.59390862944163,0.012563451776649746,0.04689433096446701,0.012614678899082568,0.04708554128440367,0.059700220183486245,0.22935779816513763,0.11467889908256881
233,657,1,0,600,8.0,0.62,0.14647175,4,2,10,2.0,11,8,12,26,2.0,20,42,24,3.0,Acheampong,Josh,Acheampong,Defender,82.1917808219178,0.08493150684931507,0.020064623287671234,0.10333333333333333,0.024411958333333334,0.12774529166666668,0.6666666666666667,0.33333333333333337
235,1954,10,2,1218,93.0,10.64,2.1831390500000003,50,25,16,24.0,25,12,15,83,0.0,12,78,105,18.0,Palmer,Cole,Palmer,Midfielder,56.10030706243602,0.49007164790174,0.10055399923234393,0.8735632183908046,0.17923965927750413,1.0528028776683087,4.105090311986864,1.9704433497536946
236,2629,5,7,1506,108.0,4.680000000000001,7.128563,43,13,46,53.0,19,11,6,84,0.0,13,99,145,5.0,Neto,Pedro,Lomba Neto,Midfielder,51.55572461011791,0.1602130087485736,0.2440360098896919,0.3107569721115538,0.47334415670650726,0.7841011288180609,2.8552456839309426,3.51925630810093
237,3114,10,5,2602,102.0,11.31,7.5701218,67,31,13,68.0,54,23,21,140,2.0,28,138,166,10.0,Enzo,Enzo,Fernández,Midfielder,75.20231213872832,0.32687861271676305,0.2187896473988439,0.43466564181398926,0.2909347348193697,0.725600376633359,2.574942352036895,2.6133743274404306
238,839,2,5,489,67.0,2.8707,2.19862573,26,8,29,16.0,11,6,4,36,0.0,5,52,96,7.0,Estêvão,Estêvão,Almeida de Oliveira Gonçalves,Midfielder,52.45530393325387,0.30794159713945174,0.23584781370679378,0.5870552147239263,0.44961671370143147,1.0366719284253578,5.316973415132924,3.2719836400818
239,486,0,2,256,28.0,0.7999999999999999,0.9303691,10,2,13,9.0,8,3,2,15,1.0,3,32,27,0.0,Gittens,Jamie,Bynoe-Gittens,Midfielder,47.40740740740741,0.14814814814814814,0.17229057407407405,0.3125,0.36342542968749997,0.6759254296874999,3.90625,3.515625
241,2796,3,1,2490,16.0,1.42,2.2952546799999998,24,7,15,18.0,85,45,59,177,15.0,28,170,135,6.0,Caicedo,Moisés,Caicedo Corozo,Midfielder,80.15021459227468,0.04570815450643776,0.07388158841201717,0.0570281124497992,0.09217890281124497,0.14920701526104418,0.9638554216867471,0.7228915662650602
242,2629,8,7,1576,84.0,4.32,5.36310801,39,15,28,37.0,53,26,12,134,4.0,28,148,144,24.0,Dewsbury-Hall,Kiernan,Dewsbury-Hall,Midfielder,53.95207303157095,0.1478889311525295,0.18359822019779384,0.2741116751269036,0.3402987315989848,0.6144104067258884,2.474619289340102,2.3477157360406093
243,351,0,0,192,20.0,0.62,1.18200886,10,5,7,3.0,7,5,2,14,0.0,0,17,28,5.0,George,Tyrique,George,Midfielder,49.23076923076923,0.158974358974359,0.30307919487179485,0.3229166666666667,0.6156296145833333,0.9385462812500001,5.208333333333334,1.5625
244,374,0,0,346,3.0,0.21,0.60943357,3,0,3,1.0,8,7,5,20,0.0,4,22,16,5.0,Lavia,Roméo,Lavia,Midfielder,83.2620320855615,0.050534759358288765,0.14665513716577538,0.060693641618497114,0.17613686994219654,0.23683051156069362,0.8670520231213872,0.2890173410404624
246,1247,1,0,987,20.0,1.93,0.85893541,10,2,3,8.0,40,21,20,48,6.0,18,76,43,0.0,Andrey Santos,Andrey,Nascimento dos Santos,Midfielder,71.23496391339214,0.13929430633520448,0.06199213063352045,0.19554204660587637,0.08702486423505572,0.2825669108409321,1.0131712259371835,0.8105369807497468
247,26,0,0,39,0.0,0.0,0.00842841,0,0,2,0.0,6,3,0,1,0.0,1,10,6,2.0,D.Essugo,Dário,Luís Essugo,Midfielder,135.0,0.0,0.029175265384615387,0.0,0.021611307692307694,0.021611307692307694,0.0,0.0
249,2658,15,9,1240,113.0,15.0566,1.94352908,59,28,38,29.0,26,17,6,71,5.0,27,191,205,17.0,João Pedro,João Pedro,Junqueira de Jesus,Forward,41.98645598194131,0.5098171557562077,0.06580798239277652,1.214241935483871,0.15673621612903227,1.3709781516129032,4.758064516129032,2.338709677419355
250,1092,1,2,376,65.0,4.46,0.22552415,34,11,8,3.0,5,3,1,25,0.0,11,56,89,9.0,Delap,Liam,Delap,Forward,30.98901098901099,0.36758241758241755,0.01858715521978022,1.1861702127659575,0.05997982712765957,1.2461500398936172,9.042553191489363,0.7978723404255319
252,265,0,1,69,18.0,1.53,0.28739025,13,2,1,3.0,0,0,0,4,0.0,4,7,27,0.0,Marc Guiu,Marc,Guiu Paz,Forward,23.433962264150942,0.5196226415094339,0.09760423584905661,2.217391304347826,0.4165076086956522,2.6338989130434785,18.84057971014493,4.3478260869565215
253,3330,0,0,1458,0.0,0.0,0.13174657,0,0,1,1.0,1,0,2,298,0.0,54,19,5,0.0,Henderson,Dean,Henderson,Goalkeeper,39.40540540540541,0.0,0.003560718108108108,0.0,0.009036115912208506,0.009036115912208506,0.0,0.06858710562414265
254,90,0,0,36,0.0,0.0,0.00188093,0,0,0,0.0,0,0,0,9,0.0,1,0,0,0.0,Benitez,Walter,Benítez,Goalkeeper,36.0,0.0,0.00188093,0.0,0.0052248055555555555,0.0052248055555555555,0.0,0.0
255,0,0,0,0,0.0,0.0,0.0,0,0,0,0.0,0,0,0,0,0.0,0,0,0,0.0,Matthews,Remi,Matthews,Goalkeeper,,,,,,,,
256,2400,4,4,1413,59.0,2.392,3.9679554,27,13,2,28.0,74,49,26,97,1.0,97,138,124,2.0,Muñoz,Daniel,Muñoz Mejía,Defender,52.9875,0.08969999999999999,0.1487983275,0.16928520877565462,0.28081779193205947,0.45010300070771414,1.910828025477707,1.9815994338287333
257,3085,1,2,2221,74.0,2.37,0.9465945899999999,20,7,7,7.0,59,37,45,94,18.0,251,199,130,0.0,Lacroix,Maxence,Lacroix,Defender,64.79416531604538,0.06914100486223664,0.02761540132901134,0.10670868977937867,0.042620197658712285,0.14932888743809097,0.9004952723998199,0.31517334533993696
258,3253,1,3,2024,55.0,1.6,2.53814828,19,7,14,29.0,101,63,34,187,12.0,100,168,137,8.0,Mitchell,Tyrick,Mitchell,Defender,55.99754073163234,0.04426683061789118,0.07022236249615739,0.07905138339920949,0.12540258300395257,0.20445396640316207,0.9387351778656126,1.4328063241106719
259,99,0,0,73,3.0,0.04,0.06705309,1,0,0,2.0,3,0,2,3,0.0,4,6,6,0.0,Sosa,Borna,Sosa,Defender,66.36363636363636,0.03636363636363636,0.06095735454545454,0.0547945205479452,0.09185354794520548,0.14664806849315068,1.36986301369863,2.73972602739726
260,3150,3,5,2807,62.0,4.25,2.14639727,30,9,6,18.0,45,31,50,138,23.0,164,190,110,8.0,Guéhi,Marc,Guéhi,Defender,80.2,0.12142857142857144,0.06132563628571429,0.15140719629497684,0.0764658806555041,0.22787307695048092,1.0687566797292483,0.6412540078375489
261,2825,1,0,2074,44.0,2.36,1.3693666500000001,14,2,4,9.0,54,35,43,65,19.0,196,168,129,6.0,Richards,Chris,Richards,Defender,66.07433628318584,0.07518584070796461,0.04362584017699115,0.1137897782063645,0.06602539296046288,0.1798151711668274,0.6750241080038573,0.43394406943105107
262,550,0,1,460,10.0,0.32999999999999996,0.12900321,4,2,1,1.0,8,4,6,32,3.0,28,25,30,2.0,Chadi Riad,Chadi,Riad Dnanou,Defender,75.27272727272727,0.05399999999999999,0.021109616181818183,0.0717391304347826,0.028044176086956526,0.09978330652173913,0.8695652173913043,0.21739130434782608
263,592,0,1,298,12.0,0.43000000000000005,0.60249054,3,0,4,3.0,16,9,6,17,2.0,25,23,19,1.0,Clyne,Nathaniel,Clyne,Defender,45.304054054054056,0.06537162162162163,0.0915948456081081,0.14429530201342283,0.20217803355704697,0.3464733355704698,1.006711409395973,1.006711409395973
266,1885,7,3,972,65.0,5.1000000000000005,2.64200545,60,20,28,16.0,19,14,11,79,1.0,10,97,89,13.0,Eze,Eberechi,Eze,Midfielder,46.40848806366048,0.243501326259947,0.12614349628647217,0.5246913580246915,0.27181126028806585,0.7965026183127573,6.172839506172839,1.646090534979424
267,2173,9,2,863,99.0,10.9,1.14029784,48,21,11,19.0,18,9,8,80,4.0,28,96,146,16.0,Sarr,Ismaïla,Sarr,Midfielder,35.743212149102625,0.451449608835711,0.047228166405890476,1.2630359212050986,0.13213184704519118,1.3951677682502897,5.5619930475086905,2.20162224797219
269,40,0,0,37,3.0,0.0,0.03989478,0,0,1,0.0,3,1,0,2,0.0,0,7,8,0.0,Esse,Romain,Esse,Midfielder,83.25,0.0,0.08976325499999999,0.0,0.10782372972972971,0.10782372972972971,0.0,0.0
270,1560,0,1,944,28.0,1.08,1.93144305,17,0,10,21.0,28,16,15,66,8.0,28,78,84,3.0,Hughes,Will,Hughes,Midfielder,54.46153846153846,0.062307692307692314,0.11142940673076922,0.11440677966101696,0.20460201800847458,0.31900879766949153,1.8008474576271187,2.2245762711864407
271,1899,0,2,1153,37.0,1.6500000000000001,3.26084233,19,4,12,20.0,63,36,14,108,1.0,23,116,94,3.0,Kamada,Daichi,Kamada,Midfielder,54.644549763033176,0.07819905213270144,0.154542290521327,0.14310494362532525,0.2828137320034692,0.42591867562879443,1.647875108412836,1.7346053772766694
272,1722,0,5,1192,51.0,1.8399999999999999,1.4153498199999999,18,7,3,13.0,30,18,25,102,4.0,61,122,100,3.0,Lerma,Jefferson,Lerma Solís,Midfielder,62.299651567944245,0.09616724738675958,0.07397298710801394,0.15436241610738255,0.1187374010067114,0.2730998171140939,1.5100671140939599,1.0906040268456376
273,2552,1,6,1695,30.0,1.51,7.4305261400000004,30,6,15,44.0,68,37,26,164,3.0,42,137,145,8.0,Wharton,Adam,Wharton,Midfielder,59.776645768025084,0.05325235109717868,0.2620483356583072,0.08908554572271386,0.4383791233038349,0.5274646690265488,1.7699115044247788,2.5958702064896757
276,785,1,0,452,32.0,2.63,0.40012206,13,4,3,7.0,25,11,1,34,0.0,12,46,69,1.0,Devenny,Justin,Devenny,Midfielder,51.82165605095541,0.3015286624203821,0.04587386675159235,0.581858407079646,0.0885225796460177,0.6703809867256637,2.8761061946902653,1.5486725663716814
281,3,0,0,5,0.0,0.0,0.00026374,0,0,0,0.0,0,0,0,0,0.0,0,0,2,0.0,Rodney,Kaden,Rodney,Midfielder,150.0,0.0,0.0079122,0.0,0.0052748,0.0052748,0.0,0.0
283,2210,12,0,685,88.0,14.55,1.30322672,62,32,14,9.0,11,5,6,57,6.0,46,111,176,5.0,Mateta,Jean-Philippe,Mateta,Forward,27.895927601809955,0.5925339366515837,0.053072581357466064,2.124087591240876,0.19025207591240875,2.3143396671532845,9.05109489051095,1.313868613138686
284,414,2,0,216,26.0,1.7899999999999998,0.47505610000000004,15,6,4,7.0,8,6,2,17,1.0,10,27,54,0.0,Nketiah,Eddie,Nketiah,Forward,46.95652173913043,0.38913043478260867,0.10327306521739131,0.8287037037037035,0.21993337962962967,1.0486370833333334,6.944444444444445,3.2407407407407405
285,2,0,0,5,0.0,0.0,0.0,0,0,0,0.0,1,1,0,0,0.0,0,2,2,0.0,Édouard,Odsonne,Édouard,Forward,225.0,0.0,0.0,0.0,0.0,0.0,0.0,0.0
287,3420,0,0,1760,0.0,0.0,0.2369933,0,0,0,2.0,2,1,0,311,0.0,52,12,4,0.0,Pickford,Jordan,Pickford,Goalkeeper,46.315789473684205,0.0,0.006236665789473683,0.0,0.013465528409090908,0.013465528409090908,0.0,0.11363636363636363
288,0,0,0,0,0.0,0.0,0.0,0,0,0,0.0,0,0,0,0,0.0,0,0,0,0.0,Travers,Mark,Travers,Goalkeeper,,,,,,,,
290,678,1,1,464,9.0,0.33999999999999997,0.11850949999999999,6,2,0,3.0,12,5,11,29,2.0,40,42,20,2.0,Branthwaite,Jarrad,Branthwaite,Defender,61.5929203539823,0.04513274336283185,0.015731349557522124,0.07327586206896551,0.025540840517241377,0.09881670258620688,1.293103448275862,0.646551724137931
291,3330,2,3,2090,84.0,2.75,1.94008787,21,10,5,18.0,52,30,32,88,52.0,242,235,110,0.0,Tarkowski,James,Tarkowski,Defender,56.486486486486484,0.07432432432432431,0.0524348072972973,0.13157894736842105,0.09282717081339711,0.2244061181818182,1.0047846889952152,0.8612440191387559
292,2959,0,1,2011,23.0,0.26,2.41586281,9,2,10,22.0,50,27,30,107,9.0,146,136,123,3.0,Mykolenko,Vitalii,Mykolenko,Defender,61.16593443730991,0.007908077053058467,0.07348011250422441,0.012928891098955744,0.12013241223272003,0.1330613033316758,0.44753853804077576,1.093983092988563
293,3118,1,3,1808,37.0,1.68,1.10437212,13,6,6,17.0,56,32,15,113,16.0,142,192,124,7.0,O'Brien,Jake,O'Brien,Defender,52.18729955099423,0.04849262347658755,0.0318773222578576,0.09292035398230089,0.061082528761061954,0.15400288274336282,0.7190265486725663,0.9402654867256638
294,19,0,0,26,0.0,0.0,0.12996341,0,0,0,1.0,0,0,0,2,0.0,2,2,1,0.0,Coleman,Séamus,Coleman,Defender,123.15789473684211,0.0,0.615616152631579,0.0,0.49985926923076923,0.49985926923076923,0.0,3.8461538461538463
295,2588,3,1,1536,65.0,2.34,0.50694892,26,7,5,2.0,37,24,37,88,27.0,204,158,98,3.0,Keane,Michael,Keane,Defender,53.415765069551775,0.08137557959814529,0.017629599227202475,0.15234374999999997,0.03300448697916667,0.18534823697916666,1.6927083333333333,0.13020833333333331
296,238,0,0,147,1.0,0.03,0.04108744,1,1,1,0.0,10,4,2,14,2.0,17,19,13,0.0,Patterson,Nathan,Patterson,Defender,55.58823529411765,0.01134453781512605,0.015537267226890758,0.02040816326530612,0.027950639455782314,0.04835880272108844,0.6802721088435374,0.0
298,0,0,0,0,0.0,0.0,0.0,0,0,0,0.0,0,0,0,0,0.0,0,0,0,0.0,Welch,Reece,Welch,Defender,,,,,,,,
299,2781,6,3,1574,102.0,6.64,4.36162261,43,22,71,30.0,69,43,17,179,2.0,19,187,218,23.0,Ndiaye,Iliman,Ndiaye,Midfielder,50.93851132686085,0.21488673139158573,0.1411528352750809,0.42185514612452346,0.2771043589580686,0.6989595050825921,2.7318932655654384,1.9059720457433291
300,1161,0,3,555,23.0,1.3900000000000001,1.9558513899999999,24,5,6,15.0,22,16,10,62,3.0,13,42,59,11.0,McNeil,Dwight,McNeil,Midfielder,43.02325581395349,0.10775193798449613,0.15161638682170542,0.2504504504504505,0.3524056558558558,0.6028561063063064,4.324324324324325,2.7027027027027026
301,679,0,1,446,28.0,1.1524,0.52286375,20,5,7,10.0,14,9,1,42,2.0,8,46,54,1.0,Alcaraz,Carlos,Alcaraz Durán,Midfielder,59.11634756995582,0.1527481590574374,0.0693044734904271,0.2583856502242153,0.11723402466367712,0.3756196748878924,4.484304932735426,2.242152466367713
302,2094,2,3,1365,34.0,2.0,1.74969116,29,7,7,13.0,44,20,29,114,7.0,24,95,76,2.0,Gana,Idrissa Gana,Gueye,Midfielder,58.6676217765043,0.08595988538681948,0.07520162578796562,0.14652014652014653,0.12818250256410257,0.2747026490842491,2.1245421245421245,0.9523809523809524
303,3413,2,7,2651,28.0,2.03,5.96926489,45,14,15,56.0,120,71,60,184,10.0,84,209,130,5.0,Garner,James,Garner,Midfielder,69.9062408438324,0.05353061822443598,0.1574080984764137,0.07657487740475293,0.22517030894002263,0.30174518634477554,1.6974726518294982,2.1124104111655977
304,1477,0,3,795,24.0,0.58,0.7664849300000001,12,1,11,8.0,69,45,22,78,12.0,9,121,104,11.0,Iroegbunam,Tim,Iroegbunam,Midfielder,48.4427894380501,0.03534190927555856,0.04670524285714286,0.0729559748427673,0.09641319874213837,0.16936917358490566,1.509433962264151,1.0062893081761006
305,524,0,0,291,11.0,0.79,0.2105086,5,2,2,4.0,13,10,4,25,1.0,8,35,30,1.0,Armstrong,Harrison,Armstrong,Midfielder,49.980916030534345,0.13568702290076337,0.036156057251908395,0.2714776632302406,0.07233972508591065,0.3438173883161512,1.718213058419244,1.3745704467353952
310,1898,8,0,678,93.0,8.200000000000001,0.46628352,38,14,9,12.0,6,4,5,35,4.0,25,148,244,8.0,Barry,Thierno,Barry,Forward,32.149631190727085,0.3888303477344574,0.022110388198103265,1.209439528023599,0.06877338053097345,1.2782129085545724,5.604719764011799,1.7699115044247788
311,1551,9,1,560,95.0,8.9,0.22422799999999998,43,17,13,12.0,13,4,1,26,5.0,43,129,202,12.0,Beto,Norberto Bercique,Gomes Betuncal,Forward,32.49516441005803,0.5164410058027079,0.013011295938104447,1.5892857142857142,0.040040714285714284,1.6293264285714288,7.678571428571429,2.142857142857143
314,3420,0,0,1780,0.0,0.0,0.04206731,0,0,0,0.0,4,1,1,318,0.0,45,28,1,0.0,Leno,Bernd,Leno,Goalkeeper,46.8421052631579,0.0,0.0011070344736842104,0.0,0.00236333202247191,0.00236333202247191,0.0,0.0
316,1487,1,0,1291,27.0,1.07,1.25446206,6,1,11,22.0,47,31,29,98,3.0,56,84,63,3.0,Robinson,Antonee,Robinson,Defender,78.13718897108271,0.06476126429051782,0.07592574673839945,0.08288148721920992,0.09716979550735864,0.18005128272656856,0.46475600309837334,1.7041053446940357
317,2882,0,1,2731,35.0,1.47,1.86842936,16,4,4,7.0,44,27,35,114,19.0,229,136,79,0.0,Andersen,Joachim,Andersen,Defender,85.28452463566968,0.04590562109646079,0.05834789812630118,0.053826437202489925,0.06841557524716221,0.12224201244965215,0.585865983156353,0.25631636763090443
318,2532,1,1,2122,19.0,1.7,0.3489067,13,2,8,10.0,61,35,22,120,21.0,97,147,92,7.0,Bassey,Calvin,Bassey,Defender,75.42654028436019,0.06042654028436019,0.01240189691943128,0.08011310084825636,0.016442351555136663,0.09655545240339301,0.6126295947219604,0.47125353440150797
319,1838,0,2,1216,41.0,1.42,1.39313667,13,6,3,18.0,40,24,30,56,10.0,63,80,60,1.0,Castagne,Timothy,Castagne,Defender,59.54298150163221,0.06953210010881393,0.06821670310119696,0.11677631578947369,0.11456716036184211,0.23134347615131579,1.069078947368421,1.4802631578947367
320,812,1,0,589,7.0,0.8,0.05284437,2,1,1,0.0,6,4,6,19,7.0,42,25,20,0.0,Diop,Issa,Diop,Defender,65.2832512315271,0.08866995073891627,0.00585713460591133,0.13582342954159593,0.008971879456706282,0.14479530899830223,0.3395585738539898,0.0
321,935,0,0,773,6.0,0.05,0.57158729,1,0,2,3.0,16,9,16,40,10.0,75,34,32,0.0,J.Cuenca,Jorge,Cuenca Barreno,Defender,74.40641711229947,0.004812834224598931,0.05501909743315507,0.00646830530401035,0.07394402199223803,0.08041232729624839,0.129366106080207,0.38809831824062097
322,1791,1,0,1403,24.0,0.9400000000000001,1.45343405,16,3,8,11.0,62,37,27,83,6.0,68,126,84,1.0,Tete,Kenny,Tete,Defender,70.50251256281408,0.04723618090452261,0.07303688693467338,0.06699928724162509,0.10359472915181754,0.17059401639344263,1.1404133998574484,0.7840342124019958
324,2420,4,3,1808,62.0,1.94,4.1760575,38,15,19,44.0,26,18,14,126,3.0,18,61,75,8.0,Iwobi,Alex,Iwobi,Midfielder,67.2396694214876,0.07214876033057852,0.155307923553719,0.10730088495575221,0.23097663163716814,0.3382775165929204,2.101769911504425,2.433628318584071
325,1909,3,1,1220,76.0,4.83,1.10180849,36,11,14,18.0,36,22,22,71,1.0,18,73,71,9.0,Smith Rowe,Emile,Smith Rowe,Midfielder,57.51702462022001,0.22771084337349395,0.05194487380827659,0.3959016393442623,0.09031217131147541,0.4862138106557377,2.9508196721311477,1.4754098360655739
326,376,0,0,217,20.0,0.69,0.58288421,7,1,12,3.0,2,2,0,14,0.0,2,23,41,7.0,Adama,Adama,Traoré Diarra,Midfielder,51.94148936170213,0.1651595744680851,0.1395201566489362,0.3179723502304147,0.2686102350230415,0.5865825852534562,3.225806451612903,1.3824884792626728
328,1816,3,3,1245,69.0,1.6,1.69202543,16,4,9,14.0,47,28,25,74,8.0,64,78,102,3.0,Sessegnon,Ryan,Sessegnon,Midfielder,61.70154185022026,0.07929515418502203,0.08385588584801762,0.1285140562248996,0.13590565702811244,0.264419713253012,1.285140562248996,1.1244979919678715
329,2674,10,9,1260,104.0,5.85,4.7935335299999995,72,25,18,39.0,29,19,16,82,3.0,48,88,93,10.0,Wilson,Harry,Wilson,Midfielder,42.40837696335078,0.1968960359012715,0.16133807692595362,0.4642857142857142,0.380439169047619,0.8447248833333332,5.714285714285714,3.0952380952380953
330,2904,0,3,2069,27.0,1.54,1.24117439,15,3,6,21.0,57,39,25,133,16.0,50,127,109,8.0,Berge,Sander,Berge,Midfielder,64.12190082644628,0.04772727272727273,0.038466148450413226,0.07443209279845336,0.059989095698405034,0.13442118849685838,0.7249879168680522,1.0149830836152731
331,756,2,0,784,11.0,1.21,0.7432557599999999,17,2,3,11.0,7,4,4,43,1.0,7,31,28,2.0,Cairney,Tom,Cairney,Midfielder,93.33333333333333,0.14404761904761904,0.08848282857142856,0.15433673469387754,0.09480303061224489,0.24913976530612242,2.1683673469387754,1.403061224489796
332,1730,1,4,1053,35.0,2.25,1.94825183,18,6,5,28.0,49,27,17,71,9.0,36,102,109,2.0,Lukić,Saša,Lukić,Midfielder,54.78034682080924,0.11705202312138728,0.1013541414450867,0.2136752136752137,0.18501916714150046,0.39869438081671416,1.7094017094017095,2.6590693257359925
335,1290,1,3,600,69.0,2.41,0.63422142,23,11,15,15.0,26,13,3,59,5.0,14,74,76,6.0,King,Josh,King,Midfielder,41.860465116279066,0.16813953488372094,0.04424800604651163,0.40166666666666667,0.10570357,0.5073702366666668,3.833333333333333,2.5
336,89,1,0,54,1.0,0.13,0.46397595,1,1,0,3.0,0,0,0,5,0.0,1,2,7,0.0,Reed,Harrison,Reed,Midfielder,54.60674157303371,0.13146067415730336,0.4691891629213483,0.24074074074074076,0.8592147222222223,1.0999554629629629,1.8518518518518516,5.555555555555555
337,2183,9,5,927,105.0,11.52,0.86973418,72,19,10,25.0,36,21,8,55,3.0,30,164,219,8.0,Raúl,Raúl,Jiménez Rodríguez,Forward,38.21804855703161,0.47494273934951897,0.03585711232249198,1.2427184466019416,0.09382245738942827,1.3365409039913698,7.766990291262135,2.696871628910464
338,987,1,1,332,61.0,3.33,0.14295512,28,5,5,8.0,8,3,2,15,3.0,24,107,110,8.0,Muniz,Rodrigo,Muniz Carvalho,Forward,30.27355623100304,0.3036474164133739,0.013035421276595743,1.0030120481927711,0.04305877108433735,1.0460708192771084,8.433734939759036,2.4096385542168677
339,0,0,0,0,0.0,0.0,0.0,0,0,0,0.0,0,0,0,0,0.0,0,0,0,0.0,Meslier,Illan,Meslier,Goalkeeper,,,,,,,,
341,1980,0,0,1068,0.0,0.0,0.07683617,0,0,1,0.0,1,0,0,202,0.0,29,14,0,0.0,Darlow,Karl,Darlow,Goalkeeper,48.54545454545455,0.0,0.003492553181818182,0.0,0.007194397940074906,0.007194397940074906,0.0,0.0
342,2795,1,5,1546,70.0,2.08,3.15091971,18,4,19,21.0,65,43,33,134,5.0,73,137,165,12.0,Bogle,Jayden,Bogle,Defender,49.78175313059034,0.06697674418604652,0.10146074200357781,0.13454075032341528,0.20381110672703756,0.3383518570504528,1.1642949547218628,1.3583441138421735
343,2935,0,1,2290,58.0,3.08,0.77998887,31,5,3,12.0,39,23,31,118,19.0,205,171,135,3.0,Struijk,Pascal,Struijk,Defender,70.22146507666099,0.09444633730834752,0.0239178869846678,0.13449781659388646,0.03406064934497816,0.16855846593886462,1.3537117903930131,0.5240174672489083
344,1888,1,3,1315,48.0,0.9,0.81640315,12,6,2,7.0,24,13,23,63,14.0,160,102,84,0.0,Bijol,Jaka,Bijol,Defender,62.6853813559322,0.04290254237288136,0.03891752304025423,0.06844106463878327,0.0620838897338403,0.13052495437262357,0.9125475285171103,0.532319391634981
345,429,0,0,225,7.0,0.2,0.01575998,1,0,1,0.0,8,3,5,13,6.0,29,20,28,0.0,Bornauw,Sebastiaan,Bornauw,Defender,47.2027972027972,0.04195804195804196,0.00330628951048951,0.08888888888888889,0.007004435555555556,0.09589332444444446,0.4444444444444444,0.0
346,8,0,0,10,0.0,0.0,0.00022092,0,0,0,0.0,1,0,0,1,0.0,2,1,1,0.0,Byram,Sam,Byram,Defender,112.5,0.0,0.00248535,0.0,0.0022091999999999997,0.0022091999999999997,0.0,0.0
347,2637,0,0,1726,51.0,1.13,2.69183981,16,3,36,21.0,63,45,27,112,7.0,83,173,153,5.0,Gudmundsson,Gabriel,Gudmundsson,Defender,58.90784982935154,0.038566552901023884,0.09187166587030716,0.06546929316338354,0.15595827404403245,0.22142756720741597,0.9269988412514484,1.2166859791425262
348,2952,2,0,1918,46.0,1.4,0.57585956,18,7,1,9.0,37,20,29,85,22.0,184,140,110,3.0,Rodon,Joe,Rodon,Defender,58.47560975609756,0.04268292682926829,0.017556693902439025,0.072992700729927,0.030023960375391037,0.10301666110531804,0.9384775808133473,0.46923879040667366
350,2449,4,8,1275,97.0,4.51,3.60026059,41,17,30,34.0,50,25,15,130,4.0,17,154,228,24.0,Aaronson,Brenden,Aaronson,Midfielder,46.85585953450387,0.1657411188240098,0.1323084741118824,0.3537254901960784,0.28237337960784314,0.6360988698039216,3.215686274509804,2.666666666666667
351,521,0,3,360,21.0,0.41000000000000003,0.76413983,10,0,3,9.0,18,14,3,26,0.0,12,33,43,4.0,Gnonto,Wilfried,Gnonto,Midfielder,62.188099808061416,0.0708253358925144,0.13200112226487523,0.1138888888888889,0.21226106388888888,0.3261499527777778,2.7777777777777777,2.5
352,262,0,0,182,7.0,0.28,0.23501019,6,2,3,2.0,5,2,4,13,0.0,2,13,11,0.0,Harrison,Jack,Harrison,Midfielder,62.519083969465655,0.09618320610687023,0.08072869122137405,0.15384615384615385,0.12912647802197805,0.28297263186813193,3.296703296703297,1.098901098901099
353,547,0,0,257,28.0,0.91,0.7002258299999999,14,3,6,9.0,7,4,1,19,0.0,8,28,30,2.0,James,Daniel,James,Midfielder,42.285191956124315,0.14972577696526507,0.11521083126142595,0.3540856031128405,0.27246141245136185,0.6265470155642024,5.447470817120623,3.501945525291829
354,3119,1,4,2367,26.0,2.49,2.1197355300000003,23,6,12,19.0,80,46,51,182,18.0,82,182,108,3.0,Ampadu,Ethan,Ampadu,Midfielder,68.30073741583841,0.07184995190766272,0.061165821641551786,0.10519645120405578,0.08955367680608367,0.1947501280101394,0.9716941275876637,0.8027038445289396
356,1318,0,4,745,12.0,0.49,0.89634314,7,1,6,11.0,25,13,15,51,6.0,19,53,60,3.0,Gruev,Ilia,Gruev,Midfielder,50.87253414264037,0.0334597875569044,0.061207042943854324,0.06577181208053691,0.12031451543624161,0.18608632751677853,0.9395973154362416,1.476510067114094
358,1307,2,1,904,14.0,1.63,1.42009073,17,5,4,18.0,27,15,21,81,2.0,15,53,60,4.0,Tanaka,Tanaka,Ao,Midfielder,62.24942616679419,0.11224177505738331,0.0977874259372609,0.1803097345132743,0.1570896825221239,0.3373994170353982,1.8805309734513276,1.991150442477876
362,244,0,0,146,18.0,0.9500000000000001,0.12827462,14,3,1,1.0,2,1,1,9,0.0,1,8,25,0.0,Piroe,Joël,Piroe,Forward,53.85245901639344,0.3504098360655738,0.047314409016393444,0.6506849315068494,0.0878593287671233,0.7385442602739727,9.58904109589041,0.684931506849315
365,1065,6,1,413,64.0,7.27,1.56872295,29,16,7,11.0,12,7,3,31,1.0,11,68,92,7.0,Nmecha,Lukas,Nmecha,Forward,34.901408450704224,0.6143661971830986,0.1325681366197183,1.7602905569007263,0.3798360653753026,2.140126622276029,7.021791767554479,2.663438256658596
366,2340,0,0,1064,0.0,0.0,0.04335076,0,0,0,0.0,0,0,0,229,0.0,37,11,3,0.0,A.Becker,Alisson,Becker,Goalkeeper,40.92307692307692,0.0,0.0016673369230769232,0.0,0.004074319548872181,0.004074319548872181,0.0,0.0
367,867,0,0,397,0.0,0.0,0.0162887,0,0,0,0.0,1,1,1,76,0.0,9,5,3,0.0,Mamardashvili,Giorgi,Mamardashvili,Goalkeeper,41.21107266435986,0.0,0.0016908685121107265,0.0,0.004102947103274559,0.004102947103274559,0.0,0.0
368,0,0,0,0,0.0,0.0,0.0,0,0,0,0.0,0,0,0,0,0.0,0,0,0,0.0,Pécsi,Ármin,Pécsi,Goalkeeper,,,,,,,,
369,212,0,0,106,0.0,0.0,0.00368907,0,0,0,0.0,0,0,1,22,0.0,3,0,0,0.0,Woodman,Freddie,Woodman,Goalkeeper,45.0,0.0,0.0015661146226415095,0.0,0.0034802547169811324,0.0034802547169811324,0.0,0.0
370,1032,0,5,731,66.0,0.5048,1.76783518,10,2,15,15.0,11,9,6,52,0.0,13,54,60,8.0,Frimpong,Jeremie,Frimpong,Defender,63.75,0.04402325581395349,0.15417167267441861,0.06905608755129959,0.24183791792065662,0.3108940054719562,1.3679890560875512,2.0519835841313268
371,2251,2,1,1608,41.0,1.5899999999999999,0.73313757,9,2,10,26.0,41,26,14,88,8.0,71,112,79,1.0,Kerkez,Milos,Kerkez,Defender,64.29142603287428,0.06357174589071524,0.029312475033318526,0.09888059701492537,0.045593132462686564,0.14447372947761195,0.5597014925373134,1.616915422885572
372,1165,1,0,962,28.0,1.0999999999999999,1.36886056,10,3,3,20.0,12,10,8,40,3.0,33,29,27,1.0,Robertson,Andrew,Robertson,Defender,74.3175965665236,0.08497854077253218,0.1057488844635193,0.11434511434511432,0.1422931975051975,0.25663831185031183,1.0395010395010396,2.079002079002079
373,3420,6,1,3258,68.0,3.7928,1.25552621,30,14,2,12.0,23,15,28,87,26.0,275,210,78,0.0,Virgil,Virgil,van Dijk,Defender,85.73684210526315,0.09981052631578949,0.03304016342105263,0.11641497851442603,0.0385367160834868,0.15495169459791283,0.9208103130755065,0.3683241252302026
374,3090,1,0,2635,19.0,1.19,0.98092429,12,4,5,8.0,54,30,29,117,24.0,188,215,99,1.0,Konaté,Ibrahima,Konaté,Defender,76.74757281553399,0.03466019417475728,0.028570610388349515,0.04516129032258064,0.03722672827324478,0.08238801859582542,0.45540796963946867,0.3036053130929791
375,928,0,2,807,28.0,0.24000000000000002,0.98559506,6,0,7,4.0,19,15,13,43,4.0,29,61,75,0.0,Bradley,Conor,Bradley,Defender,78.26508620689656,0.02327586206896552,0.09558572780172413,0.029739776951672865,0.1221307385377943,0.15187051548946717,0.7434944237918215,0.49566294919454773
376,594,0,2,483,11.0,0.28,0.65292644,5,1,3,5.0,10,7,9,20,2.0,25,26,40,5.0,Gomez,Joe,Gomez,Defender,73.18181818181819,0.04242424242424243,0.09892824848484848,0.05797101449275363,0.13518145755693584,0.19315247204968944,1.0351966873706004,1.0351966873706004
380,0,0,0,0,0.0,0.0,0.0,0,0,0,0.0,0,0,0,0,0.0,0,0,0,0.0,Ramsay,Calvin,Ramsay,Defender,,,,,,,,
381,2144,7,7,1323,176.0,8.1252,5.2989454,68,19,19,49.0,18,12,4,81,1.0,7,61,139,19.0,M.Salah,Mohamed,Salah,Midfielder,55.536380597014926,0.3410764925373134,0.22243707369402987,0.6141496598639455,0.4005249735449736,1.0146746334089192,5.139833711262283,3.7037037037037033
382,2374,5,4,1874,161.0,6.88,5.01774381,51,18,38,60.0,34,26,11,115,2.0,13,99,150,12.0,Wirtz,Florian,Wirtz,Midfielder,71.044650379107,0.26082561078348776,0.19022617645324347,0.3671291355389541,0.26775580629669155,0.6348849418356456,2.72145144076841,3.2017075773745995
384,2736,7,5,1314,183.0,8.4515,4.52184035,87,21,33,54.0,28,15,13,87,4.0,21,161,172,12.0,Gakpo,Cody,Gakpo,Midfielder,43.223684210526315,0.27800986842105263,0.14874474835526313,0.6431887366818873,0.3441278805175038,0.9873166171993911,6.621004566210045,4.10958904109589
385,317,2,1,222,35.0,1.5137,0.6099897599999999,17,5,2,3.0,8,6,4,9,2.0,7,19,34,2.0,Chiesa,Federico,Chiesa,Midfielder,63.028391167192424,0.4297570977917981,0.17318321261829653,0.6818468468468468,0.27477016216216216,0.956617009009009,7.657657657657657,1.3513513513513513
386,2654,2,5,1862,62.0,3.8810000000000002,1.72900912,52,12,11,35.0,54,26,21,112,9.0,35,114,136,11.0,Mac Allister,Alexis,Mac Allister,Midfielder,63.142426525998495,0.13160889223813113,0.05863256247174077,0.20843179377013965,0.09285763265306123,0.30128942642320083,2.7926960257787328,1.8796992481203008
387,3232,6,7,2992,66.0,4.6842,6.9994659,71,23,24,78.0,55,28,30,187,8.0,58,128,154,11.0,Szoboszlai,Dominik,Szoboszlai,Midfielder,83.31683168316832,0.13043873762376237,0.19491086974009897,0.156557486631016,0.23393936831550802,0.3904968549465241,2.372994652406417,2.606951871657754
388,1923,1,3,2007,46.0,2.7976,2.71416287,23,7,22,21.0,39,23,18,144,6.0,29,100,101,9.0,C.Jones,Curtis,Jones,Midfielder,93.93135725429016,0.13093291731669265,0.1270279034321373,0.13939212755356253,0.1352348216243149,0.27462694917787744,1.14598903836572,1.046337817638266
389,110,0,0,103,9.0,0.29000000000000004,0.09255641,5,0,0,1.0,0,0,0,4,1.0,1,2,2,0.0,Elliott,Harvey,Elliott,Midfielder,84.27272727272728,0.2372727272727273,0.07572797181818183,0.28155339805825247,0.08986059223300973,0.3714139902912622,4.854368932038835,0.9708737864077669
390,2991,5,5,2365,31.0,1.9,2.2621659899999997,38,13,29,29.0,58,35,48,128,12.0,54,156,124,9.0,Gravenberch,Ryan,Gravenberch,Midfielder,71.16349047141424,0.05717151454363089,0.06806918726178535,0.080338266384778,0.09565183890063424,0.17599010528541226,1.6067653276955602,1.226215644820296
391,105,0,1,82,7.0,0.3059,0.11875654000000001,3,1,2,1.0,6,2,1,6,0.0,0,10,15,0.0,Gannon-Doak,Ben,Gannon-Doak,Midfielder,70.28571428571429,0.2622,0.10179132000000002,0.3730487804878049,0.14482504878048783,0.5178738292682927,3.6585365853658534,1.2195121951219512
392,170,0,1,140,2.0,0.04,0.055015800000000004,1,0,0,1.0,7,3,0,3,0.0,13,18,10,0.0,Endo,Endo,Wataru,Midfielder,74.11764705882352,0.021176470588235293,0.029126011764705882,0.028571428571428574,0.039297000000000006,0.06786842857142858,0.7142857142857143,0.7142857142857143
394,0,0,0,0,0.0,0.0,0.0,0,0,0,0.0,0,0,0,0,0.0,0,0,0,0.0,McConnell,James,McConnell,Midfielder,,,,,,,,
396,21,0,0,30,1.0,0.37,0.0193528,1,0,0,1.0,2,0,0,4,0.0,0,2,4,1.0,Nyoni,Trey,Nyoni,Midfielder,128.57142857142858,1.5857142857142856,0.08294057142857142,1.2333333333333334,0.06450933333333332,1.2978426666666665,3.3333333333333335,3.3333333333333335
400,270,0,0,82,0.0,0.0,0.015254960000000001,0,0,0,0.0,0,0,0,8,0.0,1,1,0,0.0,Ortega Moreno,Stefan,Ortega Moreno,Goalkeeper,27.333333333333332,0.0,0.005084986666666667,0.0,0.018603609756097563,0.018603609756097563,0.0,0.0
401,0,0,0,0,0.0,0.0,0.0,0,0,0,0.0,0,0,0,0,0.0,0,0,0,0.0,Bettinelli,Marcus,Bettinelli,Goalkeeper,,,,,,,,
402,971,0,2,875,27.0,0.59,1.90410851,9,2,22,12.0,33,21,13,49,1.0,18,79,62,7.0,Aït-Nouri,Rayan,Aït-Nouri,Defender,81.10195674562307,0.05468589083419156,0.17648791544799178,0.06742857142857143,0.21761240114285713,0.2850409725714286,1.0285714285714285,1.3714285714285714
403,1370,2,2,1243,32.0,2.42,0.7197325800000001,17,6,2,4.0,18,13,16,50,10.0,61,55,48,1.0,Gvardiol,Joško,Gvardiol,Defender,81.65693430656934,0.158978102189781,0.04728170233576643,0.19469026548672566,0.057902862429605795,0.25259312791633143,1.3676588897827837,0.32180209171359614
405,686,0,0,608,16.0,0.72,0.5298801,6,1,0,7.0,9,6,5,17,1.0,31,34,17,0.0,Aké,Nathan,Aké,Defender,79.76676384839651,0.0944606413994169,0.06951779737609329,0.11842105263157893,0.0871513322368421,0.20557238486842103,0.9868421052631579,1.151315789473684
406,1427,0,0,1304,8.0,0.6900000000000001,0.56335939,6,1,7,6.0,27,19,33,75,9.0,56,54,37,1.0,Khusanov,Abdukodir,Khusanov,Defender,82.24246671338473,0.043517869656622285,0.03553072536790469,0.05291411042944785,0.04320240720858896,0.0961165176380368,0.4601226993865031,0.4601226993865031
407,2861,1,8,2882,40.0,0.33999999999999997,2.15766212,7,2,28,28.0,56,40,30,169,8.0,100,154,108,8.0,Matheus N.,Matheus,Nunes,Defender,90.6606081789584,0.010695560992659909,0.06787472590003495,0.011797362942401109,0.07486683275503123,0.08666419569743233,0.24288688410825815,0.9715475364330326
408,2139,2,0,2007,8.0,0.59,0.63497818,9,4,3,7.0,13,6,23,72,17.0,118,82,55,0.0,Rúben,Rúben,dos Santos Gato Alves Dias,Defender,84.44600280504909,0.02482468443197756,0.026717174474053296,0.0293971101145989,0.03163817538614848,0.061035285500747376,0.4484304932735426,0.3487792725460887
409,436,0,0,351,2.0,0.0,0.15108085999999998,0,0,2,1.0,1,1,3,19,6.0,21,14,6,0.0,Stones,John,Stones,Defender,72.45412844036697,0.0,0.03118641605504587,0.0,0.043042980056980054,0.043042980056980054,0.0,0.2849002849002849
410,401,0,1,387,25.0,0.19,1.38545166,3,0,2,7.0,6,4,7,15,1.0,6,18,20,3.0,Lewis,Rico,Lewis,Defender,86.85785536159601,0.042643391521197005,0.31094925037406485,0.049095607235142114,0.3579978449612403,0.4070934521963824,0.7751937984496124,1.8087855297157622
411,2643,5,4,2065,101.0,6.0,2.71964847,36,15,24,23.0,68,36,20,108,12.0,71,161,183,11.0,O'Reilly,Nico,O'Reilly,Defender,70.3178206583428,0.2043132803632236,0.0926100500567537,0.29055690072639223,0.13170210508474575,0.42225900581113796,1.7433414043583535,1.1138014527845037
413,691,3,3,322,54.0,2.72,0.80893434,21,9,11,12.0,13,8,2,20,2.0,2,47,44,7.0,Marmoush,Omar,Marmoush,Midfielder,41.93921852387844,0.3542691751085384,0.10536047843704775,0.84472049689441,0.2512218447204969,1.095942341614907,6.521739130434782,3.7267080745341614
414,2078,7,5,1658,94.0,6.03,4.85065922,54,19,24,54.0,34,16,10,102,3.0,12,95,100,9.0,Foden,Phil,Foden,Midfielder,71.80943214629451,0.2611645813282002,0.21008629923002886,0.36369119420989143,0.2925608697225573,0.6562520639324487,3.2569360675512664,3.2569360675512664
415,817,1,2,598,79.0,2.33,1.62037809,20,11,17,9.0,9,5,5,39,0.0,6,41,60,3.0,Savinho,Sávio,Moreira de Oliveira,Midfielder,65.87515299877602,0.25667074663402695,0.1784994223990208,0.3896321070234114,0.2709662357859532,0.6605983428093646,3.3444816053511706,1.5050167224080269
416,2869,2,4,2658,94.0,2.55,4.02877912,28,7,21,47.0,53,26,22,146,6.0,34,100,144,9.0,Bernardo,Bernardo,Mota Veiga de Carvalho e Silva,Midfielder,83.38096897873824,0.07999302892994074,0.1263820567445103,0.09593679458239276,0.15157182543265615,0.24750862001504892,1.0534236267870578,1.7682468021068474
417,1772,4,13,1759,147.0,4.15,8.603993710000001,52,13,48,60.0,25,16,7,91,1.0,7,108,128,11.0,Cherki,Rayan,Cherki,Midfielder,89.33972911963883,0.21077878103837472,0.43699742319413093,0.2359295054007959,0.489141200113701,0.7250707055144969,2.956225127913587,3.411028993746447
418,1773,5,8,1319,194.0,2.73,6.2497385,37,15,80,59.0,23,15,12,87,0.0,2,167,151,11.0,Doku,Jérémy,Doku,Midfielder,66.95431472081218,0.1385786802030457,0.31724560913705585,0.20697498104624715,0.4738239954510994,0.6807989764973464,2.805155420773313,4.473085670962851
419,1627,2,6,932,105.0,2.15,3.55841635,26,8,23,38.0,21,15,12,87,6.0,11,106,104,0.0,Grealish,Jack,Grealish,Midfielder,51.55500921942225,0.11893054701905346,0.19683925722188075,0.23068669527896996,0.38180432939914166,0.6124910246781117,2.7896995708154506,4.07725321888412
421,1510,1,1,1869,26.0,1.13,2.32114552,14,3,7,25.0,39,24,14,107,3.0,41,113,56,6.0,Rodrigo,Rodrigo 'Rodri',Hernandez Cascante,Midfielder,111.39735099337749,0.06735099337748345,0.13834642172185432,0.0604601391118245,0.12419184162653825,0.18465198073836275,0.7490636704119851,1.337613697164259
422,125,0,1,178,0.0,0.16,0.43100257000000003,2,0,2,4.0,2,1,2,10,0.0,4,6,6,4.0,Kovačić,Mateo,Kovačić,Midfielder,128.16,0.11520000000000001,0.31032185040000004,0.0898876404494382,0.2421362752808989,0.33202391573033707,1.1235955056179776,2.247191011235955
423,1561,1,0,1565,17.0,0.69,1.11462329,14,2,12,11.0,42,30,24,90,6.0,45,104,84,2.0,N.Gonzalez,Nico,González Iglesias,Midfielder,90.23062139654067,0.03978219090326714,0.06426399493914157,0.044089456869009586,0.07122193546325878,0.11531139233226836,0.8945686900958467,0.7028753993610224
424,1030,0,2,629,69.0,1.48,2.10741927,11,3,26,22.0,20,12,9,42,0.0,3,69,63,15.0,Bobb,Oscar,Bobb,Midfielder,54.96116504854369,0.12932038834951456,0.1841434313592233,0.2352941176470588,0.33504280922098567,0.5703369268680445,1.7488076311605723,3.4976152623211445
426,288,0,1,192,15.0,0.18,0.39573773,4,0,3,6.0,7,4,3,18,1.0,3,16,26,5.0,McAtee,James,McAtee,Midfielder,60.0,0.05625,0.123668040625,0.09375,0.20611340104166667,0.29986340104166664,2.083333333333333,3.125
427,1623,5,3,1096,72.0,4.65,2.21191981,49,16,19,17.0,10,4,10,58,1.0,20,47,70,0.0,Reijnders,Tijjani,Reijnders,Midfielder,60.776340110905736,0.25785582255083184,0.12265729075785582,0.4242700729927008,0.20181750091240874,0.6260875739051095,4.47080291970803,1.551094890510949
430,2953,27,8,778,213.0,25.78,2.881921,118,59,15,25.0,15,9,5,41,1.0,41,129,110,7.0,Haaland,Erling,Haaland,Forward,23.711479850998984,0.7857094480189637,0.08783369116153066,3.3136246786632393,0.3704268637532134,3.684051542416453,15.167095115681233,3.2133676092544987
431,540,0,0,225,0.0,0.0,0.041609639999999996,0,0,1,1.0,0,0,0,39,0.0,7,5,1,0.0,Bayindir,Altay,Bayındır,Goalkeeper,37.5,0.0,0.00693494,0.0,0.01849317333333333,0.01849317333333333,0.0,0.4444444444444444
436,1170,1,0,791,18.0,1.45,0.76599626,11,3,1,3.0,19,13,15,40,7.0,68,74,44,0.0,De Ligt,Matthijs,de Ligt,Defender,60.84615384615385,0.11153846153846153,0.05892278923076923,0.18331226295828065,0.09683897092288243,0.28015123388116303,1.390644753476612,0.37926675094816686
437,1229,0,0,1109,5.0,0.16,0.62233245,5,0,14,5.0,18,11,12,67,12.0,62,45,26,1.0,Martinez,Lisandro,Martínez,Defender,81.21236777868185,0.011716842961757528,0.04557357241659886,0.01442741208295762,0.056116541929666364,0.07054395401262399,0.4508566275924256,0.4508566275924256
438,977,0,0,797,14.0,0.19,0.34367604,5,0,8,6.0,28,16,14,46,2.0,54,68,40,3.0,Mazraoui,Noussair,Mazraoui,Defender,73.4186284544524,0.01750255885363357,0.031659000614124876,0.02383939774153074,0.0431212095357591,0.06696060727728984,0.6273525721455459,0.7528230865746549
440,2609,1,6,1783,47.0,1.9000000000000001,2.52008647,24,6,17,29.0,53,31,27,135,9.0,91,130,90,6.0,Dalot,Diogo,Dalot Teixeira,Defender,61.506324262169414,0.06554235339210426,0.0869328410502108,0.1065619742007852,0.14133967863151992,0.2479016528323051,1.346045989904655,1.6264722378014584
441,1440,4,4,978,70.0,2.36,1.7740600100000001,26,12,11,27.0,47,30,15,77,3.0,32,146,125,1.0,Dorgu,Patrick,Dorgu,Defender,61.125,0.1475,0.11087875062500001,0.2413087934560327,0.18139672903885481,0.4227055224948875,2.658486707566462,2.7607361963190185
442,1649,1,2,1067,27.0,1.12,0.51855406,14,4,1,4.0,22,17,13,62,11.0,105,96,42,0.0,Maguire,Harry,Maguire,Defender,58.235294117647065,0.06112795633717405,0.028301919587628867,0.10496719775070291,0.04859925585754452,0.15356645360824744,1.3120899718837862,0.37488284910965325
443,3220,1,1,2323,30.0,0.72,1.86439601,10,3,8,16.0,75,46,45,107,9.0,95,164,132,3.0,Shaw,Luke,Shaw,Defender,64.92857142857143,0.020124223602484472,0.05211044748447205,0.030994403788204904,0.08025811493758073,0.11125251872578562,0.4304778303917348,0.6887645286267757
444,1730,0,1,1239,22.0,1.34,0.62695155,9,3,2,4.0,30,19,31,73,11.0,85,81,65,0.0,Yoro,Leny,Yoro,Defender,64.45664739884393,0.06971098265895954,0.03261597658959538,0.10815173527037934,0.050601416464891046,0.1587531517352704,0.7263922518159807,0.3228410008071025
446,2,0,0,3,0.0,0.0,0.0,0,0,0,0.0,0,0,0,0,0.0,2,0,0,0.0,Fredricson,Tyler,Fredricson,Defender,135.0,0.0,0.0,0.0,0.0,0.0,0.0,0.0
447,920,0,1,627,8.0,0.34,0.17164176,3,0,5,2.0,21,12,1,39,11.0,59,53,24,0.0,Heaven,Ayden,Heaven,Defender,61.33695652173913,0.03326086956521739,0.016791041739130434,0.05422647527910686,0.027375081339712917,0.08160155661881979,0.4784688995215311,0.3189792663476874
448,15,0,0,23,0.0,0.0,0.00223655,0,0,0,0.0,3,1,0,3,0.0,1,3,2,1.0,Malacia,Tyrell,Malacia,Defender,138.0,0.0,0.0134193,0.0,0.009724130434782608,0.009724130434782608,0.0,0.0
449,3065,9,24,2651,91.0,10.83,11.9001269,85,24,15,136.0,54,34,20,167,5.0,42,124,146,13.0,B.Fernandes,Bruno,Borges Fernandes,Midfielder,77.84339314845025,0.3180097879282219,0.3494327637846656,0.40852508487363265,0.44889199924556766,0.8574170841192004,3.206337231233497,5.130139569973595
450,2493,10,4,1511,137.0,6.97,3.12517869,90,35,43,34.0,38,22,21,126,3.0,22,162,188,12.0,Cunha,Matheus,Santos Carneiro da Cunha,Midfielder,54.548736462093856,0.2516245487364621,0.11282233537906136,0.46128391793514234,0.20682850363997352,0.6681124215751157,5.956320317670417,2.2501654533421576
452,2339,2,5,1412,137.0,5.48,4.90971822,53,23,37,41.0,38,24,17,112,3.0,28,125,120,9.0,Amad,Amad,Diallo,Midfielder,54.33091064557503,0.21085934159897393,0.1889160495083369,0.3881019830028329,0.3477137549575071,0.7358157379603399,3.7535410764872523,2.903682719546742
453,1261,1,4,741,108.0,3.41,3.71082066,33,7,13,29.0,16,12,4,45,0.0,6,55,67,7.0,Garnacho,Alejandro,Garnacho Ferreyra,Midfielder,52.886597938144334,0.24337827121332278,0.2648484214115781,0.46018893387314447,0.5007855141700405,0.9609744480431849,4.4534412955465585,3.913630229419703
455,1010,3,0,604,37.0,1.52,1.64098589,19,5,7,13.0,24,13,9,59,1.0,9,50,64,4.0,Mount,Mason,Mount,Midfielder,53.821782178217816,0.13544554455445545,0.14622646544554457,0.25165562913907286,0.27168640562913904,0.523342034768212,3.145695364238411,2.152317880794702
456,863,0,2,527,56.0,0.56,1.93181743,10,3,14,21.0,6,2,2,26,0.0,9,25,37,3.0,Sancho,Jadon,Sancho,Midfielder,54.95944380069525,0.05840092699884126,0.201464158400927,0.1062618595825427,0.3665687722960152,0.47283063187855795,1.8975332068311195,3.984819734345351
457,2575,9,4,2123,67.0,5.5600000000000005,3.07559444,52,18,6,36.0,90,45,31,138,27.0,73,188,167,6.0,Casemiro,Carlos Henrique,Casimiro,Midfielder,74.20194174757282,0.19433009708737867,0.10749650469902913,0.26189354686764016,0.14487020442769666,0.4067637512953368,2.4493641073951955,1.6957136128120585
458,1653,1,2,1351,28.0,0.48,1.27865194,13,3,19,22.0,35,19,20,95,10.0,25,91,93,19.0,Mainoo,Kobbie,Mainoo,Midfielder,73.55716878402903,0.02613430127041742,0.06961807295825771,0.03552923760177646,0.09464485122131755,0.130174088823094,0.9622501850481125,1.6284233900814211
459,876,0,0,699,9.0,0.72,0.19675893,13,1,7,3.0,46,29,20,51,5.0,20,78,67,1.0,Ugarte,Manuel,Ugarte Ribeiro,Midfielder,71.81506849315068,0.07397260273972603,0.020214958561643837,0.10300429184549355,0.028148630901287552,0.13115292274678111,1.859799713876967,0.4291845493562232
462,107,0,0,63,2.0,0.03,0.029554069999999998,1,0,0,2.0,5,1,1,4,1.0,0,7,11,0.0,J.Fletcher,Jack,Fletcher,Midfielder,52.99065420560747,0.025233644859813085,0.024858563551401865,0.047619047619047616,0.046911222222222215,0.09453026984126985,1.5873015873015872,3.1746031746031744
464,0,0,0,0,0.0,0.0,0.0,0,0,0,0.0,0,0,0,0,0.0,0,0,0,0.0,Moorhouse,Jack,Moorhouse,Midfielder,,,,,,,,
466,607,2,1,393,47.0,2.94,0.46408895,25,9,5,11.0,9,6,1,19,2.0,11,40,60,3.0,Zirkzee,Joshua,Zirkzee,Forward,58.270181219110384,0.4359143327841845,0.06881055271828665,0.7480916030534351,0.11808879134860052,0.8661803944020355,6.361323155216285,2.7989821882951653
469,2416,0,1,988,0.0,0.16,0.02110058,0,1,0,0.0,1,1,0,255,0.0,35,17,1,0.0,Pope,Nick,Pope,Goalkeeper,36.8046357615894,0.005960264900662251,0.0007860315397350995,0.016194331983805668,0.002135686234817814,0.018330018218623484,0.0,0.0
470,3150,0,0,1580,0.0,0.0,0.06341433,0,0,0,0.0,1,1,0,291,0.0,59,29,5,0.0,Dúbravka,Martin,Dúbravka,Goalkeeper,45.14285714285714,0.0,0.001811838,0.0,0.004013565189873418,0.004013565189873418,0.0,0.0
473,2176,1,2,2017,50.0,1.05,2.79556879,23,6,34,25.0,55,31,29,134,14.0,77,157,126,15.0,Hall,Lewis,Hall,Defender,83.42371323529412,0.04342830882352941,0.11562554738051471,0.052057511155180966,0.13860033663857213,0.19065784779375308,1.1403073872087257,1.2394645513138325
474,1089,0,0,965,19.0,0.99,0.6186555300000001,17,4,0,4.0,14,9,17,42,12.0,69,64,47,0.0,Schär,Fabian,Schär,Defender,79.75206611570248,0.08181818181818182,0.05112855619834711,0.10259067357512955,0.06410938134715026,0.1667000549222798,1.7616580310880827,0.41450777202072536
475,1834,1,1,1521,42.0,1.73,0.89313757,15,4,4,8.0,22,14,27,88,26.0,141,130,68,2.0,Botman,Sven,Botman,Defender,74.6401308615049,0.08489640130861505,0.04382899743729553,0.11374095989480605,0.05872041880341881,0.17246137869822487,0.9861932938856016,0.5259697567389875
476,2195,1,3,1501,45.0,1.06,0.40066443,10,3,2,7.0,41,26,20,76,12.0,152,149,126,1.0,Burn,Dan,Burn,Defender,61.54441913439636,0.0434624145785877,0.01642815430523918,0.07061958694203864,0.02669316655562958,0.09731275349766823,0.6662225183211192,0.4663557628247834
477,1326,0,1,1002,18.0,0.13999999999999999,1.0219160299999999,3,0,14,10.0,22,15,5,80,2.0,39,60,51,2.0,Livramento,Tino,Livramento,Defender,68.00904977375565,0.009502262443438913,0.06936081651583709,0.013972055888223553,0.10198762774451098,0.1159596836327345,0.29940119760479045,0.998003992015968
478,1586,0,1,1482,6.0,0.08,2.21105258,2,0,4,28.0,26,14,10,73,1.0,48,72,86,1.0,Trippier,Kieran,Trippier,Defender,84.09836065573771,0.004539722572509458,0.1254695663303909,0.005398110661268556,0.14919383130904185,0.1545919419703104,0.1349527665317139,1.8893387314439947
479,45,0,0,33,0.0,0.0,0.00428481,0,0,0,0.0,0,0,0,0,0.0,1,0,3,0.0,Krafth,Emil,Krafth,Defender,66.0,0.0,0.00856962,0.0,0.012984272727272728,0.012984272727272728,0.0,0.0
480,19,0,0,14,2.0,0.04,3.886e-05,1,0,0,0.0,0,0,0,0,1.0,4,1,0,0.0,Lascelles,Jamaal,Lascelles,Defender,66.3157894736842,0.18947368421052632,0.0001840736842105263,0.2857142857142857,0.00027757142857142857,0.28599185714285713,7.142857142857142,0.0
481,7,0,0,13,1.0,0.0,0.00314348,0,0,0,0.0,0,0,1,0,1.0,2,0,0,0.0,A.Murphy,Alex,Murphy,Defender,167.14285714285714,0.0,0.04041617142857143,0.0,0.024180615384615387,0.024180615384615387,0.0,0.0
485,1798,6,4,933,83.0,8.81,3.3661557699999998,46,20,31,26.0,18,13,3,57,0.0,13,98,109,10.0,Gordon,Anthony,Gordon,Midfielder,46.70189098998888,0.4409899888765295,0.16849500517241378,0.9442658092175777,0.3607883997856377,1.3050542090032156,4.930332261521972,2.786709539121115
486,1302,0,1,730,59.0,1.65,1.65100657,16,4,12,15.0,14,11,3,32,0.0,6,64,89,3.0,Elanga,Anthony,Elanga,Midfielder,50.46082949308756,0.1140552995391705,0.11412487811059907,0.226027397260274,0.22616528356164384,0.4521926808219178,2.191780821917808,2.054794520547945
487,1951,7,1,944,141.0,6.75,2.71826218,57,21,13,23.0,12,5,3,67,1.0,16,55,97,5.0,Barnes,Harvey,Barnes,Midfielder,43.54689902614044,0.31137878011276265,0.1253939498718606,0.715042372881356,0.28795150211864406,1.002993875,6.038135593220339,2.4364406779661016
488,2456,9,7,2019,45.0,5.6521,4.5495483,42,23,19,44.0,62,41,16,133,1.0,34,169,165,13.0,Bruno G.,Bruno,Guimarães Rodriguez Moura,Midfielder,73.98615635179154,0.20712092833876222,0.16671797516286643,0.2799455175829618,0.22533671619613665,0.5052822337790984,2.080237741456166,2.1792966815255075
489,1606,3,2,906,57.0,3.06,2.68960942,42,13,21,23.0,16,12,6,46,4.0,17,57,81,9.0,J.Murphy,Jacob,Murphy,Midfielder,50.77210460772105,0.17148194271481942,0.1507253099626401,0.33774834437086093,0.29686638189845477,0.6346147262693157,4.635761589403973,2.5386313465783665
490,1950,2,1,1197,55.0,2.38,1.35102657,30,11,16,17.0,43,23,30,120,3.0,40,148,143,13.0,Joelinton,Joelinton Cássio,Apolinário de Lira,Midfielder,55.246153846153845,0.10984615384615384,0.06235507246153845,0.19883040935672514,0.11286771679197993,0.3116981261487051,2.506265664160401,1.4202172096908938
491,2534,0,2,2028,25.0,1.74,2.93174857,37,8,19,32.0,35,26,31,147,7.0,37,107,84,4.0,Tonali,Sandro,Tonali,Midfielder,72.0284135753749,0.06179952644041042,0.10412682371744278,0.08579881656804735,0.14456353895463508,0.23036235552268244,1.824457593688363,1.5779092702169626
493,1003,2,2,665,20.0,1.23,1.8999879000000002,16,4,2,25.0,38,24,12,43,6.0,11,67,63,2.0,Longstaff,Sean,Longstaff,Midfielder,59.67098703888335,0.11036889332003988,0.17048744865403792,0.1849624060150376,0.28571246616541357,0.4706748721804511,2.4060150375939853,3.7593984962406015
494,972,0,2,553,43.0,1.26,1.12435141,15,6,6,14.0,22,15,9,52,2.0,6,49,69,7.0,Willock,Joe,Willock,Midfielder,51.20370370370371,0.11666666666666667,0.10410661203703704,0.2278481012658228,0.20331851898734177,0.43116662025316455,2.7124773960216997,2.5316455696202533
497,1493,1,4,1117,26.0,1.48,2.1322223,12,4,11,15.0,29,18,20,69,3.0,34,88,43,2.0,L.Miley,Lewis,Miley,Midfielder,67.33422638981915,0.08921634293369056,0.12853315941058271,0.13249776186213072,0.19088829901521934,0.32338606087735006,1.0743061772605194,1.342882721575649
499,694,3,1,178,30.0,2.59,0.10417487,17,6,1,2.0,7,6,0,13,1.0,9,17,41,3.0,Isak,Alexander,Isak,Forward,23.0835734870317,0.33587896253602306,0.013509709365994237,1.4550561797752808,0.05852520786516854,1.5135813876404494,9.550561797752808,1.1235955056179776
500,805,7,1,223,39.0,4.28,0.58636416,23,12,8,6.0,6,5,1,23,1.0,0,38,73,10.0,Osula,William,Osula,Forward,24.93167701863354,0.4785093167701864,0.06555624149068323,1.9192825112107625,0.2629435695067265,2.1822260807174887,10.31390134529148,2.690582959641256
501,13,0,0,5,1.0,0.03,0.00024667,1,0,0,0.0,0,0,0,0,0.0,0,0,2,1.0,Neave,Sean,Neave,Forward,34.61538461538462,0.20769230769230768,0.0017077153846153847,0.6,0.0049334,0.6049334,20.0,0.0
502,2667,0,0,1036,0.0,0.0,0.09413052,0,0,0,1.0,1,1,0,197,0.0,26,10,3,0.0,Sels,Matz,Sels,Goalkeeper,34.960629921259844,0.0,0.0031765079865016875,0.0,0.00908595752895753,0.00908595752895753,0.0,0.09652509652509653
505,3375,0,1,1975,35.0,0.83,0.7075695000000001,16,1,3,3.0,32,18,29,108,36.0,217,141,72,1.0,Milenković,Nikola,Milenković,Defender,52.666666666666664,0.02213333333333333,0.01886852,0.0420253164556962,0.03582630379746836,0.07785162025316456,0.8101265822784811,0.1518987341772152
506,2130,1,0,1483,10.0,0.73,0.46422994,10,4,9,8.0,35,22,34,102,24.0,131,74,63,2.0,Murillo,Murillo,Costa dos Santos,Defender,62.66197183098592,0.03084507042253521,0.01961534957746479,0.049224544841537425,0.03130343492919757,0.080527979770735,0.6743088334457181,0.5394470667565745
507,1587,0,2,1093,10.0,0.41000000000000003,0.8219530700000001,12,1,14,9.0,31,21,25,81,3.0,71,84,72,6.0,Aina,Ola,Aina,Defender,61.98487712665406,0.023251417769376184,0.04661359565217392,0.03751143641354072,0.07520156175663313,0.11271299817017386,1.0978956999085088,0.8234217749313815
508,3203,2,3,2384,68.0,1.96,3.70696048,42,19,29,36.0,95,62,47,164,17.0,88,214,169,6.0,N.Williams,Neco,Williams,Defender,66.98719950046831,0.05507336871682797,0.10416061292538244,0.08221476510067113,0.15549330872483222,0.23770807382550335,1.761744966442953,1.5100671140939599
510,514,0,0,304,4.0,0.29000000000000004,0.06511124,3,1,2,1.0,9,5,5,13,2.0,31,22,12,1.0,Jair Cunha,Jair,Paula da Cunha Filho,Defender,53.2295719844358,0.05077821011673153,0.011400800778210115,0.09539473684210528,0.02141817105263158,0.11681290789473686,0.9868421052631579,0.3289473684210526
511,1340,1,0,971,12.0,1.3199999999999998,0.16486577,5,2,5,2.0,30,18,11,53,15.0,87,64,38,0.0,Morato,Felipe,Rodrigues da Silva,Defender,65.21641791044776,0.08865671641791045,0.011073074104477611,0.13594232749742532,0.016978967044284244,0.15292129454170955,0.5149330587023687,0.20597322348094746
513,165,0,0,107,0.0,0.0,0.011519390000000001,0,0,1,0.0,4,4,2,10,1.0,7,12,8,1.0,Abbott,Zach,Abbott,Defender,58.36363636363636,0.0,0.006283303636363637,0.0,0.010765785046728971,0.010765785046728971,0.0,0.0
514,0,0,0,0,0.0,0.0,0.0,0,0,0,0.0,0,0,0,0,0.0,0,0,0,0.0,Boly,Willy,Boly,Defender,,,,,,,,
515,3101,15,4,1741,126.0,10.83,2.92047783,80,32,29,49.0,21,16,12,110,3.0,32,126,189,14.0,Gibbs-White,Morgan,Gibbs-White,Midfielder,50.52886165752983,0.3143179619477588,0.08476072386326991,0.6220562894887995,0.16774714704192992,0.7898034365307295,4.595060310166571,2.8144744399770247
516,1838,3,4,1005,66.0,2.78,2.99465838,28,10,30,44.0,14,7,8,68,2.0,14,59,76,3.0,Hudson-Odoi,Callum,Hudson-Odoi,Midfielder,49.21109902067465,0.13612622415669204,0.14663724385201307,0.2766169154228856,0.2979759582089553,0.5745928736318409,2.7860696517412937,4.378109452736319
517,3332,4,5,3295,62.0,2.91,4.66342376,42,10,49,54.0,101,61,41,306,16.0,49,294,239,20.0,Anderson,Elliot,Anderson,Midfielder,89.00060024009603,0.0786014405762305,0.12596282665066025,0.08831562974203339,0.1415303113808801,0.2298459411229135,1.274658573596358,1.6388467374810318
518,11,0,0,8,2.0,0.0,0.00125608,0,0,0,0.0,2,1,0,0,0.0,1,3,1,0.0,Jota,João Pedro,Ferreira da Silva,Midfielder,65.45454545454545,0.0,0.010277018181818181,0.0,0.015701,0.015701,0.0,0.0
519,1168,1,1,731,17.0,1.47,0.7881834,18,5,6,11.0,56,30,7,58,5.0,17,86,68,1.0,Dominguez,Nicolás,Domínguez,Midfielder,56.32705479452055,0.11327054794520547,0.06073330993150685,0.20109439124487002,0.10782262653898768,0.3089170177838577,2.462380300957592,1.5047879616963065
521,2073,2,2,1292,18.0,1.15,1.84546462,16,5,12,12.0,61,32,25,114,19.0,50,114,120,5.0,Sangaré,Ibrahim,Sangaré,Midfielder,56.092619392185235,0.04992764109985528,0.08012147409551375,0.08900928792569658,0.14283781888544891,0.2318471068111455,1.238390092879257,0.9287925696594427
522,602,0,2,377,10.0,0.49,0.40579279999999995,9,2,1,5.0,16,10,9,18,3.0,23,50,35,2.0,Yates,Ryan,Yates,Midfielder,56.36212624584718,0.07325581395348837,0.060666697674418596,0.129973474801061,0.10763734748010609,0.23761082228116712,2.3872679045092835,1.3262599469496021
523,0,0,0,0,0.0,0.0,0.0,0,0,0,0.0,0,0,0,0,0.0,0,0,0,0.0,Da Silva Moreira,Eric,da Silva Moreira,Midfielder,,,,,,,,
525,896,3,0,242,37.0,4.26,0.31730943,22,9,1,5.0,1,1,1,14,4.0,9,33,52,0.0,Wood,Chris,Wood,Forward,24.30803571428571,0.4279017857142857,0.03187259899553572,1.7603305785123966,0.13111959917355373,1.8914501776859505,9.090909090909092,2.066115702479339
526,2293,6,6,885,123.0,6.56,1.26189813,68,21,10,15.0,24,16,3,61,5.0,30,150,234,17.0,Igor Jesus,Igor Jesus,Maciel da Cruz,Forward,34.736153510684694,0.25747928477976445,0.049529364020933275,0.7412429378531072,0.1425873593220339,0.8838302971751412,7.68361581920904,1.694915254237288
527,480,4,2,161,25.0,3.58,0.83753379,15,8,2,6.0,2,1,1,18,1.0,4,20,58,3.0,Awoniyi,Taiwo,Awoniyi,Forward,30.187499999999996,0.67125,0.157037585625,2.2236024844720497,0.5202073229813664,2.7438098074534163,9.316770186335404,3.7267080745341614
528,0,0,0,0,0.0,0.0,0.0,0,0,0,0.0,0,0,0,0,0.0,0,0,0,0.0,Patterson,Anthony,Patterson,Goalkeeper,,,,,,,,
529,0,0,0,0,0.0,0.0,0.0,0,0,0,0.0,0,0,0,0,0.0,0,0,0,0.0,Moore,Simon,Moore,Goalkeeper,,,,,,,,
531,2144,2,2,1492,72.0,2.4,0.56691883,26,9,3,15.0,33,18,20,69,24.0,185,169,113,4.0,Ballard,Daniel,Ballard,Defender,62.63059701492538,0.10074626865671642,0.023797898647388058,0.16085790884718498,0.037997240616621984,0.19885514946380695,1.742627345844504,1.0053619302949062
532,3032,2,1,1724,47.0,2.25,2.0150737800000003,34,7,5,29.0,68,46,25,102,12.0,99,176,149,2.0,Hume,Trai,Hume,Defender,51.17414248021108,0.06678759894459102,0.0598141953166227,0.1305104408352668,0.11688362993039444,0.24739407076566125,1.9721577726218096,1.6821345707656612
535,319,0,0,177,4.0,0.08,0.02756859,1,0,4,0.0,8,5,5,8,1.0,14,19,18,2.0,Cirkin,Dennis,Cirkin,Defender,49.93730407523511,0.022570532915360503,0.007777972100313479,0.04519774011299435,0.015575474576271186,0.06077321468926554,0.5649717514124294,0.0
539,565,0,1,363,9.0,0.15000000000000002,0.14590717,4,1,0,2.0,7,6,6,10,1.0,30,24,20,1.0,O'Nien,Luke,O'Nien,Defender,57.82300884955752,0.023893805309734516,0.023241850088495573,0.04132231404958678,0.04019481267217631,0.08151712672176309,1.1019283746556474,0.5509641873278237
541,1966,0,2,1263,15.0,0.13999999999999999,0.67316203,4,0,14,6.0,38,22,30,90,14.0,80,118,95,1.0,Reinildo,Reinildo,Mandava,Defender,57.81790437436419,0.006408952187182094,0.030816166174974565,0.011084718923198731,0.05329865637371337,0.06438337529691211,0.3167062549485352,0.4750593824228029
542,133,0,0,128,0.0,0.0,0.015896630000000002,0,0,0,0.0,4,0,0,6,1.0,7,10,4,0.0,Seelt,Jenson,Seelt,Defender,86.61654135338345,0.0,0.010757118045112783,0.0,0.012419242187500002,0.012419242187500002,0.0,0.0
543,649,1,1,309,16.0,0.35,0.61011741,6,2,7,7.0,11,8,2,20,0.0,11,30,66,0.0,Adingra,Simon,Adingra,Midfielder,42.85053929121726,0.0485362095531587,0.08460796132511555,0.11326860841423948,0.19744899999999999,0.31071760841423945,1.9417475728155338,2.26537216828479
544,1403,2,6,647,46.0,3.25,0.8011355,26,8,5,7.0,14,7,4,48,0.0,13,57,69,9.0,Diarra,Habib,Diarra,Midfielder,41.503920171062006,0.20848182466143977,0.05139144333570919,0.5023183925811437,0.12382310664605872,0.6261414992272025,4.01854714064915,1.0819165378670788
545,27,0,0,23,1.0,0.03,0.0176598,1,0,1,0.0,0,0,0,1,0.0,0,1,1,0.0,Roberts,Patrick,Roberts,Midfielder,76.66666666666667,0.1,0.058866,0.13043478260869565,0.07678173913043478,0.20721652173913047,4.3478260869565215,0.0
546,0,0,0,0,0.0,0.0,0.0,0,0,0,0.0,0,0,0,0,0.0,0,0,0,0.0,Aleksić,Milan,Aleksić,Midfielder,,,,,,,,
547,2930,5,6,1747,62.0,5.19,6.41073496,36,12,12,53.0,88,56,29,154,12.0,36,154,185,15.0,E.Le Fée,Enzo,Le Fée,Midfielder,53.66211604095564,0.15941979522184302,0.19691677351535838,0.2970807097882084,0.3669567807670292,0.6640374905552375,2.06067544361763,3.033772180881511
548,399,0,0,208,18.0,0.85,0.33038654,7,2,6,1.0,4,4,1,22,0.0,6,22,37,4.0,Mundle,Romaine,Mundle,Midfielder,46.9172932330827,0.1917293233082707,0.07452327969924813,0.4086538461538462,0.1588396826923077,0.5674935288461538,3.3653846153846154,0.4807692307692308
549,13,0,0,14,0.0,0.0,0.00086493,0,0,0,0.0,0,0,1,0,0.0,1,1,2,0.0,Neil,Dan,Neil,Midfielder,96.92307692307692,0.0,0.005987976923076923,0.0,0.006178071428571429,0.006178071428571429,0.0,0.0
551,758,1,1,323,20.0,0.8400000000000001,0.96719813,12,3,7,9.0,13,8,4,29,1.0,10,32,33,1.0,Rigg,Chris,Rigg,Midfielder,38.3509234828496,0.09973614775725595,0.11483882810026384,0.26006191950464397,0.2994421455108359,0.55950406501548,3.7151702786377707,2.786377708978328
552,2891,0,2,1550,36.0,1.45,1.50618806,18,5,27,19.0,46,25,34,114,11.0,44,121,108,11.0,Sadiki,Noah,Sadiki,Midfielder,48.25319958491871,0.045140089934278795,0.04688928585264614,0.0935483870967742,0.09717342322580645,0.19072181032258062,1.1612903225806452,1.2258064516129032
553,1553,4,2,637,48.0,2.14,0.96189691,25,10,15,12.0,11,6,3,61,1.0,17,28,61,5.0,Talbi,Chemsdine,Talbi,Midfielder,36.915647134578236,0.12401802962009015,0.055744186670959435,0.33594976452119313,0.15100422448979592,0.486953989010989,3.924646781789639,1.8838304552590266
557,0,0,0,0,0.0,0.0,0.0,0,0,0,0.0,0,0,0,0,0.0,0,0,0,0.0,H.Jones,Harrison,Jones,Midfielder,,,,,,,,
560,1148,6,1,303,67.0,4.7700000000000005,0.28679294,43,17,6,0.0,11,8,1,23,1.0,15,49,117,1.0,Isidor,Wilson,Isidor,Forward,23.754355400696863,0.37395470383275264,0.02248376707317073,1.5742574257425743,0.09465113531353135,1.6689085610561056,14.19141914191419,0.0
561,751,2,0,228,31.0,2.15,0.31135592,13,6,11,4.0,5,2,1,14,1.0,5,42,79,4.0,Mayenda,Eliezer,Mayenda Dossou,Forward,27.323568575233022,0.2576564580559254,0.03731295978695073,0.9429824561403508,0.1365596140350877,1.0795420701754386,5.701754385964912,1.7543859649122806
565,2790,0,0,1364,0.0,0.0,0.06408285,0,0,0,1.0,1,1,0,247,0.0,37,16,2,0.0,Vicario,Guglielmo,Vicario,Goalkeeper,44.0,0.0,0.002067188709677419,0.0,0.0046981561583577715,0.0046981561583577715,0.0,0.07331378299120235
566,0,0,0,0,0.0,0.0,0.0,0,0,0,0.0,0,0,0,0,0.0,0,0,0,0.0,Austin,Brandon,Austin,Goalkeeper,,,,,,,,
567,630,0,0,261,0.0,0.0,0.00952939,0,0,0,0.0,0,0,0,33,0.0,10,4,0,0.0,Kinsky,Antonín,Kinský,Goalkeeper,37.285714285714285,0.0,0.0013613414285714286,0.0,0.0036511072796934865,0.0036511072796934865,0.0,0.0
568,2793,1,3,2427,39.0,1.04,4.0951713,32,8,19,53.0,75,49,31,133,10.0,102,139,130,6.0,Pedro Porro,Pedro,Porro Sauceda,Defender,78.2062298603652,0.033512352309344795,0.13196040708915144,0.04285125669550886,0.16873388133498143,0.2115851380304903,1.3185002060156572,2.183765966213432
569,1869,4,1,1441,44.0,1.31,1.33960109,17,6,7,12.0,59,30,31,88,14.0,95,154,78,1.0,Romero,Cristian,Romero,Defender,69.3900481540931,0.06308186195826646,0.06450727560192616,0.09090909090909091,0.09296329562803608,0.18387238653712698,1.179736294240111,0.8327550312283136
570,1489,0,0,1304,21.0,0.5800000000000001,0.27503653,11,2,2,3.0,26,12,25,45,11.0,135,113,78,1.0,Danso,Kevin,Danso,Defender,78.81799865681666,0.03505708529214238,0.016624101880456682,0.04447852760736197,0.021091758435582822,0.06557028604294478,0.843558282208589,0.23006134969325154
571,136,1,0,105,3.0,0.49,0.07566269,2,2,0,1.0,5,4,1,5,1.0,8,8,5,0.0,Davies,Ben,Davies,Defender,69.48529411764706,0.32426470588235295,0.05007089779411765,0.4666666666666666,0.07205970476190478,0.5387263714285715,1.9047619047619049,0.9523809523809524
572,515,0,0,347,9.0,0.33,0.02105788,4,0,1,0.0,5,2,16,14,8.0,46,25,22,1.0,Dragusin,Radu,Drăgușin,Defender,60.640776699029125,0.05766990291262136,0.00368001786407767,0.09510086455331412,0.006068553314121038,0.10116941786743516,1.1527377521613833,0.0
573,2049,0,0,1484,38.0,0.98,1.7339460400000002,13,8,29,10.0,43,26,18,110,3.0,52,115,130,11.0,Spence,Djed,Spence,Defender,65.18301610541728,0.04304538799414348,0.07616161229868229,0.0660377358490566,0.11684272506738547,0.18288046091644206,0.8760107816711591,0.6738544474393532
574,1335,0,1,892,39.0,0.18,0.73628351,4,1,6,12.0,31,19,7,69,5.0,25,66,66,4.0,Udogie,Destiny,Udogie,Defender,60.13483146067416,0.012134831460674156,0.049637090561797756,0.020179372197309416,0.08254299439461883,0.10272236659192825,0.4484304932735426,1.345291479820628
575,3041,4,1,2145,33.0,2.52,0.37635224,16,6,10,5.0,39,19,22,122,22.0,131,117,98,2.0,Van de Ven,Micky,van de Ven,Defender,63.482407102926665,0.07458073002301875,0.01113834317658665,0.11748251748251748,0.017545558974358975,0.13502807645687645,0.745920745920746,0.2331002331002331
580,1710,2,1,702,59.0,2.45,1.2658742699999999,22,5,9,19.0,29,17,4,56,1.0,32,67,80,6.0,Johnson,Brennan,Johnson,Midfielder,36.94736842105263,0.12894736842105264,0.06662496157894736,0.34900284900284906,0.18032397008547005,0.529326819088319,3.133903133903134,2.7065527065527064
581,34,0,0,54,5.0,0.21,0.05531844,2,0,0,0.0,1,1,0,4,0.0,0,2,4,1.0,Maddison,James,Maddison,Midfielder,142.94117647058823,0.5558823529411764,0.14643116470588236,0.3888888888888889,0.10244155555555556,0.4913304444444444,3.7037037037037033,0.0
582,1535,2,6,930,57.0,1.93,2.40658026,26,9,51,23.0,29,19,3,95,0.0,6,106,156,0.0,Kudus,Mohammed,Kudus,Midfielder,54.52768729641694,0.11315960912052116,0.14110242566775247,0.2075268817204301,0.25877207096774196,0.466298952688172,2.795698924731183,2.4731182795698925
584,1334,4,2,787,68.0,2.46,2.6214369800000004,35,8,37,30.0,20,11,6,72,2.0,12,95,136,29.0,Tel,Mathys,Tel,Midfielder,53.095952023988005,0.16596701649175413,0.17685856686656673,0.31257941550190593,0.333092373570521,0.6456717890724271,4.447268106734435,3.8119440914866582
585,1880,1,1,1337,29.0,0.76,0.79521145,13,3,18,10.0,56,37,35,130,7.0,48,113,90,3.0,Bentancur,Rodrigo,Bentancur,Midfielder,64.00531914893618,0.036382978723404256,0.03806863324468085,0.056843679880329095,0.0594772961854899,0.116320976065819,0.9723261032161555,0.7479431563201197
586,955,1,3,492,30.0,1.3900000000000001,0.43217451,12,5,14,5.0,22,14,2,39,2.0,13,48,61,2.0,Bergvall,Lucas,Bergvall,Midfielder,46.36649214659686,0.13099476439790578,0.04072848785340315,0.28252032520325204,0.08784034756097561,0.3703606727642277,2.4390243902439024,1.0162601626016259
587,600,0,0,408,2.0,0.36,0.12032641,5,2,2,0.0,18,11,9,31,3.0,14,30,18,3.0,Bissouma,Yves,Bissouma,Midfielder,61.2,0.05399999999999999,0.0180489615,0.08823529411764705,0.029491767156862744,0.1177270612745098,1.2254901960784315,0.0
588,972,0,2,539,41.0,1.9200000000000002,1.2506889700000001,22,8,22,20.0,9,8,0,54,0.0,13,45,54,0.0,Odobert,Wilson,Odobert,Midfielder,49.907407407407405,0.17777777777777778,0.11580453425925927,0.35621521335807055,0.2320387699443414,0.588253983302412,4.081632653061225,3.710575139146568
591,1471,2,2,765,26.0,1.47,1.1764990899999999,11,5,7,8.0,11,8,17,58,4.0,42,28,56,11.0,Gray,Archie,Gray,Midfielder,46.804894629503735,0.08993881713120326,0.07198158946295037,0.19215686274509802,0.15379073071895422,0.34594759346405224,1.4379084967320261,1.045751633986928
593,1388,2,4,903,27.0,1.69,1.09799038,17,6,12,11.0,31,20,18,77,10.0,46,83,101,8.0,P.M.Sarr,Pape Matar,Sarr,Midfielder,58.55187319884727,0.10958213256484149,0.07119534164265129,0.18715393133997785,0.12159361904761903,0.30874755038759694,1.8826135105204873,1.2181616832779625
595,14,0,0,9,0.0,0.0,0.00532838,0,0,0,0.0,0,0,0,2,0.0,0,0,0,0.0,Olusesi,Callum,Olusesi,Midfielder,57.85714285714286,0.0,0.03425387142857143,0.0,0.059204222222222214,0.059204222222222214,0.0,0.0
596,997,3,0,341,55.0,2.43,0.37354224999999996,20,11,12,6.0,22,16,3,34,2.0,11,62,81,7.0,Solanke,Dominic,Solanke-Mitchell,Forward,30.78234704112337,0.21935807422266804,0.03371996238716148,0.7126099706744868,0.1095431818181818,0.8221531524926686,5.865102639296188,1.7595307917888565
597,1954,11,4,724,124.0,7.99,1.4027203,61,26,11,19.0,26,16,5,61,3.0,51,130,187,13.0,Richarlison,Richarlison,de Andrade,Forward,33.34698055271238,0.368014329580348,0.06460840685772773,1.1035911602209947,0.19374589779005524,1.2973370580110497,8.425414364640885,2.6243093922651934
599,7,0,0,9,1.0,0.0,0.00798791,0,0,0,0.0,0,0,0,1,0.0,0,0,4,0.0,Scarlett,Dane,Scarlett,Forward,115.71428571428572,0.0,0.10270170000000002,0.0,0.08875455555555557,0.08875455555555557,0.0,0.0
600,1800,0,1,762,0.0,0.0,0.02516465,0,0,0,1.0,0,0,1,141,0.0,29,6,3,0.0,Areola,Alphonse,Areola,Goalkeeper,38.1,0.0,0.0012582325,0.0,0.0033024475065616798,0.0033024475065616798,0.0,0.13123359580052493
603,2706,0,6,1818,28.0,0.5700000000000001,2.49349349,18,4,22,29.0,43,19,33,126,13.0,116,135,117,6.0,Diouf,El Hadji Malick,Diouf,Defender,60.465631929046566,0.018957871396895788,0.08293215598669623,0.03135313531353136,0.13715585753575357,0.16850899284928494,0.9900990099009901,1.5951595159515952
605,1559,0,0,915,13.0,0.56,0.30805839,7,1,4,4.0,16,8,9,44,24.0,110,67,64,0.0,Kilman,Maximilian,Kilman,Defender,52.82232200128287,0.03232841565105837,0.017783999422706864,0.061202185792349734,0.03366758360655738,0.09486976939890712,0.7650273224043715,0.4371584699453552
606,2532,3,0,1597,40.0,2.56,0.67660231,23,8,2,4.0,40,25,49,103,30.0,194,131,72,0.0,Mavropanos,Konstantinos,Mavropanos,Defender,56.76540284360189,0.09099526066350712,0.024049845142180094,0.16030056355666877,0.042367082654978086,0.20266764621164687,1.440200375704446,0.25046963055729493
607,180,0,0,145,2.0,0.1,0.02594453,2,0,1,0.0,1,0,1,8,2.0,11,7,3,0.0,N.Aguerd,Nayef,Aguerd,Defender,72.5,0.05,0.012972265,0.06896551724137931,0.017892779310344827,0.08685829655172414,1.3793103448275863,0.0
608,656,0,1,499,7.0,0.18000000000000002,0.21566514,3,0,2,5.0,28,19,13,35,1.0,31,44,28,0.0,Scarles,Ollie,Scarles,Defender,68.46036585365853,0.024695121951219513,0.029588205182926833,0.036072144288577156,0.04321946693386774,0.0792916112224449,0.6012024048096193,1.002004008016032
609,1817,0,1,1029,9.0,0.25,0.33129253000000003,2,0,3,5.0,37,24,17,90,13.0,99,66,47,0.0,Todibo,Jean-Clair,Todibo,Defender,50.96862960924601,0.012383048981838195,0.0164096465052284,0.024295432458697763,0.032195581146744416,0.05649101360544218,0.1943634596695821,0.4859086491739553
610,2080,0,3,1349,15.0,0.0,1.08439449,0,0,14,18.0,35,24,40,75,7.0,94,83,79,6.0,Wan-Bissaka,Aaron,Wan-Bissaka,Defender,58.37019230769231,0.0,0.04692091543269231,0.0,0.08038506226834692,0.08038506226834692,0.0,1.3343217197924389
612,1513,4,2,1139,25.0,2.81,2.1073743499999997,23,11,16,23.0,39,23,8,76,6.0,17,122,138,0.0,L.Paquetá,Lucas,Tolentino Coelho de Lima,Midfielder,67.75280898876404,0.16715135492399208,0.12535604196959682,0.24670763827919226,0.18501969710272168,0.4317273353819139,2.019315188762072,2.019315188762072
613,2190,5,2,1226,36.0,5.4934,0.46580133,26,14,4,11.0,43,23,16,67,7.0,83,136,123,3.0,Souček,Tomáš,Souček,Midfielder,50.38356164383561,0.22575616438356164,0.019142520410958905,0.4480750407830343,0.03799358319738989,0.4860686239804241,2.1207177814029365,0.897226753670473
614,1092,0,1,829,1.0,0.23,1.91995637,5,2,2,23.0,15,6,20,49,7.0,17,40,37,4.0,Ward-Prowse,James,Ward-Prowse,Midfielder,68.32417582417582,0.018956043956043955,0.15823816236263738,0.027744270205066347,0.23159907961399273,0.2593433498190591,0.6031363088057901,2.7744270205066344
615,2470,5,4,1220,116.0,5.17,3.33584379,54,15,49,28.0,44,26,16,120,4.0,30,167,166,17.0,Summerville,Crysencio,Summerville,Midfielder,44.45344129554656,0.18838056680161944,0.12154896400809717,0.4237704918032787,0.27342981885245904,0.6972003106557377,4.426229508196721,2.2950819672131146
618,175,0,0,100,0.0,0.03,0.04222016,1,0,0,0.0,1,0,2,10,0.0,2,7,7,0.0,G.Rodriguez,Guido,Rodríguez,Midfielder,51.42857142857142,0.015428571428571429,0.021713225142857142,0.03,0.04222016,0.07222016,1.0,0.0
619,121,0,0,50,2.0,0.07,0.035673830000000004,1,0,2,1.0,1,1,0,8,0.0,2,3,11,0.0,L.Guilherme,Luis Guilherme,Lira dos Santos,Midfielder,37.1900826446281,0.05206611570247934,0.026534253719008267,0.14,0.07134766000000001,0.21134766000000002,2.0,2.0
620,8,0,0,3,1.0,0.0,0.00664349,0,0,0,0.0,0,0,0,0,0.0,0,0,0,0.0,Earthy,George,Earthy,Midfielder,33.75,0.0,0.0747392625,0.0,0.22144966666666666,0.22144966666666666,0.0,0.0
621,156,0,0,129,1.0,0.0,0.17964233999999998,0,0,0,3.0,6,2,1,14,1.0,0,6,9,0.0,Irving,Andy,Irving,Midfielder,74.42307692307692,0.0,0.10363981153846152,0.0,0.13925762790697674,0.13925762790697674,0.0,2.3255813953488373
623,1162,0,1,726,8.0,0.25,1.0692198,3,1,2,8.0,29,17,17,39,3.0,31,65,46,1.0,Potts,Freddie,Potts,Midfielder,56.230636833046475,0.0193631669535284,0.08281392598967297,0.03443526170798898,0.14727545454545454,0.1817107162534435,0.4132231404958678,1.1019283746556474
624,3406,9,13,1616,166.0,7.33,4.82480987,79,28,52,45.0,49,29,27,159,7.0,39,182,238,25.0,Bowen,Jarrod,Bowen,Forward,42.70111567821491,0.19368761009982385,0.12749057201996478,0.45358910891089105,0.2985649672029703,0.7521540761138615,4.888613861386139,2.7846534653465347
625,407,0,0,144,23.0,0.93,0.22563074,9,3,0,7.0,2,1,2,10,1.0,4,21,48,0.0,Füllkrug,Niclas,Füllkrug,Forward,31.84275184275184,0.20565110565110564,0.049893775429975425,0.6458333333333334,0.15668801388888887,0.8025213472222223,6.25,4.861111111111112
626,58,0,0,17,1.0,0.13,0.00013167,1,0,1,0.0,0,0,2,1,0.0,0,2,6,0.0,Marshall,Callum,Marshall,Forward,26.379310344827584,0.20172413793103447,0.00020431551724137928,0.7647058823529412,0.0007745294117647058,0.7654804117647059,5.88235294117647,0.0
627,1080,0,0,573,0.0,0.0,0.04614385,0,0,0,0.0,2,1,0,107,0.0,24,5,1,0.0,Johnstone,Sam,Johnstone,Goalkeeper,47.75,0.0,0.0038453208333333335,0.0,0.00805302792321117,0.00805302792321117,0.0,0.0
628,2070,0,0,957,0.0,0.0,0.08293423,0,0,0,1.0,1,0,0,217,0.0,47,22,2,0.0,José Sá,José,Malheiro de Sá,Goalkeeper,41.608695652173914,0.0,0.0036058360869565217,0.0,0.008666063740856845,0.008666063740856845,0.0,0.10449320794148381
629,270,0,0,122,0.0,0.0,0.0061952199999999995,0,0,0,0.0,0,0,0,26,0.0,5,4,0,0.0,Bentley,Daniel,Bentley,Goalkeeper,40.666666666666664,0.0,0.0020650733333333333,0.0,0.005078049180327868,0.005078049180327868,0.0,0.0
630,0,0,0,0,0.0,0.0,0.0,0,0,0,0.0,0,0,0,0,0.0,0,0,0,0.0,King,Tom,King,Goalkeeper,,,,,,,,
631,1100,0,0,867,12.0,0.5700000000000001,0.39138035,10,3,3,4.0,31,20,13,65,15.0,65,64,38,0.0,Agbadou,Emmanuel,Agbadou,Defender,70.93636363636364,0.04663636363636364,0.032022028636363636,0.06574394463667821,0.04514190888119954,0.11088585351787775,1.1534025374855825,0.461361014994233
632,786,0,0,427,8.0,0.1,0.1829086,3,0,2,3.0,16,8,7,28,6.0,37,44,37,0.0,Doherty,Matt,Doherty,Defender,48.89312977099237,0.011450381679389313,0.02094373282442748,0.023419203747072598,0.04283573770491803,0.06625494145199064,0.702576112412178,0.702576112412178
633,2359,1,3,1691,46.0,0.86,3.453882,16,6,28,38.0,65,37,38,115,4.0,67,135,149,11.0,H.Bueno,Hugo,Bueno López,Defender,64.51462484103433,0.03281051292920729,0.13177167443832133,0.0508574807806032,0.20425085748078062,0.2551083382613838,0.9461856889414548,2.247191011235955
634,2137,0,0,1394,53.0,2.5119000000000002,0.68645562,30,6,8,11.0,59,36,29,92,17.0,112,154,115,1.0,Mosquera,Yerson,Mosquera Valdelamar,Defender,58.70846981750117,0.1057889564810482,0.028910157136172208,0.18019368723098997,0.04924358823529412,0.22943727546628406,2.1520803443328553,0.7890961262553802
635,954,3,0,481,48.0,2.1352,0.41256555,20,6,7,3.0,22,17,9,33,2.0,13,43,60,3.0,R.Gomes,Rodrigo,Martins Gomes,Defender,45.37735849056603,0.20143396226415097,0.0389212783018868,0.4439085239085239,0.08577246361746363,0.5296809875259876,4.158004158004158,0.6237006237006237
636,2552,3,2,1432,39.0,2.2800000000000002,1.4603743,10,7,0,10.0,49,30,27,68,20.0,116,105,91,3.0,S.Bueno,Santiago,Ignacio Bueno,Defender,50.50156739811913,0.0804075235109718,0.05150222844827586,0.1592178770949721,0.10198144553072626,0.26119932262569834,0.6983240223463687,0.6983240223463687
637,1423,0,0,1051,9.0,0.53,0.3053796,5,2,10,6.0,22,13,14,53,12.0,94,65,42,3.0,Toti,Toti,Gomes,Defender,66.47224174279691,0.03352073085031623,0.01931424033731553,0.05042816365366318,0.029056098953377733,0.0794842626070409,0.47573739295908657,0.570884871550904
638,423,0,0,282,3.0,0.02,0.36686411,1,1,5,5.0,13,9,6,16,1.0,20,27,18,0.0,Hoever,Ki-Jana,Hoever,Defender,60.0,0.00425531914893617,0.07805619361702128,0.0070921985815602835,0.1300936560283688,0.1371858546099291,0.3546099290780142,1.773049645390071
640,257,0,0,134,9.0,0.35,0.36279158,4,1,1,3.0,8,5,5,11,0.0,6,12,17,4.0,Pedro Lima,Pedro,Cardoso de Lima,Defender,46.92607003891051,0.122568093385214,0.12704763501945524,0.26119402985074625,0.2707399850746269,0.5319340149253732,2.9850746268656714,2.2388059701492535
642,1439,2,2,606,29.0,2.37,1.36640338,19,6,9,15.0,10,4,13,57,0.0,16,41,75,3.0,Hee Chan,Hwang,Hee-chan,Midfielder,37.90132036136206,0.148227936066713,0.08545955816539262,0.3910891089108911,0.22547910561056106,0.6165682145214522,3.1353135313531353,2.4752475247524752
643,2760,1,0,1754,3.0,0.5438000000000001,0.99529488,15,1,19,18.0,83,42,28,212,7.0,50,149,138,13.0,André,André,Trindade da Costa Neto,Midfielder,57.19565217391304,0.017732608695652175,0.03245526782608695,0.031003420752565566,0.05674429190421893,0.08774771265678448,0.8551881413911061,1.0262257696693273
644,1239,1,1,709,25.0,1.0,1.12502166,21,7,17,13.0,28,15,10,44,3.0,21,93,77,6.0,Bellegarde,Jean-Ricner,Bellegarde,Midfielder,51.50121065375303,0.07263922518159806,0.08172070169491526,0.14104372355430184,0.15867724400564176,0.29972096755994354,2.9619181946403383,1.8335684062059237
645,228,0,1,157,7.0,0.16,0.6072454899999999,5,1,3,3.0,1,1,0,10,0.0,1,10,22,0.0,Fer López,Fer,López González,Midfielder,61.973684210526315,0.06315789473684211,0.23970216710526315,0.10191082802547771,0.3867805668789808,0.48869139490445856,3.1847133757961785,1.910828025477707
646,2829,1,2,2047,29.0,1.2784,2.058204,19,7,41,16.0,107,66,37,194,5.0,45,224,220,22.0,J.Gomes,João Victor,Gomes da Silva,Midfielder,65.1219512195122,0.04067020148462354,0.06547838812301167,0.062452369320957504,0.10054733756717146,0.16299970688812895,0.9281875915974597,0.7816316560820713
648,872,1,2,343,37.0,1.5599999999999998,0.38380346000000004,14,6,5,3.0,21,12,7,20,2.0,30,65,77,0.0,Munetsi,Marshall,Munetsi,Midfielder,35.40137614678899,0.16100917431192657,0.039612742431192664,0.4548104956268221,0.11189605247813413,0.5667065481049562,4.081632653061225,0.8746355685131195
650,25,0,0,10,0.0,0.0,0.00168662,0,0,0,0.0,3,0,0,2,0.0,1,4,4,0.0,Chirewa,Tawanda,Chirewa,Midfielder,36.0,0.0,0.006071832,0.0,0.0168662,0.0168662,0.0,0.0
651,12,1,0,16,3.0,0.22,0.00074395,2,1,2,0.0,0,0,0,1,0.0,0,2,3,2.0,Edozie,Tom,Edozie,Midfielder,120.0,1.65,0.005579625,1.375,0.004649687499999999,1.3796496875,12.5,0.0
654,2301,4,1,827,97.0,5.37,1.10552807,44,14,11,10.0,8,2,4,37,7.0,37,119,228,9.0,Strand Larsen,Jørgen,Strand Larsen,Forward,32.34680573663625,0.21003911342894396,0.04324099361147328,0.6493349455864571,0.13367933131801696,0.7830142769044741,5.320435308343409,1.2091898428053205
656,14,0,0,11,1.0,0.0,0.0135397,0,0,0,0.0,0,0,1,1,0.0,0,2,3,0.0,Kalajdžić,Saša,Kalajdžić,Forward,70.71428571428571,0.0,0.08704092857142857,0.0,0.12308818181818182,0.12308818181818182,0.0,0.0
659,1378,1,0,968,19.0,1.13,0.39758345,5,3,16,7.0,44,30,9,58,4.0,34,97,63,5.0,Walker-Peters,Kyle,Walker-Peters,Defender,63.22206095791001,0.07380261248185775,0.025966988751814222,0.11673553719008262,0.041072670454545455,0.15780820764462808,0.5165289256198348,0.7231404958677686
660,2369,5,6,1523,55.0,2.84,4.53156807,53,14,20,63.0,66,36,19,119,9.0,52,156,132,6.0,Stach,Anton,Stach,Midfielder,57.85985647952723,0.1078936260025327,0.1721575037146475,0.18647406434668415,0.2975422239001969,0.4840162882468811,3.4799737360472753,4.136572554169402
661,1797,11,4,745,122.0,10.0352,2.47729599,65,19,36,21.0,11,7,3,42,2.0,27,90,146,6.0,Ekitiké,Hugo,Ekitiké,Forward,37.31218697829716,0.5025976627712855,0.12407158547579299,1.3470067114093958,0.33252295167785234,1.6795296630872485,8.724832214765101,2.8187919463087248
662,986,0,0,819,9.0,0.1,0.63103226,1,0,1,5.0,32,19,8,34,7.0,47,59,59,8.0,Mosquera,Cristhian,Mosquera,Defender,74.75659229208925,0.009127789046653146,0.05759929350912779,0.01221001221001221,0.07704911599511599,0.0892591282051282,0.1221001221001221,0.6105006105006106
663,1117,1,0,665,39.0,3.05,0.6249578100000001,16,3,8,11.0,43,27,9,58,2.0,15,70,94,0.0,J.Arias,Jhon,Arias,Midfielder,53.5810205908684,0.24574753804834373,0.050354702685765446,0.45864661654135336,0.09397861804511279,0.5526252345864662,2.4060150375939853,1.6541353383458646
664,0,0,0,0,0.0,0.0,0.0,0,0,0,0.0,0,0,0,0,0.0,0,0,0,0.0,Lecomte,Benjamin,Lecomte,Goalkeeper,,,,,,,,
665,1440,0,0,697,0.0,0.0,0.02720168,0,0,0,0.0,0,0,0,100,0.0,16,7,3,0.0,Perri,Lucas Estella,Perri,Goalkeeper,43.5625,0.0,0.001700105,0.0,0.003902680057388809,0.003902680057388809,0.0,0.0
666,2217,14,1,652,142.0,12.34,1.84252688,54,22,7,20.0,7,5,1,55,3.0,19,74,158,7.0,Gyökeres,Viktor,Gyökeres,Forward,26.468200270635997,0.5009472259810555,0.07479811420838972,1.892638036809816,0.2825961472392638,2.1752341840490796,8.282208588957054,3.067484662576687
667,0,0,0,0,0.0,0.0,0.0,0,0,0,0.0,0,0,0,0,0.0,0,0,0,0.0,Aznou,Adam,Aznou,Defender,,,,,,,,
668,2901,1,6,2295,16.0,1.0,3.84343193,21,5,11,34.0,51,33,29,179,20.0,85,155,100,6.0,Xhaka,Granit,Xhaka,Midfielder,71.19958634953464,0.031023784901758014,0.11923780548086867,0.04357298474945533,0.16746980087145968,0.21104278562091502,0.9150326797385622,1.4814814814814816
669,1167,1,2,555,52.0,1.09,1.53619324,15,4,13,14.0,23,13,10,50,2.0,12,69,80,2.0,Ndoye,Dan,Ndoye,Midfielder,42.80205655526992,0.08406169665809769,0.11847248637532135,0.19639639639639642,0.2767915747747748,0.4731879711711712,2.7027027027027026,2.5225225225225225
670,3150,0,0,1686,0.0,0.0,0.15129924,0,0,1,5.0,0,0,0,334,0.0,37,35,2,0.0,Roefs,Robin,Roefs,Goalkeeper,48.17142857142858,0.0,0.004322835428571428,0.0,0.008973857651245552,0.008973857651245552,0.0,0.29655990510083036
671,1234,7,2,380,85.0,7.65,0.54956616,38,16,13,8.0,4,2,3,28,2.0,5,50,92,11.0,Wilson,Callum,Wilson,Forward,27.714748784440843,0.5579416531604539,0.040081810696920586,2.013157894736842,0.14462267368421053,2.1577805684210527,10.0,2.1052631578947367
672,1139,0,0,992,14.0,0.30000000000000004,0.6520908,3,0,8,8.0,34,19,17,50,7.0,39,60,53,1.0,Hato,Jorrel,Hato,Defender,78.38454784899034,0.023705004389815633,0.05152605092186128,0.030241935483870976,0.06573495967741935,0.09597689516129032,0.3024193548387097,0.8064516129032258
673,2192,5,3,1512,32.0,2.7108,0.66736423,30,9,10,8.0,111,64,29,93,10.0,58,193,117,7.0,J.Palhinha,João Maria,Lobo Alves Palhares Costa Palhinha Gonçalves,Midfielder,62.08029197080292,0.11130109489051093,0.0274009036040146,0.17928571428571427,0.0441378458994709,0.22342356018518517,1.984126984126984,0.5291005291005291
674,1003,0,0,507,0.0,0.0,0.01797565,0,0,0,1.0,0,0,0,88,0.0,10,6,2,0.0,Ramsdale,Aaron,Ramsdale,Goalkeeper,45.49351944167498,0.0,0.001612969591226321,0.0,0.0035454930966469424,0.0035454930966469424,0.0,0.19723865877712032
675,45,0,0,21,0.0,0.0,0.00136763,0,0,0,0.0,0,0,0,4,0.0,1,0,0,0.0,Gunn,Angus,Gunn,Goalkeeper,42.0,0.0,0.00273526,0.0,0.00651252380952381,0.00651252380952381,0.0,0.0
676,2330,3,3,1156,40.0,2.46,0.40828109,22,8,14,10.0,52,25,16,101,21.0,24,121,120,8.0,Ugochukwu,Lesley,Ugochukwu,Midfielder,44.652360515021456,0.09502145922746781,0.015770514206008585,0.21280276816608998,0.03531843339100346,0.24812120155709344,1.9031141868512111,0.8650519031141869
677,909,1,3,412,40.0,1.56,1.03393306,10,6,13,5.0,23,12,5,43,3.0,10,67,86,9.0,Guessand,Evann,Guessand,Midfielder,40.79207920792079,0.15445544554455448,0.1023696099009901,0.3786407766990291,0.25095462621359227,0.6295954029126215,2.4271844660194173,1.2135922330097086
678,125,0,0,88,2.0,0.07,0.07911777,1,0,2,1.0,4,2,2,3,0.0,4,7,9,0.0,Masuaku,Arthur,Masuaku,Defender,63.36,0.05040000000000001,0.056964794400000004,0.07954545454545454,0.08990655681818183,0.16945201136363636,1.1363636363636365,1.1363636363636365
679,1620,0,1,804,0.0,0.0,0.03388115,0,0,0,2.0,0,0,0,167,0.0,20,11,0,0.0,Hermansen,Mads,Hermansen,Goalkeeper,44.666666666666664,0.0,0.0018822861111111111,0.0,0.004214073383084577,0.004214073383084577,0.0,0.24875621890547264
680,843,1,1,324,42.0,2.15,0.22507597,16,6,7,5.0,6,3,3,26,0.0,9,62,128,1.0,Broja,Armando,Broja,Forward,34.59074733096085,0.2295373665480427,0.024029462989323843,0.6635802469135802,0.06946789197530864,0.7330481388888888,4.938271604938271,1.5432098765432098
681,1630,11,2,555,93.0,9.2,0.2832723,61,34,10,9.0,5,3,3,38,2.0,15,84,125,8.0,Šeško,Benjamin,Sesko,Forward,30.644171779141104,0.5079754601226993,0.015640801840490798,1.6576576576576574,0.051040054054054054,1.7086977117117117,10.99099099099099,1.6216216216216217
682,1042,0,2,463,18.0,0.13,1.05335963,3,0,4,8.0,10,5,7,26,2.0,32,28,24,0.0,Møller Wolfe,David,Møller Wolfe,Defender,39.990403071017276,0.011228406909788869,0.09098115806142035,0.028077753779697623,0.22750747948164146,0.2555852332613391,0.6479481641468683,1.7278617710583155
683,2797,1,1,1782,46.0,1.6600000000000001,0.90792976,24,9,18,9.0,32,18,35,103,29.0,216,144,124,1.0,Alderete,Omar,Alderete,Defender,57.34000715051842,0.0534143725420093,0.029214758097962104,0.0931537598204265,0.05095004264870932,0.14410380246913582,1.3468013468013467,0.5050505050505051
684,2963,4,0,2110,50.0,4.7299999999999995,0.9585944,27,14,7,6.0,45,34,31,118,33.0,184,173,94,1.0,Thiaw,Malick,Thiaw,Defender,64.09044886938914,0.14367195410057373,0.029116940938238273,0.22417061611374406,0.04543101421800948,0.26960163033175355,1.2796208530805688,0.2843601895734597
685,1275,0,0,920,10.0,0.02,0.19464778,1,0,0,3.0,20,15,11,48,5.0,82,59,50,0.0,Diakité,Bafodé,Diakité,Defender,64.94117647058823,0.0014117647058823528,0.013739843294117645,0.002173913043478261,0.021157367391304346,0.023331280434782605,0.10869565217391304,0.32608695652173914
686,547,2,1,353,50.0,1.3329,2.03570101,16,6,29,16.0,4,2,3,19,1.0,3,45,38,10.0,Ngumoha,Rio,Ngumoha,Midfielder,58.08043875685558,0.21930712979890307,0.33494166526508223,0.37759206798866857,0.5766858385269122,0.9542779065155808,4.53257790368272,4.53257790368272
690,90,0,0,58,1.0,0.02,0.160978,1,0,2,2.0,1,1,0,4,0.0,2,4,6,1.0,Cardines,Rio,Cardines,Midfielder,58.00000000000001,0.02,0.160978,0.034482758620689655,0.277548275862069,0.3120310344827586,1.7241379310344827,3.4482758620689653
691,2721,14,2,895,135.0,15.42,1.10133289,67,34,8,20.0,10,4,4,46,9.0,36,183,279,9.0,Calvert-Lewin,Dominic,Calvert-Lewin,Forward,29.603087100330757,0.5100330760749724,0.03642776923925027,1.7229050279329607,0.12305395418994412,1.8459589821229052,7.486033519553073,2.2346368715083798
693,1676,1,7,1009,84.0,1.94,4.16660439,25,11,40,33.0,20,12,12,87,0.0,8,88,131,14.0,Hutchinson,Omari,Hutchinson,Midfielder,54.182577565632464,0.10417661097852028,0.2237436724940334,0.19226957383548066,0.41294394350842417,0.6052135173439048,2.4777006937561943,3.270564915758176
694,2784,3,5,2019,58.0,1.59,2.49693638,26,4,14,23.0,70,48,40,131,10.0,156,184,129,3.0,Mukiele,Nordi,Mukiele,Defender,65.26939655172414,0.05140086206896552,0.08071992607758621,0.07875185735512631,0.12367193561168897,0.20242379296681526,1.2877662209014362,1.1391778107974244
695,1834,0,1,943,25.0,0.33,1.75203058,2,1,5,21.0,29,15,15,62,7.0,57,66,69,3.0,Tchatchoua,Jackson,Tchatchoua,Defender,46.27589967284624,0.016194111232279172,0.08597750937840785,0.03499469777306469,0.18579327465535525,0.22078797242841994,0.2120890774125133,2.2269353128313893
696,89,0,0,46,8.0,0.44,0.02799746,4,1,0,1.0,1,1,0,4,0.0,1,5,7,0.0,Kalimuendo,Arnaud,Kalimuendo,Forward,46.516853932584276,0.44494382022471907,0.02831203820224719,0.9565217391304347,0.06086404347826087,1.0173857826086956,8.695652173913043,2.1739130434782608
697,1074,3,2,675,47.0,2.6199999999999997,1.29750739,20,9,8,16.0,36,16,7,61,2.0,17,95,85,1.0,Adli,Amine,Adli,Midfielder,56.564245810055866,0.21955307262569831,0.10872966955307263,0.3881481481481481,0.19222331703703704,0.5803714651851852,2.9629629629629632,2.3703703703703702
698,1553,8,3,707,78.0,5.32,1.3410544199999999,34,15,38,20.0,23,15,12,61,1.0,16,87,133,14.0,Okafor,Noah,Okafor,Midfielder,40.97231165486156,0.3083065035415325,0.07771725550547327,0.7524752475247526,0.18968237906647806,0.9421576265912305,4.809052333804809,2.828854314002829
699,913,1,1,850,16.0,0.53,1.37480745,11,5,6,19.0,23,14,15,52,4.0,12,53,38,2.0,Douglas Luiz,Douglas Luiz,Soares de Paulo,Midfielder,83.78970427163198,0.052245345016429356,0.1355231878422782,0.0623529411764706,0.16174205294117647,0.22409499411764708,1.2941176470588236,2.235294117647059
700,152,1,1,115,19.0,1.19,0.31979181,6,1,4,4.0,2,2,1,13,0.0,0,13,25,5.0,Dowman,Max,Dowman,Midfielder,68.09210526315789,0.7046052631578946,0.18935041381578946,1.0347826086956522,0.2780798347826087,1.3128624434782608,5.217391304347826,3.4782608695652173
702,16,0,0,12,0.0,0.0,0.00093143,0,0,0,0.0,0,0,0,1,0.0,0,1,2,0.0,Burrowes,Bradley,Burrowes,Midfielder,67.5,0.0,0.00523929375,0.0,0.007761916666666666,0.007761916666666666,0.0,0.0
706,1893,2,1,1224,40.0,1.83,1.17172079,21,6,2,12.0,56,36,28,70,11.0,89,124,82,6.0,Justin,James,Justin,Defender,58.193343898573694,0.08700475435816166,0.0557078030110935,0.14950980392156862,0.0957288227124183,0.24523862663398693,1.715686274509804,0.9803921568627451
707,349,0,0,207,11.0,0.2,0.15247028,4,0,13,4.0,7,3,6,22,1.0,4,33,46,1.0,Dibling,Tyler,Dibling,Midfielder,53.3810888252149,0.0515759312320917,0.03931898338108883,0.09661835748792272,0.07365714009661836,0.17027549758454108,1.932367149758454,1.932367149758454
708,3017,3,4,2118,22.0,1.94,3.0223621,28,8,29,37.0,104,67,35,183,12.0,36,201,158,8.0,M.Fernandes,Mateus Gonçalo,Espanha Fernandes,Midfielder,63.18196884322174,0.057872058336095454,0.09015995657938349,0.09159584513692162,0.1426988715769594,0.23429471671388102,1.3220018885741265,1.7469310670443814
709,2356,2,2,1655,34.0,2.232,1.48673498,21,10,2,9.0,33,21,32,78,12.0,116,104,100,2.0,Krejčí,Ladislav,Krejcí,Defender,63.221561969439726,0.08526315789473685,0.056793781069609514,0.1348640483383686,0.08983292930513595,0.22469697764350452,1.2688821752265862,0.5438066465256798
712,2074,2,2,1257,82.0,4.55,6.36585457,44,11,18,48.0,35,19,9,101,1.0,21,98,154,7.0,Yeremy,Yéremy,Pino Santos,Midfielder,54.54676952748312,0.19744455159112823,0.2762424837512054,0.3619729514717581,0.5064323444709626,0.8684052959427208,3.5003977724741446,3.8186157517899764
713,2315,1,2,1465,35.0,1.121,1.6211453,19,4,39,14.0,68,46,27,136,9.0,40,140,133,6.0,A.Jimenez,Álex,Jiménez Sánchez,Defender,56.954643628509714,0.043580993520518356,0.06302508725701944,0.07651877133105801,0.11065838225255972,0.18717715358361772,1.2969283276450512,0.955631399317406
714,1896,8,4,680,86.0,6.65,1.48705818,32,13,13,22.0,24,12,5,53,2.0,21,92,146,11.0,Woltemade,Nick,Woltemade,Forward,32.278481012658226,0.31566455696202533,0.07058820474683544,0.9779411764705883,0.21868502647058824,1.1966262029411765,4.705882352941177,3.2352941176470593
715,437,0,0,151,0.0,0.0,0.00849018,0,0,0,0.0,0,0,0,26,0.0,4,0,0,0.0,John,John Victor,Maciel Furtado,Goalkeeper,31.098398169336384,0.0,0.001748549656750572,0.0,0.0056226357615894035,0.0056226357615894035,0.0,0.0
716,1025,2,0,636,14.0,1.35,0.40329303,5,3,2,7.0,20,12,4,27,3.0,29,34,35,0.0,Savona,Nicolò,Savona,Defender,55.84390243902439,0.11853658536585367,0.03541109531707317,0.21226415094339623,0.06341085377358491,0.27567500471698114,0.7861635220125787,1.10062893081761
717,1747,2,5,1254,51.0,3.14,4.14424142,42,10,30,34.0,32,20,15,87,1.0,12,119,127,10.0,Xavi,Xavi,Simons,Midfielder,64.6021751574127,0.16176302232398398,0.21349841316542645,0.2503987240829346,0.3304817719298246,0.5808804960127592,3.349282296650718,2.711323763955343
718,971,1,0,595,7.0,0.44000000000000006,0.31170799,7,2,5,5.0,41,23,16,54,4.0,14,74,54,4.0,S.Magassa,Soungoutou,Magassa,Midfielder,55.149330587023684,0.0407826982492276,0.028891574768280123,0.07394957983193277,0.0523878974789916,0.12633747731092437,1.1764705882352942,0.8403361344537815
719,942,0,1,718,5.0,0.28,0.11489993,1,0,0,2.0,7,3,8,19,5.0,34,18,12,1.0,Lindelöf,Victor,Lindelöf,Defender,68.59872611464968,0.026751592356687903,0.010977700318471338,0.038997214484679674,0.016002775766016716,0.05499999025069638,0.1392757660167131,0.2785515320334262
720,1402,3,2,596,98.0,5.470000000000001,0.35616052,47,16,17,12.0,7,5,5,26,2.0,43,135,141,8.0,Tolu,Tolu,Arokodare,Forward,38.25962910128388,0.3511412268188303,0.022863371469329527,0.917785234899329,0.05975847651006712,0.977543711409396,7.885906040268456,2.013422818791946
721,367,0,0,248,4.0,0.23,0.19614632,1,0,1,1.0,5,4,4,13,5.0,24,17,19,0.0,Milosavljević,Veljko,Milosavljevic,Defender,60.817438692098094,0.05640326975476839,0.04810127738419619,0.09274193548387097,0.07909125806451614,0.1718331935483871,0.4032258064516129,0.4032258064516129
722,2100,0,2,1430,8.0,0.64,0.57590786,13,2,8,13.0,90,48,41,113,14.0,56,129,130,5.0,Florentino,Florentino Ibrain,Morris Luís,Midfielder,61.285714285714285,0.02742857142857143,0.02468176542857143,0.044755244755244755,0.040273276923076924,0.08502852167832169,0.9090909090909091,0.9090909090909091
723,1331,0,0,1031,11.0,1.47,0.31172247000000003,7,1,2,3.0,39,23,12,54,13.0,103,85,54,3.0,Canvot,Jaydee,Canvot,Defender,69.71450037565741,0.09939894815927873,0.021078153493613826,0.1425800193986421,0.03023496314258002,0.17281498254122213,0.6789524733268671,0.2909796314258002
724,1681,0,0,1009,14.0,1.16,0.78848175,11,3,7,8.0,37,21,19,71,10.0,47,63,48,0.0,Geertruida,Lutsharel,Geertruida,Defender,54.02141582391434,0.06210588935157644,0.04221496579417014,0.11496531219028741,0.07814487115956392,0.19311018334985133,1.0901883052527255,0.7928642220019821
725,1787,1,2,1251,26.0,0.36,1.66521542,3,2,7,13.0,46,26,26,63,9.0,86,99,72,3.0,Hincapie,Piero,Hincapié,Defender,63.00503637381085,0.018130945719082258,0.0838664733072188,0.028776978417266185,0.1331107450039968,0.16188772342126298,0.2398081534772182,1.0391686650679457
726,1655,1,1,674,78.0,2.13,1.59649694,20,4,26,19.0,27,16,3,64,1.0,18,99,175,19.0,Kolo Muani,Randal,Kolo Muani,Forward,36.65256797583081,0.11583081570996978,0.08681856471299093,0.31602373887240354,0.23686898219584568,0.5528927210682492,2.967359050445104,2.8189910979228485
727,1067,3,4,633,56.0,2.08,3.14621107,22,7,18,24.0,6,4,7,57,1.0,11,43,58,3.0,Chukwueze,Samuel,Chukwueze,Midfielder,53.39268978444237,0.17544517338331772,0.2653786282099344,0.3285939968404423,0.49703176461295423,0.8256257614533965,3.4755134281200633,3.7914691943127963
728,675,1,1,312,20.0,0.8,0.337602,11,1,3,6.0,24,13,4,28,2.0,9,48,70,4.0,Röhl,Merlin,Röhl,Midfielder,41.6,0.10666666666666666,0.0450136,0.2564102564102564,0.10820576923076923,0.3646160256410257,3.5256410256410255,1.9230769230769231
730,1920,7,2,538,93.0,6.04,0.67478407,36,18,2,15.0,9,2,0,44,6.0,15,110,147,14.0,Brobbey,Brian,Brobbey,Forward,25.21875,0.283125,0.03163050328125,1.1226765799256506,0.12542454832713754,1.248101128252788,6.691449814126393,2.7881040892193307
731,1030,1,3,670,61.0,1.22,1.49642907,25,10,45,14.0,21,11,9,48,0.0,8,91,114,5.0,Kevin,Kevin,Santos Lopes de Macedo,Midfielder,58.54368932038835,0.10660194174757281,0.1307559381553398,0.18208955223880596,0.22334762238805972,0.40543717462686574,3.731343283582089,2.0895522388059704
732,159,0,1,112,16.0,0.49,0.02544608,6,2,0,0.0,1,1,0,9,0.0,3,16,30,1.0,Uche,Christantus,Uche,Forward,63.39622641509433,0.27735849056603773,0.014403441509433961,0.43749999999999994,0.022719714285714288,0.46021971428571434,5.357142857142857,0.0
733,2880,0,0,1177,0.0,0.0,0.04016655,0,0,0,0.0,1,1,0,225,0.0,26,11,1,0.0,Lammens,Senne,Lammens,Goalkeeper,36.78125,0.0,0.0012552046875,0.0,0.003412621070518267,0.003412621070518267,0.0,0.0
734,549,0,2,332,22.0,0.54,1.0378709099999999,9,3,6,11.0,4,3,0,28,1.0,2,25,36,3.0,Bakwa,Dilane,Bakwa,Midfielder,54.42622950819672,0.08852459016393442,0.1701427721311475,0.16265060240963858,0.312611719879518,0.47526232228915666,2.710843373493976,3.313253012048193
735,634,1,1,318,23.0,0.51,0.24192848,13,6,14,8.0,11,4,2,18,3.0,6,42,44,0.0,Traoré,Bertrand,Traoré,Midfielder,45.14195583596214,0.072397476340694,0.034343159621451104,0.16037735849056603,0.07607813836477988,0.23645549685534592,4.088050314465408,2.515723270440252
736,3060,0,0,1162,0.0,0.0,0.15192462999999998,0,0,2,1.0,0,0,1,235,0.0,43,22,2,0.0,Donnarumma,Gianluigi,Donnarumma,Goalkeeper,34.17647058823529,0.0,0.004468371470588235,0.0,0.013074408777969017,0.013074408777969017,0.0,0.08605851979345956
737,49,0,0,26,4.0,0.0,0.07167854,0,0,0,1.0,1,1,0,4,0.0,0,4,10,0.0,Kusi-Asare,Jonah,Kusi-Asare,Forward,47.75510204081633,0.0,0.1316544612244898,0.0,0.2756866923076923,0.2756866923076923,0.0,3.8461538461538463
739,25,0,0,22,2.0,0.0,0.20513565,0,0,0,2.0,0,0,0,1,0.0,0,0,6,0.0,Mukasa,Divine,Mukasa,Midfielder,79.2,0.0,0.73848834,0.0,0.9324347727272727,0.9324347727272727,0.0,9.090909090909092
744,1,0,0,0,0.0,0.0,0.0,0,0,0,0.0,0,0,0,0,0.0,0,0,0,0.0,Oriola,Nehemiah,Oriola,Midfielder,0.0,0.0,0.0,,,,,
745,1,0,0,7,0.0,0.0,0.00255357,0,0,0,0.0,0,0,0,0,0.0,0,1,0,0.0,Byfield,Jun'ai,Byfield,Defender,630.0,0.0,0.22982129999999998,0.0,0.036479571428571424,0.036479571428571424,0.0,0.0
746,0,0,0,0,0.0,0.0,0.0,0,0,0,0.0,0,0,0,0,0.0,0,0,0,0.0,Morrison,Kieran,Morrison,Midfielder,,,,,,,,
747,113,0,0,102,3.0,0.12,0.30490722,1,0,1,2.0,0,0,2,5,0.0,4,4,2,0.0,Mayers,Ezra,Mayers,Defender,81.23893805309734,0.09557522123893804,0.24284645840707964,0.1176470588235294,0.2989286470588235,0.41657570588235293,0.9803921568627451,1.9607843137254901
748,2,0,0,8,0.0,0.0567,0.00149774,1,0,0,1.0,0,0,0,1,0.0,0,0,1,0.0,Dasilva,Josh,Dasilva,Midfielder,360.0,2.5515,0.0673983,0.70875,0.01872175,0.72747175,12.5,12.5
749,1787,3,2,893,26.0,1.9972,3.38057534,42,17,28,30.0,26,13,6,77,1.0,26,109,165,25.0,Mané,Mateus,Mané,Forward,44.97481813094572,0.10058645775041972,0.17025841108002238,0.22365061590145577,0.3785638678611422,0.602214483762598,4.703247480403135,3.3594624860022395
750,1,0,0,0,0.0,0.0,0.0,0,0,0,0.0,0,0,0,0,0.0,0,0,0,0.0,Rowswell,James,Rowswell,Defender,0.0,0.0,0.0,,,,,
753,0,0,0,0,0.0,0.0,0.0,0,0,0,0.0,0,0,0,0,0.0,0,0,0,0.0,Ruddy,John,Ruddy,Goalkeeper,,,,,,,,
754,25,0,0,20,0.0,0.04,0.00926846,1,0,0,0.0,0,0,0,1,0.0,0,0,1,0.0,George Hemmings,George,Hemmings,Midfielder,72.0,0.14400000000000002,0.033366455999999996,0.2,0.046342299999999996,0.24634230000000001,5.0,0.0
755,40,0,0,26,3.0,0.1,0.00788509,4,1,1,0.0,0,0,0,2,0.0,0,3,5,0.0,Lacey,Shea,Lacey,Midfielder,58.5,0.225,0.0177414525,0.38461538461538464,0.030327269230769234,0.41494265384615386,15.384615384615385,0.0
758,67,0,0,56,1.0,0.0946,0.05459451,2,0,1,1.0,6,4,0,7,0.0,2,10,12,3.0,Mohamadou Kanté,Mohamadou,Kanté,Midfielder,75.22388059701493,0.12707462686567164,0.07333590895522388,0.16892857142857143,0.09749019642857143,0.26641876785714286,3.571428571428571,1.7857142857142856
759,0,0,0,0,0.0,0.0,0.0,0,0,0,0.0,0,0,0,0,0.0,0,0,0,0.0,Salmon,Marli,Salmon,Defender,,,,,,,,
762,7,0,0,13,0.0,0.0,0.00432351,0,0,0,0.0,1,1,0,2,0.0,0,1,2,0.0,Drakes-Thomas,Joél,Drakes-Thomas,Midfielder,167.14285714285714,0.0,0.05558798571428572,0.0,0.03325776923076923,0.03325776923076923,0.0,0.0
769,15,0,0,8,0.0,0.0,0.00757657,0,0,0,1.0,0,0,0,0,0.0,0,0,1,0.0,Bendito Mantato,Bendito,Mantato,Midfielder,48.0,0.0,0.04545942,0.0,0.094707125,0.094707125,0.0,12.5
771,17,0,0,19,0.0,0.0,0.00826902,0,0,0,0.0,0,0,0,2,0.0,0,0,0,0.0,Fletcher,Tyler,Fletcher,Midfielder,100.58823529411765,0.0,0.04377716470588235,0.0,0.043521157894736845,0.043521157894736845,0.0,0.0
783,1636,1,6,1379,21.0,1.4268,3.76745296,16,9,7,39.0,29,17,11,77,2.0,24,60,68,8.0,Groß,Pascal,Groß,Midfielder,75.86185819070904,0.07849144254278728,0.20725596968215157,0.10346627991298042,0.27320181000725163,0.37666808992023204,1.160261058738216,2.8281363306744014
785,819,0,1,365,26.0,1.05,1.11717602,12,3,9,14.0,25,14,4,28,2.0,12,60,93,10.0,Pablo,Pablo Felipe,Pereira de Jesus,Forward,40.10989010989011,0.11538461538461539,0.12276659560439561,0.2876712328767123,0.30607562191780824,0.5937468547945206,3.287671232876712,3.8356164383561646
791,1384,6,1,453,32.0,5.8402,0.80616439,50,22,2,12.0,11,8,6,31,1.0,21,55,96,9.0,Taty,Valentín,Castellanos,Forward,29.458092485549134,0.3797817919075145,0.05242398489884393,1.2892273730684327,0.17796123399558497,1.4671886070640179,11.037527593818984,2.6490066225165565
792,47,0,0,30,0.0,0.0455,0.04564256,1,0,2,0.0,0,0,1,3,0.0,0,3,0,0.0,Alysson,Alysson Edward Franco,da Rocha dos Santos,Midfielder,57.4468085106383,0.08712765957446808,0.08740064680851063,0.15166666666666667,0.15214186666666665,0.30380853333333335,3.3333333333333335,0.0
794,135,0,0,148,3.0,0.26,0.0636408,2,1,3,1.0,3,3,4,4,0.0,4,9,2,0.0,Alleyne,Max,Alleyne,Defender,98.66666666666667,0.17333333333333334,0.0424272,0.17567567567567569,0.04300054054054054,0.21867621621621622,1.3513513513513513,0.6756756756756757
795,92,0,0,56,0.0,0.0,0.031179560000000002,0,0,2,0.0,1,0,0,3,0.0,3,5,9,2.0,Howell,Harry,Howell,Midfielder,54.78260869565218,0.0,0.03050174347826087,0.0,0.05567778571428572,0.05567778571428572,0.0,0.0
796,1183,1,1,748,35.0,1.07,0.75600621,11,4,12,13.0,19,14,18,73,4.0,6,62,66,9.0,Gallagher,Conor,Gallagher,Midfielder,56.9061707523246,0.08140321217244295,0.05751526534234996,0.143048128342246,0.10107034893048128,0.24411847727272726,1.4705882352941175,1.7379679144385027
797,1,0,0,3,0.0,0.0,0.0,0,0,0,0.0,0,0,0,0,0.0,0,0,1,0.0,Furo,Kaye,Furo,Forward,270.0,0.0,0.0,0.0,0.0,0.0,0.0,0.0
800,38,0,0,18,0.0,0.0,0.0411772,0,0,2,0.0,1,0,0,2,0.0,0,4,4,1.0,Jocelin.T,Djiamgone Jocelin Ta,Bi,Midfielder,42.63157894736842,0.0,0.09752494736842104,0.0,0.2287622222222222,0.2287622222222222,0.0,0.0
801,135,0,0,96,6.0,0.1105,0.32685957,2,0,1,5.0,1,0,3,8,0.0,4,4,12,2.0,Tóth.A,Alex,Tóth,Midfielder,64.0,0.07366666666666667,0.21790638,0.11510416666666667,0.34047871874999996,0.4555828854166667,2.083333333333333,5.208333333333334
804,142,0,0,49,0.0,0.0164,0.037362839999999994,1,1,0,3.0,0,0,2,3,0.0,4,2,9,1.0,Souza,João Victor,de Souza Menezes,Defender,31.056338028169012,0.0103943661971831,0.023680673239436616,0.03346938775510205,0.07625069387755101,0.10972008163265305,2.0408163265306123,6.122448979591836
805,126,1,0,38,0.0,0.7871999999999999,0.013014419999999999,4,1,0,1.0,0,0,1,3,0.0,3,7,9,3.0,Lucca,Lorenzo,Lucca,Forward,27.142857142857142,0.5622857142857143,0.009296014285714286,2.0715789473684207,0.03424847368421052,2.1058274210526315,10.526315789473683,2.631578947368421
807,1110,5,2,538,51.0,2.91,1.6985536700000001,28,8,14,14.0,11,6,8,43,0.0,20,55,78,8.0,Rayan,Rayan Vitor,Simplício Rocha,Midfielder,43.62162162162162,0.23594594594594595,0.13772056783783784,0.5408921933085502,0.31571629553903346,0.8566084888475836,5.204460966542751,2.6022304832713754
808,278,2,0,75,22.0,2.05,0.36303598,9,3,1,4.0,3,1,0,6,0.0,3,9,11,1.0,Abraham,Tammy,Abraham,Forward,24.280575539568343,0.6636690647482014,0.11752963381294963,2.733333333333333,0.4840479733333333,3.217381306666666,12.0,5.333333333333334
809,16,0,0,9,0.0,0.0,0.00041851,0,0,0,0.0,1,0,1,0,0.0,0,2,0,0.0,Abbey,Jerome,Abbey,Midfielder,50.625,0.0,0.0023541187499999997,0.0,0.004650111111111111,0.004650111111111111,0.0,0.0
812,270,0,0,131,0.0,0.0,0.016259,0,0,1,0.0,0,0,0,33,0.0,6,2,0,0.0,Ellborg,Melker,Ellborg,Goalkeeper,43.666666666666664,0.0,0.005419666666666666,0.0,0.012411450381679387,0.012411450381679387,0.0,0.0
813,401,0,0,178,0.0,0.7622,0.11361736,7,3,6,3.0,10,7,5,9,0.0,11,24,36,5.0,Angulo,Nilson,Angulo,Midfielder,39.9501246882793,0.17106733167082294,0.025500155610972568,0.42820224719101124,0.06382997752808989,0.49203222471910113,3.932584269662921,1.6853932584269662
814,353,0,0,158,0.0,0.0,0.41795983,0,0,2,2.0,12,8,1,15,0.0,9,18,18,0.0,Netz,Luca,Netz,Defender,40.28328611898017,0.0,0.10656199631728044,0.0,0.26453153797468354,0.26453153797468354,0.0,1.2658227848101267
815,1254,0,0,701,0.0,0.7268,0.05170096,5,3,2,1.0,14,10,14,32,0.0,49,38,22,3.0,Disasi,Axel,Disasi,Defender,50.311004784689,0.05216267942583732,0.0037105952153110044,0.10368045649072753,0.007375315263908701,0.11105577175463624,0.7132667617689016,0.14265335235378032
816,457,0,0,268,0.0,0.2464,0.2726808,6,2,4,6.0,10,5,0,17,0.0,4,25,18,4.0,Angel,Angel,Gomes,Midfielder,52.778993435448584,0.04852516411378556,0.05370081400437637,0.0919402985074627,0.1017465671641791,0.1936868656716418,2.2388059701492535,2.2388059701492535
817,1141,2,2,283,0.0,2.6844,0.6501977,18,6,10,6.0,8,4,1,15,0.0,13,30,43,9.0,Armstrong,Adam,Armstrong,Forward,22.322524101665206,0.21174057843996494,0.05128640929009641,0.9485512367491166,0.2297518374558304,1.178303074204947,6.36042402826855,2.1201413427561837
829,45,0,0,24,0.0,0.098,0.0233627,2,1,0,0.0,1,1,0,2,0.0,0,2,4,1.0,Derry,Jesse,Derry,Midfielder,48.0,0.19600000000000004,0.0467254,0.4083333333333334,0.09734458333333333,0.5056779166666666,8.333333333333332,0.0
840,1,0,0,3,0.0,0.0,0.00013524,0,0,0,0.0,0,0,0,0,0.0,1,0,2,0.0,Mheuka,Shumaira,Mheuka,Forward,270.0,0.0,0.012171600000000001,0.0,0.004508,0.004508,0.0,0.0
