player_id,web_name,position,minutes_played,goals,assists,touches,xg,xa,total_shots,shots_on_target,successful_dribbles,chances_created,tackles,tackles_won,interceptions,recoveries,blocks,clearances,duels_won,duels_lost,dispossessed,touches_opposition_box,touches_per_90,xG_per_90,xA_per_90,xG_per_100_touches,xA_per_100_touches,xGI_per_100_touches,shots_per_100_touches,chances_created_per_100_touches
791,James Milner,Midfielder,173.0,0.0,0.0,95.0,0.1639,0.15497034,2,1.0,1.0,4.0,5.0,2.0,2.0,2.0,2.0,2.0,7.0,4.0,0.0,,49.421965317919074,0.08526589595375722,0.08062040809248555,0.17252631578947367,0.16312667368421055,0.3356529894736842,2.1052631578947367,4.2105263157894735
10589,Ashley Young,Defender,1881.0,1.0,3.0,1238.0,0.2662,2.9100157600000003,6,3.0,7.0,26.0,58.0,33.0,25.0,75.0,4.0,56.0,97.0,72.0,1.0,,59.23444976076556,0.012736842105263158,0.1392352038277512,0.021502423263327946,0.2350578158319871,0.25656023909531506,0.48465266558966075,2.10016155088853
15479,Łukasz Fabiański,Goalkeeper,1161.0,0.0,0.0,581.0,0.0,0.0141622,0,0.0,3.0,0.0,0.0,0.0,0.0,99.0,0.0,14.0,8.0,4.0,0.0,,45.03875968992248,0.0,0.00109784496124031,0.0,0.002437555938037866,0.002437555938037866,0.0,0.0
17054,Adam Lallana,Midfielder,377.0,0.0,2.0,333.0,0.16699999999999998,0.48934643,3,0.0,5.0,4.0,8.0,5.0,5.0,19.0,1.0,5.0,23.0,30.0,6.0,,79.49602122015915,0.03986737400530503,0.1168201026525199,0.05015015015015015,0.14695087987987987,0.19710103003003002,0.9009009009009009,1.2012012012012012
19314,Fraser Forster,Goalkeeper,630.0,0.0,0.0,241.0,0.0,0.00143884,0,0.0,1.0,0.0,0.0,0.0,0.0,34.0,0.0,7.0,2.0,1.0,0.0,,34.42857142857142,0.0,0.00020554857142857143,0.0,0.0005970290456431535,0.0005970290456431535,0.0,0.0
26025,Robin Olsen,Goalkeeper,225.0,0.0,0.0,116.0,0.0,0.00687079,0,0.0,0.0,0.0,1.0,0.0,0.0,18.0,0.0,3.0,1.0,0.0,0.0,,46.4,0.0,0.0027483159999999998,0.0,0.005923094827586207,0.005923094827586207,0.0,0.0
30144,Jonny Evans,Defender,314.0,0.0,0.0,260.0,0.127,0.03282474,2,1.0,1.0,0.0,8.0,6.0,5.0,16.0,2.0,15.0,24.0,11.0,0.0,,74.52229299363057,0.03640127388535032,0.009408364968152866,0.048846153846153845,0.0126249,0.061471053846153846,0.7692307692307693,0.0
31417,Willian,Midfielder,261.0,0.0,0.0,233.0,0.2751,0.7095017100000001,7,0.0,1.0,7.0,4.0,2.0,1.0,14.0,0.0,1.0,6.0,13.0,1.0,,80.34482758620689,0.09486206896551726,0.24465576206896553,0.118068669527897,0.3045071716738198,0.42257584120171676,3.004291845493562,3.004291845493562
31867,Jason Steele,Goalkeeper,180.0,0.0,0.0,121.0,0.0,0.00046142,0,0.0,0.0,0.0,0.0,0.0,0.0,25.0,0.0,3.0,2.0,1.0,0.0,,60.50000000000001,0.0,0.00023071,0.0,0.00038133884297520657,0.00038133884297520657,0.0,0.0
33902,Danny Welbeck,Forward,2122.0,10.0,4.0,791.0,9.5684,1.38390883,60,24.0,13.0,23.0,26.0,16.0,5.0,46.0,4.0,14.0,79.0,102.0,28.0,,33.54853911404335,0.405822808671065,0.05869547346842601,1.2096586599241466,0.17495686852085968,1.3846155284450063,7.585335018963338,2.9077117572692797
39183,Joel Ward,Defender,85.0,0.0,0.0,32.0,0.0,0.00698663,0,0.0,0.0,1.0,2.0,0.0,0.0,7.0,0.0,3.0,3.0,5.0,0.0,,33.88235294117647,0.0,0.007397608235294117,0.0,0.021833218749999998,0.021833218749999998,0.0,3.125
42209,Martin Dúbravka,Goalkeeper,900.0,0.0,0.0,380.0,0.0,0.00406768,0,0.0,0.0,0.0,0.0,0.0,0.0,79.0,0.0,5.0,5.0,0.0,0.0,,38.0,0.0,0.00040676799999999995,0.0,0.0010704421052631578,0.0010704421052631578,0.0,0.0
43215,Nathaniel Clyne,Defender,504.0,0.0,0.0,276.0,0.0241,0.24815705999999998,2,0.0,0.0,3.0,12.0,8.0,3.0,10.0,2.0,13.0,15.0,17.0,2.0,,49.28571428571429,0.004303571428571428,0.044313760714285715,0.008731884057971014,0.08991197826086957,0.09864386231884056,0.7246376811594203,1.0869565217391304
43443,Aaron Cresswell,Defender,847.0,0.0,0.0,698.0,0.2337,1.9027002899999998,5,0.0,1.0,9.0,11.0,7.0,8.0,36.0,4.0,36.0,21.0,14.0,0.0,,74.1676505312869,0.024832349468713107,0.20217594580873668,0.033481375358166185,0.27259316475644696,0.3060745401146131,0.7163323782234957,1.2893982808022924
44566,Adam Smith,Defender,1604.0,0.0,0.0,856.0,0.6502,0.68278142,3,0.0,6.0,9.0,24.0,12.0,15.0,50.0,5.0,38.0,56.0,61.0,7.0,,48.02992518703242,0.03648254364089776,0.038310678179551125,0.07595794392523364,0.07976418457943925,0.15572212850467287,0.35046728971962615,1.0514018691588785
44614,Kyle Walker,Defender,973.0,0.0,0.0,909.0,0.1429,1.33998813,5,2.0,3.0,7.0,17.0,10.0,3.0,46.0,4.0,11.0,34.0,29.0,2.0,,84.08016443987667,0.013217882836587874,0.12394545909558068,0.01572057205720572,0.14741343564356435,0.16313400770077008,0.5500550055005501,0.77007700770077
45502,Alex McCarthy,Goalkeeper,450.0,0.0,0.0,192.0,0.0,0.00419102,0,0.0,0.0,0.0,0.0,0.0,0.0,44.0,0.0,3.0,3.0,0.0,0.0,,38.400000000000006,0.0,0.000838204,0.0,0.0021828229166666667,0.0021828229166666667,0.0,0.0
45853,İlkay Gündoğan,Midfielder,2242.0,1.0,6.0,1963.0,3.2338,4.43699308,27,7.0,17.0,44.0,25.0,13.0,13.0,116.0,0.0,22.0,83.0,81.0,25.0,,78.80017841213203,0.1298135593220339,0.17811301391614628,0.16473764645950079,0.22603123178807946,0.3907688782475802,1.3754457463066736,2.2414671421293937
47772,Michail Antonio,Forward,844.0,1.0,1.0,326.0,2.2199,0.92657163,19,4.0,9.0,9.0,2.0,2.0,0.0,22.0,0.0,2.0,35.0,64.0,19.0,,34.76303317535545,0.2367191943127962,0.09880503163507108,0.6809509202453987,0.2842244263803681,0.9651753466257669,5.828220858895705,2.7607361963190185
50027,Craig Dawson,Defender,987.0,0.0,0.0,679.0,0.4923,0.0929274,5,1.0,1.0,2.0,15.0,3.0,9.0,35.0,11.0,51.0,42.0,22.0,0.0,,61.91489361702128,0.04489057750759878,0.00847362310030395,0.07250368188512518,0.013685920471281294,0.08618960235640648,0.7363770250368188,0.29455081001472755
50480,Chris Wood,Forward,2976.0,20.0,3.0,827.0,13.3505,1.52078823,68,35.0,4.0,22.0,6.0,5.0,5.0,50.0,7.0,28.0,128.0,212.0,28.0,,25.010080645161292,0.40374495967741936,0.04599157953629032,1.6143288996372431,0.18389216807738815,1.7982210677146313,8.222490931076178,2.6602176541717046
69256,Kieran Trippier,Defender,1328.0,0.0,3.0,1427.0,0.1241,1.45487404,4,0.0,4.0,22.0,38.0,21.0,12.0,68.0,3.0,42.0,75.0,57.0,8.0,,96.70933734939759,0.00841039156626506,0.09859839126506025,0.008696566222845129,0.10195333146461108,0.11064989768745621,0.2803083391730904,1.5416958654519972
70996,Kevin De Bruyne,Midfielder,1715.0,4.0,7.0,1425.0,5.0655,6.73648193,57,18.0,13.0,58.0,17.0,9.0,7.0,64.0,0.0,8.0,53.0,95.0,28.0,,74.78134110787171,0.26582798833819243,0.3535180021574344,0.35547368421052633,0.4727355740350877,0.828209258245614,4.0,4.0701754385964914
76632,Séamus Coleman,Defender,224.0,0.0,0.0,127.0,0.5696,0.03043099,1,1.0,4.0,0.0,3.0,2.0,1.0,7.0,3.0,7.0,10.0,4.0,1.0,,51.026785714285715,0.22885714285714284,0.01222673705357143,0.448503937007874,0.0239614094488189,0.47246534645669297,0.7874015748031495,0.0
78152,Matz Sels,Goalkeeper,3420.0,0.0,0.0,1209.0,0.0,0.32373357999999997,0,0.0,0.0,2.0,1.0,1.0,0.0,204.0,0.0,54.0,26.0,3.0,0.0,,31.81578947368421,0.0,0.008519304736842105,0.0,0.026776971050454918,0.026776971050454918,0.0,0.1654259718775848
82566,Tom Cairney,Midfielder,633.0,2.0,0.0,713.0,0.7721,1.16187733,11,4.0,5.0,11.0,13.0,5.0,4.0,52.0,1.0,3.0,42.0,28.0,4.0,,101.37440758293839,0.10977725118483411,0.16519582890995263,0.108288920056101,0.16295614726507715,0.27124506732117815,1.5427769985974753,1.5427769985974753
84844,Neto,Goalkeeper,180.0,0.0,0.0,80.0,0.0,0.00322549,0,0.0,0.0,0.0,0.0,0.0,0.0,15.0,0.0,3.0,2.0,0.0,0.0,,40.0,0.0,0.0016127450000000003,0.0,0.0040318624999999995,0.0040318624999999995,0.0,0.0
94758,Ben Davies,Defender,1330.0,0.0,0.0,1197.0,0.2826,0.49591721,5,1.0,1.0,2.0,17.0,11.0,12.0,41.0,19.0,79.0,77.0,69.0,0.0,,81.0,0.019123308270676695,0.03355830744360902,0.02360902255639098,0.041430009189640765,0.06503903174603173,0.4177109440267335,0.1670843776106934
96531,Alphonse Aréola,Goalkeeper,2259.0,0.0,0.0,1116.0,0.0,0.02706606,0,0.0,0.0,0.0,2.0,2.0,0.0,178.0,0.0,25.0,4.0,1.0,0.0,,44.462151394422314,0.0,0.0010783290836653386,0.0,0.002425274193548387,0.002425274193548387,0.0,0.0
96535,Abdoulaye Doucouré,Midfielder,2585.0,3.0,2.0,1231.0,4.1411,1.39953412,31,10.0,24.0,28.0,48.0,28.0,10.0,150.0,6.0,19.0,107.0,178.0,38.0,,42.85880077369439,0.14417756286266925,0.04872652642166344,0.3364012997562957,0.11369083021933388,0.4500921299756296,2.518277822908205,2.274573517465475
96538,Lucas Digne,Defender,2358.0,0.0,4.0,1586.0,0.8020999999999999,4.01280731,13,3.0,9.0,36.0,65.0,38.0,25.0,104.0,4.0,84.0,127.0,95.0,16.0,,60.534351145038165,0.03061450381679389,0.15316058435114505,0.05057377049180327,0.25301433228247167,0.30358810277427495,0.819672131147541,2.269861286254729
98427,Sam Johnstone,Goalkeeper,630.0,0.0,0.0,318.0,0.0,0.010234440000000001,0,0.0,0.0,1.0,0.0,0.0,0.0,54.0,0.0,9.0,4.0,1.0,0.0,,45.42857142857143,0.0,0.0014620628571428572,0.0,0.003218377358490566,0.003218377358490566,0.0,0.3144654088050315
98435,Ross Barkley,Midfielder,615.0,3.0,1.0,493.0,1.7632,0.43284296,16,6.0,12.0,9.0,14.0,3.0,10.0,43.0,3.0,5.0,35.0,29.0,8.0,,72.14634146341463,0.2580292682926829,0.06334287219512195,0.35764705882352943,0.08779776064908722,0.44544481947261666,3.2454361054766734,1.8255578093306288
98449,Conor Coady,Defender,1732.0,1.0,0.0,1226.0,0.4251,0.51560471,2,2.0,1.0,1.0,13.0,9.0,13.0,62.0,24.0,71.0,29.0,36.0,3.0,,63.70669745958429,0.022089491916859123,0.02679239255196305,0.03467373572593801,0.04205584910277324,0.07672958482871126,0.1631321370309951,0.08156606851549755
99090,Dan Burn,Defender,3330.0,1.0,1.0,2421.0,1.9588,1.08729631,23,7.0,3.0,9.0,39.0,24.0,27.0,103.0,26.0,194.0,200.0,128.0,3.0,,65.43243243243244,0.052940540540540544,0.029386386756756755,0.08090871540685667,0.044911041305245765,0.12581975671210247,0.950020652622883,0.37174721189591076
101367,Daniel Bentley,Goalkeeper,180.0,0.0,0.0,76.0,0.0,0.00249467,0,0.0,0.0,0.0,0.0,0.0,0.0,13.0,0.0,3.0,2.0,0.0,0.0,,38.0,0.0,0.001247335,0.0,0.0032824605263157896,0.0032824605263157896,0.0,0.0
101882,Fabian Schär,Defender,2937.0,4.0,0.0,2360.0,3.7954,1.02921278,40,11.0,8.0,5.0,36.0,21.0,45.0,134.0,25.0,133.0,115.0,136.0,6.0,,72.31869254341164,0.1163043922369765,0.03153869601634321,0.1608220338983051,0.043610711016949154,0.20443274491525423,1.694915254237288,0.211864406779661
103045,Jordan Ayew,Forward,1701.0,5.0,0.0,937.0,3.6822999999999997,1.48126352,33,10.0,26.0,17.0,28.0,15.0,12.0,94.0,2.0,18.0,151.0,201.0,41.0,,49.57671957671957,0.19483068783068783,0.07837373121693121,0.39298826040554957,0.15808575453575238,0.5510740149413019,3.5218783351120595,1.814300960512273
103335,Bernd Leno,Goalkeeper,3420.0,0.0,1.0,1586.0,0.0,0.06556254,0,0.0,0.0,2.0,2.0,2.0,0.0,297.0,0.0,32.0,15.0,1.0,0.0,,41.73684210526316,0.0,0.0017253300000000002,0.0,0.004133829760403531,0.004133829760403531,0.0,0.12610340479192939
105734,Christian Eriksen,Midfielder,1092.0,1.0,2.0,865.0,1.3649,2.60709406,15,2.0,0.0,31.0,19.0,9.0,7.0,62.0,5.0,8.0,24.0,39.0,5.0,,71.29120879120879,0.11249175824175825,0.21487038956043958,0.15779190751445088,0.3013981572254335,0.4591900647398844,1.7341040462427744,3.5838150289017343
106337,Idrissa Gana Gueye,Midfielder,3072.0,0.0,3.0,1930.0,1.0636,1.96755789,27,5.0,18.0,19.0,133.0,80.0,48.0,194.0,9.0,34.0,221.0,168.0,38.0,,56.54296875,0.03116015625,0.057643297558593744,0.05510880829015545,0.10194600466321244,0.1570548129533679,1.3989637305699483,0.9844559585492229
108515,Sam Morsy,Midfielder,2753.0,1.0,1.0,1764.0,0.4371,1.48937025,13,3.0,17.0,24.0,68.0,41.0,29.0,157.0,13.0,44.0,130.0,126.0,13.0,,57.667998547039595,0.01428950236106066,0.04868991009807482,0.02477891156462585,0.0844314200680272,0.10921033163265306,0.7369614512471655,1.3605442176870748
110846,Michael Keane,Defender,1046.0,3.0,0.0,518.0,0.618,0.03709851,10,4.0,0.0,2.0,12.0,9.0,16.0,26.0,10.0,65.0,38.0,38.0,2.0,,44.5697896749522,0.05317399617590822,0.0031920324091778206,0.1193050193050193,0.007161874517374519,0.12646689382239382,1.9305019305019304,0.3861003861003861
111505,Son Heung-min,Forward,2116.0,7.0,9.0,1217.0,7.3528,5.13134203,57,26.0,29.0,50.0,17.0,9.0,5.0,85.0,0.0,16.0,80.0,113.0,32.0,,51.762759924385634,0.3127372400756144,0.21825178766540643,0.6041741988496303,0.421638622021364,1.0258128208709945,4.683648315529991,4.108463434675431
113956,Callum Wilson,Forward,368.0,0.0,0.0,109.0,0.3768,0.08958728,6,1.0,1.0,3.0,2.0,2.0,1.0,11.0,0.0,1.0,6.0,38.0,12.0,,26.657608695652172,0.09215217391304348,0.021909932608695653,0.3456880733944954,0.08219016513761468,0.42787823853211016,5.5045871559633035,2.7522935779816518
115365,Lewis Dunk,Defender,2083.0,0.0,0.0,2151.0,0.8107,1.03846035,12,3.0,0.0,6.0,17.0,10.0,13.0,104.0,18.0,78.0,79.0,50.0,3.0,,92.9380700912146,0.03502784445511282,0.04486866610657705,0.03768944676894467,0.04827802649930265,0.08596747326824733,0.5578800557880056,0.2789400278940028
120538,Jannik Vestergaard,Defender,1395.0,0.0,0.0,1114.0,0.0984,0.1054837,3,2.0,4.0,3.0,22.0,10.0,16.0,46.0,14.0,74.0,56.0,37.0,0.0,,71.87096774193549,0.006348387096774194,0.0068054,0.008833034111310593,0.009468913824057451,0.018301947935368042,0.26929982046678635,0.26929982046678635
122951,Casemiro,Midfielder,1513.0,1.0,0.0,1298.0,1.8293,2.00181412,32,10.0,3.0,22.0,83.0,50.0,14.0,103.0,10.0,48.0,141.0,81.0,10.0,,77.21083939193655,0.10881493721083937,0.11907684785194977,0.1409322033898305,0.15422296764252696,0.2951551710323575,2.465331278890601,1.694915254237288
125274,Stefan Ortega,Goalkeeper,1099.0,0.0,0.0,516.0,0.0,0.00626953,0,0.0,0.0,0.0,0.0,0.0,0.0,75.0,0.0,14.0,4.0,2.0,0.0,,42.25659690627843,0.0,0.0005134282984531392,0.0,0.0012150251937984497,0.0012150251937984497,0.0,0.0
130181,Danny Ings,Forward,292.0,1.0,2.0,151.0,2.2714,0.0764051,14,5.0,4.0,6.0,4.0,2.0,1.0,9.0,0.0,4.0,18.0,20.0,6.0,,46.54109589041096,0.7000890410958903,0.023549517123287674,1.5042384105960265,0.05059940397350994,1.5548378145695363,9.271523178807946,3.9735099337748347
132645,Niclas Füllkrug,Forward,788.0,3.0,2.0,293.0,2.1693,0.42274634,16,7.0,1.0,14.0,4.0,3.0,1.0,18.0,0.0,16.0,50.0,87.0,7.0,,33.46446700507614,0.2477626903553299,0.0482832114213198,0.7403754266211603,0.14428202730375428,0.8846574539249145,5.460750853242321,4.778156996587031
132874,Jorginho,Midfielder,709.0,0.0,0.0,550.0,0.058499999999999996,0.58723478,2,0.0,1.0,3.0,12.0,4.0,7.0,55.0,0.0,2.0,31.0,43.0,9.0,,69.81664315937941,0.007425952045133991,0.07454320197461212,0.010636363636363637,0.10676995999999998,0.11740632363636362,0.36363636363636365,0.5454545454545455
134361,Jack Stephens,Defender,1394.0,1.0,0.0,1115.0,0.5660000000000001,0.27997597,4,2.0,0.0,3.0,34.0,20.0,13.0,44.0,13.0,49.0,44.0,43.0,3.0,,71.987087517934,0.03654232424677188,0.018075923457675756,0.05076233183856503,0.025109952466367717,0.07587228430493274,0.35874439461883406,0.26905829596412556
135256,Christian Nørgaard,Midfielder,2829.0,5.0,4.0,1883.0,4.364,1.36917316,39,16.0,7.0,18.0,79.0,49.0,49.0,193.0,20.0,64.0,163.0,132.0,20.0,,59.90455991516437,0.13883351007423117,0.0435580008483563,0.23175783324482208,0.07271232926181624,0.30447016250663833,2.0711630377057886,0.9559214020180564
135666,Leandro Trossard,Forward,2558.0,8.0,7.0,1410.0,7.2121,4.10994554,72,22.0,38.0,41.0,31.0,20.0,9.0,104.0,0.0,14.0,121.0,160.0,52.0,,49.60906958561376,0.25374863174354967,0.1446032441751368,0.5114964539007092,0.2914854992907801,0.8029819531914895,5.106382978723404,2.9078014184397163
136710,Mateo Kovačić,Midfielder,2207.0,6.0,2.0,2206.0,1.8838,3.23075496,45,12.0,22.0,33.0,69.0,38.0,24.0,114.0,0.0,21.0,127.0,106.0,29.0,,89.95922066153149,0.0768201178069778,0.1317480500226552,0.08539437896645512,0.14645308068902993,0.23184745965548503,2.0398912058023573,1.4959202175883952
137774,Ben Mee,Defender,209.0,0.0,0.0,139.0,0.0,0.02637511,0,0.0,0.0,0.0,2.0,2.0,4.0,11.0,3.0,7.0,7.0,10.0,0.0,,59.856459330143544,0.0,0.011357702870813396,0.0,0.01897489928057554,0.01897489928057554,0.0,0.0
138024,Vladimír Coufal,Defender,1074.0,0.0,0.0,769.0,0.30179999999999996,0.99594145,7,2.0,5.0,8.0,22.0,15.0,8.0,39.0,11.0,36.0,66.0,65.0,8.0,,64.44134078212291,0.025290502793296084,0.08345878072625698,0.03924577373211963,0.12951124187256177,0.1687570156046814,0.9102730819245773,1.0403120936280885
138261,Ryan Fraser,Midfielder,312.0,0.0,0.0,139.0,0.0275,0.10961201,1,1.0,2.0,2.0,6.0,2.0,1.0,10.0,1.0,8.0,14.0,9.0,2.0,,40.09615384615385,0.007932692307692309,0.03161884903846154,0.019784172661870505,0.07885756115107914,0.09864173381294965,0.7194244604316548,1.4388489208633095
138530,Jordan Pickford,Goalkeeper,3420.0,0.0,1.0,1822.0,0.0,0.21893229,0,0.0,0.0,2.0,1.0,0.0,1.0,337.0,0.0,52.0,13.0,2.0,0.0,,47.94736842105263,0.0,0.005761376052631579,0.0,0.012016042261251372,0.012016042261251372,0.0,0.10976948408342481
138534,Raheem Sterling,Forward,509.0,0.0,2.0,300.0,1.4256,0.48557573,11,0.0,10.0,8.0,9.0,4.0,1.0,16.0,0.0,3.0,28.0,43.0,14.0,,53.04518664047151,0.2520707269155206,0.08585818408644401,0.4752,0.16185857666666667,0.6370585766666667,3.6666666666666665,2.666666666666667
138573,Pablo Sarabia,Midfielder,819.0,3.0,2.0,588.0,2.8753,1.89076123,17,8.0,6.0,15.0,16.0,8.0,4.0,34.0,0.0,7.0,42.0,57.0,14.0,,64.61538461538461,0.315967032967033,0.20777595934065934,0.4889965986394558,0.3215580323129252,0.8105546309523809,2.891156462585034,2.5510204081632653
139310,Willy Boly,Defender,146.0,0.0,0.0,98.0,0.0721,0.00445989,1,1.0,0.0,0.0,6.0,1.0,3.0,5.0,2.0,12.0,12.0,3.0,0.0,,60.41095890410959,0.044445205479452056,0.0027492472602739727,0.07357142857142857,0.004550908163265307,0.07812233673469388,1.0204081632653061,0.0
143040,Wataru Endo,Midfielder,300.0,0.0,0.0,253.0,0.0,0.10177494,0,0.0,2.0,2.0,12.0,8.0,6.0,14.0,1.0,8.0,24.0,26.0,3.0,,75.9,0.0,0.030532481999999996,0.0,0.0402272490118577,0.0402272490118577,0.0,0.7905138339920948
143047,Matt Doherty,Defender,2121.0,2.0,1.0,1578.0,1.0375,1.22332554,10,3.0,11.0,12.0,38.0,21.0,22.0,106.0,15.0,95.0,116.0,58.0,5.0,,66.95898161244696,0.044024045261669024,0.05190914596888261,0.06574778200253485,0.07752379847908746,0.1432715804816223,0.6337135614702154,0.7604562737642585
143334,Victor Lindelöf,Defender,725.0,0.0,0.0,454.0,0.0,0.09702712,0,0.0,0.0,3.0,7.0,2.0,8.0,29.0,4.0,36.0,25.0,25.0,1.0,,56.35862068965517,0.0,0.012044745931034483,0.0,0.02137161233480176,0.02137161233480176,0.0,0.6607929515418502
145188,James Tarkowski,Defender,2924.0,1.0,1.0,1771.0,1.3149,2.35071364,15,4.0,5.0,16.0,64.0,40.0,41.0,98.0,42.0,209.0,199.0,92.0,7.0,,54.5109439124487,0.040472298221614224,0.07235438700410397,0.07424618859401468,0.13273368944099379,0.20697987803500847,0.846979107848673,0.9034443817052512
148710,Jeffrey Schlupp,Midfielder,118.0,0.0,0.0,80.0,0.1587,0.14537026,4,2.0,1.0,3.0,2.0,0.0,0.0,6.0,0.0,1.0,6.0,8.0,0.0,,61.01694915254237,0.12104237288135594,0.11087562203389831,0.19837500000000002,0.181712825,0.38008782500000005,5.0,3.75
149380,Harry Maguire,Defender,1764.0,1.0,0.0,1356.0,1.8213,0.29025166,15,7.0,2.0,9.0,30.0,15.0,40.0,68.0,12.0,77.0,107.0,53.0,2.0,,69.18367346938776,0.0929234693877551,0.014808758163265306,0.13431415929203538,0.021404989675516226,0.15571914896755162,1.1061946902654867,0.6637168141592921
149663,Nathan Aké,Defender,688.0,0.0,0.0,602.0,0.2244,0.17301244,3,0.0,1.0,1.0,9.0,7.0,3.0,24.0,2.0,22.0,23.0,17.0,3.0,,78.75,0.029354651162790697,0.022632441279069767,0.037275747508305646,0.028739607973421927,0.06601535548172757,0.4983388704318937,0.16611295681063123
150396,Emil Krafth,Defender,349.0,0.0,0.0,205.0,0.0285,0.034808189999999996,1,0.0,0.0,1.0,4.0,2.0,2.0,19.0,4.0,16.0,14.0,17.0,2.0,,52.865329512893986,0.0073495702005730666,0.008976324068767907,0.013902439024390244,0.01697960487804878,0.030882043902439028,0.4878048780487805,0.4878048780487805
151499,Bobby De Cordova-Reid,Midfielder,788.0,1.0,2.0,289.0,0.7918999999999999,0.15972239,7,3.0,0.0,6.0,9.0,4.0,0.0,29.0,1.0,10.0,24.0,51.0,10.0,,33.00761421319797,0.0904454314720812,0.018242404949238577,0.2740138408304498,0.055267262975778546,0.3292811038062283,2.422145328719723,2.0761245674740483
151545,Virgil van Dijk,Defender,3330.0,3.0,1.0,3346.0,2.2383,0.97579834,27,8.0,3.0,12.0,38.0,20.0,56.0,115.0,16.0,190.0,173.0,79.0,5.0,,90.43243243243244,0.060494594594594595,0.026372928108108106,0.06689479976090855,0.0291631303048416,0.09605793006575016,0.8069336521219366,0.35863717872086076
152077,John Stones,Defender,545.0,2.0,0.0,448.0,0.432,0.17542528000000002,2,2.0,2.0,2.0,6.0,2.0,4.0,22.0,3.0,18.0,18.0,8.0,0.0,,73.9816513761468,0.0713394495412844,0.028969312293577985,0.09642857142857143,0.03915742857142857,0.13558599999999998,0.4464285714285714,0.4464285714285714
155997,Emerson,Defender,2133.0,2.0,1.0,1376.0,1.9532,2.17624862,16,7.0,10.0,16.0,60.0,31.0,21.0,84.0,8.0,56.0,101.0,90.0,7.0,,58.05907172995781,0.08241350210970465,0.09182483628691983,0.14194767441860465,0.1581576031976744,0.30010527761627903,1.1627906976744187,1.1627906976744187
158263,Emiliano Martínez,Goalkeeper,3196.0,0.0,0.0,1583.0,0.0,0.06316015,0,0.0,1.0,2.0,3.0,3.0,0.0,298.0,0.0,20.0,20.0,2.0,0.0,,44.577596996245305,0.0,0.0017786024718397997,0.0,0.0039899020846493995,0.0039899020846493995,0.0,0.12634238787113075
159665,Mohamed Salah,Midfielder,3377.0,29.0,18.0,1864.0,25.3674,9.0576096,130,61.0,58.0,91.0,21.0,11.0,9.0,101.0,0.0,5.0,127.0,185.0,67.0,,49.67722830915013,0.6760633698549008,0.24139320817293455,1.360912017167382,0.4859232618025751,1.846835278969957,6.974248927038626,4.881974248927039
161717,James Ward-Prowse,Midfielder,1454.0,1.0,2.0,1088.0,1.7011,2.59273897,15,6.0,2.0,25.0,24.0,15.0,13.0,71.0,5.0,19.0,45.0,49.0,9.0,,67.34525447042641,0.10529504814305365,0.1604859059834938,0.1563511029411765,0.23830321415441177,0.39465431709558824,1.3786764705882353,2.297794117647059
162653,Nick Pope,Goalkeeper,2520.0,0.0,0.0,975.0,0.0,0.01007414,0,0.0,0.0,1.0,0.0,0.0,1.0,241.0,0.0,53.0,16.0,4.0,1.0,,34.82142857142857,0.0,0.0003597907142857143,0.0,0.0010332451282051283,0.0010332451282051283,0.0,0.10256410256410256
166381,Charlie Taylor,Defender,362.0,0.0,0.0,285.0,0.0,0.15213042,0,0.0,2.0,1.0,7.0,5.0,5.0,10.0,5.0,30.0,18.0,7.0,1.0,,70.85635359116023,0.0,0.037822480110497235,0.0,0.0533790947368421,0.0533790947368421,0.0,0.3508771929824561
171919,Mark Flekken,Goalkeeper,3276.0,0.0,2.0,1986.0,0.0,0.14824331,0,0.0,1.0,3.0,4.0,4.0,0.0,317.0,0.0,46.0,12.0,6.0,0.0,,54.560439560439555,0.0,0.004072618406593406,0.0,0.00746441641490433,0.00746441641490433,0.0,0.1510574018126888
173827,Jamie Vardy,Forward,2839.0,9.0,4.0,631.0,11.215,2.5706625499999998,58,26.0,11.0,19.0,19.0,13.0,5.0,39.0,4.0,24.0,103.0,112.0,14.0,,20.003522367030644,0.35553011623811204,0.08149335311729482,1.7773375594294771,0.40739501584786053,2.1847325752773377,9.19175911251981,3.011093502377179
189061,Jack Grealish,Midfielder,735.0,1.0,1.0,570.0,1.1280000000000001,1.68732052,15,5.0,13.0,24.0,9.0,5.0,2.0,26.0,2.0,5.0,48.0,39.0,16.0,,69.79591836734694,0.13812244897959183,0.20661067591836735,0.1978947368421053,0.29602114385964917,0.4939158807017544,2.631578947368421,4.2105263157894735
190839,Luke Shaw,Defender,348.0,0.0,0.0,321.0,0.0345,0.76920822,1,0.0,0.0,6.0,4.0,3.0,2.0,9.0,1.0,7.0,8.0,6.0,0.0,,83.01724137931035,0.00892241379310345,0.19893316034482758,0.01074766355140187,0.23962872897196263,0.25037639252336447,0.3115264797507788,1.8691588785046727
190877,Kenny Tete,Defender,1779.0,0.0,2.0,1260.0,1.3627,0.66859141,24,2.0,9.0,9.0,56.0,38.0,32.0,74.0,12.0,62.0,105.0,86.0,10.0,,63.74367622259697,0.06893929173693086,0.03382418600337268,0.10815079365079365,0.05306281031746032,0.16121360396825396,1.9047619047619049,0.7142857142857143
192442,Raúl Jiménez,Forward,2505.0,12.0,3.0,1111.0,11.9877,2.08272693,96,33.0,21.0,24.0,35.0,24.0,10.0,80.0,5.0,23.0,188.0,223.0,45.0,,39.91616766467066,0.4306958083832335,0.07482851245508983,1.0790009000900092,0.18746417011701172,1.2664650702070208,8.64086408640864,2.16021602160216
193554,Will Hughes,Midfielder,2118.0,0.0,3.0,1278.0,1.0842,2.6446554200000003,22,1.0,5.0,33.0,66.0,36.0,22.0,121.0,14.0,26.0,121.0,153.0,30.0,,54.30594900849858,0.046070821529745044,0.11237912549575073,0.08483568075117372,0.2069370438184664,0.2917727245696401,1.7214397496087637,2.5821596244131455
197428,Danny Ward,Goalkeeper,135.0,0.0,0.0,59.0,0.0,0.00205435,0,0.0,0.0,0.0,0.0,0.0,0.0,11.0,0.0,1.0,0.0,1.0,0.0,,39.333333333333336,0.0,0.0013695666666666665,0.0,0.003481949152542373,0.003481949152542373,0.0,0.0
197982,Conor Townsend,Defender,342.0,0.0,1.0,180.0,0.0266,0.24071994000000002,1,0.0,0.0,4.0,11.0,8.0,4.0,8.0,6.0,14.0,21.0,11.0,2.0,,47.368421052631575,0.006999999999999999,0.06334735263157895,0.014777777777777777,0.1337333,0.1485110777777778,0.5555555555555556,2.2222222222222223
198038,Christian Walton,Goalkeeper,630.0,0.0,0.0,296.0,0.0,0.0074922700000000005,0,0.0,0.0,1.0,0.0,0.0,0.0,62.0,0.0,4.0,3.0,1.0,0.0,,42.285714285714285,0.0,0.0010703242857142859,0.0,0.0025311722972972974,0.0025311722972972974,0.0,0.33783783783783783
204300,Massimo Luongo,Midfielder,218.0,0.0,0.0,93.0,0.0,0.01571695,0,0.0,0.0,0.0,9.0,6.0,2.0,10.0,2.0,2.0,13.0,7.0,3.0,,38.39449541284404,0.0,0.006488649082568808,0.0,0.01689994623655914,0.01689994623655914,0.0,0.0
216308,Adam Webster,Defender,888.0,0.0,0.0,840.0,0.24680000000000002,0.26515323,5,1.0,1.0,3.0,10.0,6.0,20.0,35.0,9.0,40.0,37.0,24.0,1.0,,85.13513513513513,0.025013513513513514,0.02687363817567568,0.029380952380952383,0.031565860714285715,0.060946813095238105,0.5952380952380952,0.35714285714285715
219572,Joël Veltman,Defender,1699.0,0.0,0.0,1192.0,0.46749999999999997,1.32635294,6,1.0,4.0,6.0,43.0,29.0,19.0,68.0,7.0,62.0,112.0,73.0,7.0,,63.143025309005296,0.02476456739258387,0.07026001447910536,0.039219798657718116,0.11127121979865773,0.15049101845637586,0.5033557046979865,0.5033557046979865
221200,Ricardo Pereira,Defender,392.0,0.0,0.0,317.0,0.0914,0.08285413999999999,2,1.0,6.0,0.0,13.0,8.0,4.0,19.0,3.0,11.0,31.0,18.0,1.0,,72.78061224489795,0.02098469387755102,0.01902263418367347,0.02883280757097792,0.026136952681388013,0.05496976025236593,0.6309148264984227,0.0
232306,Timo Werner,Forward,508.0,0.0,3.0,326.0,0.9763,1.51593354,8,3.0,10.0,10.0,6.0,4.0,1.0,18.0,1.0,6.0,21.0,28.0,6.0,,57.75590551181102,0.17296653543307086,0.2685709027559055,0.29947852760736193,0.4650102883435583,0.7644888159509202,2.4539877300613497,3.067484662576687
232422,Kepa Arrizabalaga,Goalkeeper,2790.0,0.0,0.0,1197.0,0.061,0.046255120000000004,1,0.0,1.0,1.0,1.0,0.0,0.0,250.0,0.0,36.0,15.0,5.0,0.0,,38.61290322580645,0.0019677419354838708,0.0014921006451612904,0.005096073517126149,0.0038642539682539685,0.008960327485380119,0.0835421888053467,0.0835421888053467
243609,Alisson,Goalkeeper,2509.0,0.0,0.0,1095.0,0.0,0.22070271,0,0.0,1.0,1.0,1.0,0.0,0.0,219.0,0.0,31.0,11.0,1.0,0.0,,39.278597050617776,0.0,0.007916797090474293,0.0,0.02015549863013699,0.02015549863013699,0.0,0.091324200913242
250223,John McGinn,Midfielder,2247.0,1.0,4.0,1187.0,3.1282,2.7075701199999997,31,5.0,20.0,32.0,33.0,24.0,14.0,100.0,2.0,14.0,139.0,114.0,29.0,,47.54339118825101,0.12529506008010682,0.10844740133511348,0.26353833192923337,0.22810194776748102,0.49164027969671437,2.611625947767481,2.695871946082561
252669,José Sá,Goalkeeper,2609.0,0.0,0.0,1085.0,0.0,0.03763475,0,0.0,8.0,3.0,2.0,2.0,0.0,234.0,0.0,25.0,30.0,5.0,0.0,,37.42813338443848,0.0,0.0012982474128018398,0.0,0.0034686405529953915,0.0034686405529953915,0.0,0.2764976958525346
252821,Nélson Semedo,Defender,2891.0,0.0,4.0,1817.0,1.08,1.70853093,18,7.0,32.0,25.0,62.0,36.0,23.0,139.0,10.0,84.0,152.0,165.0,21.0,,56.56520235212729,0.03362158422691111,0.05318844126599793,0.05943863511282334,0.09403032085855806,0.15346895597138144,0.9906439185470555,1.3758943313153549
254491,Ederson,Goalkeeper,2321.0,0.0,4.0,1017.0,0.0,0.18617078,0,0.0,0.0,4.0,0.0,0.0,1.0,164.0,0.0,16.0,5.0,4.0,0.0,,39.43558810857389,0.0,0.007219030676432572,0.0,0.01830587807276303,0.01830587807276303,0.0,0.39331366764995085
262911,Andy Robertson,Defender,2492.0,0.0,1.0,2129.0,1.1736,4.25787337,15,3.0,7.0,40.0,39.0,22.0,21.0,105.0,4.0,42.0,61.0,67.0,13.0,,76.8900481540931,0.042385232744783306,0.15377552299357947,0.05512447158290277,0.19999405213715363,0.2551185237200564,0.7045561296383279,1.8788163457022076
280439,Maxwel Cornet,Forward,71.0,0.0,0.0,36.0,0.1608,0.00425384,1,0.0,0.0,0.0,5.0,5.0,0.0,2.0,0.0,2.0,9.0,5.0,0.0,,45.63380281690141,0.20383098591549298,0.005392191549295775,0.44666666666666666,0.011816222222222223,0.4584828888888889,2.7777777777777777,0.0
280979,Gonçalo Guedes,Midfielder,1011.0,2.0,4.0,525.0,3.2037,0.93405508,27,8.0,9.0,14.0,16.0,5.0,5.0,36.0,0.0,3.0,47.0,72.0,18.0,,46.73590504451039,0.28519584569732936,0.08315030385756676,0.6102285714285715,0.17791525333333336,0.7881438247619048,5.142857142857142,2.666666666666667
285949,Andreas Pereira,Midfielder,2022.0,2.0,4.0,1205.0,3.806,4.60586425,39,9.0,14.0,57.0,24.0,13.0,8.0,100.0,2.0,16.0,75.0,113.0,22.0,,53.63501483679525,0.16940652818991098,0.20500879451038576,0.315850622406639,0.38222939834024894,0.698080020746888,3.2365145228215773,4.730290456431535
286085,Jan Bednarek,Defender,2535.0,2.0,0.0,2090.0,0.6519,0.8540326899999999,5,3.0,3.0,5.0,36.0,19.0,56.0,106.0,36.0,189.0,123.0,85.0,3.0,,74.20118343195266,0.023144378698224857,0.03032068721893491,0.031191387559808614,0.040862808133971286,0.0720541956937799,0.23923444976076555,0.23923444976076555
286165,Adama Traoré,Forward,1794.0,2.0,7.0,888.0,4.0026,4.52991046,39,12.0,48.0,42.0,20.0,13.0,1.0,87.0,0.0,4.0,125.0,119.0,25.0,,44.54849498327759,0.20079933110367895,0.2272530331103679,0.4507432432432432,0.5101250518018018,0.9608682950450451,4.391891891891892,4.72972972972973
287643,Oleksandr Zinchenko,Defender,542.0,0.0,1.0,511.0,0.6503,0.52226599,10,0.0,3.0,3.0,6.0,1.0,5.0,19.0,1.0,9.0,24.0,29.0,4.0,,84.85239852398524,0.10798339483394834,0.0867231348708487,0.12726027397260276,0.10220469471624266,0.2294649686888454,1.9569471624266144,0.5870841487279843
288205,Bruno Fernandes,Midfielder,3024.0,8.0,10.0,2781.0,9.9512,7.9769084999999995,96,29.0,28.0,91.0,84.0,50.0,26.0,213.0,6.0,30.0,174.0,185.0,43.0,,82.76785714285714,0.2961666666666667,0.23740799107142857,0.35782811938151743,0.28683597626752966,0.6446640956490471,3.4519956850053934,3.272204243078029
294593,Álex Moreno,Defender,966.0,0.0,1.0,587.0,0.1643,1.12272534,6,0.0,8.0,8.0,25.0,18.0,15.0,50.0,5.0,38.0,42.0,61.0,6.0,,54.68944099378882,0.015307453416149069,0.10460173975155279,0.027989778534923338,0.1912649642248722,0.21925474275979556,1.0221465076660987,1.362862010221465
295123,Paul Onuachu,Forward,1067.0,4.0,1.0,494.0,3.6151,0.27864746,34,15.0,8.0,8.0,7.0,2.0,1.0,19.0,2.0,16.0,124.0,141.0,36.0,,41.66822867853796,0.30492877225866916,0.023503534582942832,0.7318016194331983,0.05640636842105263,0.788207987854251,6.882591093117409,1.6194331983805668
301288,Solly March,Midfielder,168.0,0.0,0.0,126.0,0.08549999999999999,0.3119143,2,0.0,1.0,3.0,6.0,3.0,2.0,7.0,0.0,1.0,10.0,11.0,1.0,,67.5,0.04580357142857143,0.16709694642857142,0.06785714285714285,0.24755103174603174,0.3154081746031746,1.5873015873015872,2.380952380952381
303638,Tyrone Mings,Defender,1121.0,0.0,0.0,809.0,0.8227,0.24776834,9,1.0,2.0,3.0,7.0,6.0,7.0,38.0,11.0,59.0,47.0,27.0,1.0,,64.95093666369313,0.06605084745762711,0.019892195004460305,0.10169344870210136,0.030626494437577256,0.1323199431396786,1.1124845488257107,0.3708281829419036
305302,Wes Burns,Midfielder,933.0,0.0,1.0,394.0,0.5075,1.171818,7,1.0,9.0,10.0,13.0,11.0,10.0,50.0,2.0,12.0,41.0,57.0,13.0,,38.00643086816721,0.04895498392282958,0.11303710610932476,0.12880710659898476,0.29741573604060917,0.4262228426395938,1.7766497461928936,2.5380710659898478
307284,Mario Lemina,Midfielder,1363.0,1.0,3.0,854.0,1.4043999999999999,1.15180118,18,5.0,10.0,10.0,51.0,31.0,27.0,73.0,7.0,49.0,94.0,57.0,11.0,,56.3903154805576,0.09273367571533381,0.07605436991929568,0.16444964871194379,0.1348713325526932,0.299320981264637,2.107728337236534,1.1709601873536302
308764,Daniel Podence,Midfielder,46.0,0.0,0.0,24.0,0.0378,0.011699929999999999,1,0.0,2.0,0.0,0.0,0.0,0.0,1.0,0.0,0.0,4.0,2.0,0.0,,46.95652173913043,0.07395652173913043,0.022891167391304344,0.1575,0.04874970833333333,0.20624970833333334,4.166666666666666,0.0
316148,Thomas Partey,Midfielder,2809.0,4.0,2.0,2289.0,2.2915,2.61882035,26,9.0,24.0,20.0,89.0,53.0,35.0,138.0,9.0,44.0,172.0,128.0,17.0,,73.33926664293342,0.07341936632253472,0.08390666838732645,0.10010921799912627,0.11440892747924859,0.21451814547837483,1.1358671909130624,0.873743993010048
318927,Joe Gomez,Defender,526.0,0.0,0.0,491.0,0.3281,0.09767093,3,2.0,0.0,2.0,13.0,10.0,7.0,34.0,6.0,19.0,25.0,13.0,2.0,,84.01140684410647,0.05613878326996198,0.016711756083650192,0.06682281059063136,0.019892246435845213,0.08671505702647658,0.6109979633401221,0.40733197556008144
318941,Rúben Dias,Defender,2273.0,0.0,0.0,2514.0,1.4992,1.19205217,21,7.0,2.0,5.0,17.0,11.0,20.0,78.0,20.0,70.0,64.0,54.0,1.0,,99.54245490541135,0.05936119665640124,0.04719960197976243,0.0596340493237868,0.04741655409705648,0.10705060342084328,0.8353221957040573,0.1988862370723946
322391,Ryan Christie,Midfielder,2131.0,2.0,3.0,1471.0,2.1248,2.98981708,33,12.0,23.0,41.0,54.0,33.0,30.0,182.0,11.0,49.0,128.0,154.0,25.0,,62.12576255279212,0.08973815110276866,0.1262710169873299,0.14444595513256286,0.20325065125764785,0.34769660639021077,2.2433718558803535,2.7872195785180147
328701,Ryan Manning,Midfielder,1498.0,0.0,1.0,1027.0,0.3454,2.79878591,8,1.0,11.0,34.0,28.0,17.0,17.0,65.0,11.0,40.0,86.0,56.0,5.0,,61.7022696929239,0.02075166889185581,0.16815135640854473,0.03363193768257059,0.2725205365141188,0.3061524741966894,0.7789678675754625,3.3106134371957157
329417,Timothy Castagne,Defender,1651.0,0.0,1.0,1194.0,0.375,0.55224853,8,3.0,5.0,9.0,46.0,29.0,22.0,57.0,6.0,75.0,91.0,79.0,5.0,,65.08782556026651,0.020442156268927925,0.03010440199878861,0.031407035175879394,0.04625197068676717,0.07765900586264657,0.6700167504187605,0.7537688442211055
331209,Bernardo Silva,Midfielder,2671.0,4.0,4.0,2163.0,3.8971,4.54394536,32,12.0,28.0,53.0,56.0,37.0,23.0,107.0,7.0,30.0,121.0,126.0,34.0,,72.88281542493448,0.13131374017222014,0.15310935320104832,0.18017105871474803,0.2100760684234859,0.39024712713823395,1.4794267221451687,2.4503005085529357
331737,Youri Tielemans,Midfielder,3032.0,3.0,7.0,2517.0,3.3215,5.65123513,41,13.0,31.0,62.0,84.0,58.0,23.0,145.0,16.0,46.0,193.0,139.0,29.0,,74.71306068601584,0.09859333773087071,0.16774774462401054,0.1319626539531188,0.22452265117203019,0.356485305125149,1.6289233214143821,2.4632499006754074
333373,Miguel Almirón,Midfielder,176.0,0.0,0.0,88.0,0.5221,0.20310355,6,2.0,1.0,3.0,3.0,2.0,0.0,4.0,0.0,0.0,7.0,7.0,2.0,,45.0,0.26698295454545456,0.10385976988636364,0.5932954545454546,0.23079948863636365,0.8240949431818183,6.8181818181818175,3.4090909090909087
336655,Enes Ünal,Forward,345.0,2.0,1.0,193.0,2.7352,0.26304731,20,7.0,1.0,4.0,1.0,0.0,0.0,16.0,0.0,6.0,35.0,54.0,13.0,,50.347826086956516,0.7135304347826087,0.06862103739130433,1.41720207253886,0.13629394300518136,1.5534960155440414,10.362694300518134,2.072538860103627
352668,Tosin Adarabioyo,Defender,1439.0,1.0,1.0,1348.0,0.9317,0.22211531,13,2.0,4.0,1.0,17.0,13.0,11.0,41.0,7.0,79.0,72.0,41.0,0.0,,84.30854760250173,0.05827171646977067,0.013891853995830438,0.06911721068249259,0.016477396884272997,0.08559460756676557,0.9643916913946587,0.0741839762611276
352770,Alex Iwobi,Midfielder,2994.0,9.0,6.0,1983.0,4.2943,6.980297,68,29.0,48.0,60.0,44.0,25.0,14.0,140.0,1.0,28.0,117.0,143.0,40.0,,59.60921843687375,0.12908717434869738,0.20982856713426856,0.21655572365103376,0.3520069087241553,0.5685626323751891,3.429147755925366,3.0257186081694405
354782,Sammie Szmodics,Midfielder,1002.0,4.0,0.0,347.0,3.4143,0.45699489,21,12.0,4.0,5.0,16.0,10.0,6.0,42.0,2.0,12.0,34.0,61.0,17.0,,31.16766467065868,0.3066736526946108,0.041047445209580834,0.9839481268011527,0.13169881556195964,1.1156469423631123,6.051873198847262,1.440922190201729
355528,Harry Wilson,Midfielder,1163.0,6.0,1.0,635.0,4.2106,1.1700526900000001,43,17.0,9.0,21.0,20.0,14.0,7.0,55.0,1.0,9.0,56.0,53.0,6.0,,49.14015477214102,0.325841788478074,0.09054577996560621,0.6630866141732283,0.1842602661417323,0.8473468803149607,6.771653543307086,3.3070866141732282
355796,Jefferson Lerma,Midfielder,2289.0,0.0,1.0,1478.0,1.0928,1.73996666,26,8.0,7.0,10.0,35.0,17.0,42.0,154.0,18.0,78.0,122.0,111.0,18.0,,58.1127129750983,0.042967234600262125,0.06841284377457404,0.07393775372124492,0.11772440189445196,0.19166215561569688,1.7591339648173208,0.6765899864682002
356398,James Maddison,Midfielder,1826.0,9.0,7.0,1583.0,5.8325000000000005,5.90895338,39,17.0,33.0,41.0,31.0,19.0,12.0,76.0,4.0,17.0,133.0,118.0,25.0,,78.02300109529025,0.28747261774370214,0.291240856626506,0.36844598862918515,0.3732756399241946,0.7417216285533796,2.46367656348705,2.5900189513581804
358084,Cameron Burgess,Defender,1540.0,0.0,2.0,994.0,1.1251,0.35297297,10,3.0,0.0,7.0,17.0,12.0,14.0,44.0,15.0,125.0,65.0,30.0,0.0,,58.09090909090909,0.0657525974025974,0.020628290454545454,0.11318913480885312,0.035510359154929574,0.14869949396378268,1.0060362173038229,0.7042253521126761
358218,Harry Toffolo,Defender,135.0,0.0,0.0,90.0,0.0172,0.01724002,1,0.0,0.0,0.0,5.0,3.0,2.0,2.0,2.0,10.0,6.0,2.0,0.0,,60.0,0.011466666666666667,0.011493346666666668,0.01911111111111111,0.01915557777777778,0.03826668888888889,1.1111111111111112,0.0
359664,Taiwo Awoniyi,Forward,477.0,1.0,0.0,198.0,2.1210999999999998,0.11740096,10,4.0,4.0,2.0,6.0,3.0,0.0,18.0,0.0,7.0,33.0,71.0,19.0,,37.35849056603774,0.4002075471698113,0.02215112452830189,1.0712626262626261,0.05929341414141414,1.1305560404040402,5.05050505050505,1.0101010101010102
361004,Marco Asensio,Midfielder,745.0,3.0,1.0,413.0,4.4274,1.16382271,24,11.0,12.0,16.0,7.0,5.0,2.0,28.0,1.0,3.0,27.0,31.0,8.0,,49.89261744966443,0.5348536912751677,0.14059603208053692,1.072009685230024,0.2817972663438257,1.3538069515738498,5.811138014527845,3.87409200968523
361352,Adam Armstrong,Forward,1252.0,2.0,2.0,405.0,3.2848,0.57193198,26,9.0,6.0,9.0,12.0,3.0,3.0,23.0,1.0,8.0,28.0,58.0,18.0,,29.11341853035144,0.23612779552715657,0.04111332124600639,0.8110617283950617,0.14121777283950618,0.9522795012345678,6.419753086419753,2.2222222222222223
361420,Dominic Solanke,Forward,2206.0,9.0,3.0,750.0,10.972999999999999,1.15334687,60,26.0,17.0,14.0,18.0,11.0,1.0,38.0,9.0,23.0,117.0,188.0,51.0,,30.598368087035357,0.44767452402538527,0.04705404274705349,1.4630666666666665,0.15377958266666666,1.616846249333333,8.0,1.866666666666667
361696,Wout Faes,Defender,2812.0,1.0,0.0,1948.0,1.531,0.43216023,12,1.0,5.0,4.0,42.0,26.0,26.0,90.0,35.0,184.0,103.0,89.0,6.0,,62.3470839260313,0.04900071123755334,0.013831586308677098,0.07859342915811088,0.022184816735112935,0.10077824589322382,0.6160164271047228,0.20533880903490762
362682,Joachim Andersen,Defender,2663.0,0.0,0.0,2466.0,1.0694,0.5468568,20,6.0,4.0,4.0,28.0,19.0,34.0,129.0,28.0,193.0,123.0,73.0,4.0,,83.34209538114908,0.036141945174615095,0.018481829515583928,0.04336577453365774,0.022175863746958638,0.06554163828061638,0.8110300081103,0.16220600162206003
365802,Harrison Reed,Midfielder,133.0,0.0,0.0,81.0,0.23109999999999997,0.10246894000000001,3,2.0,0.0,1.0,6.0,3.0,1.0,10.0,0.0,2.0,9.0,13.0,2.0,,54.81203007518797,0.1563834586466165,0.06933988421052632,0.2853086419753086,0.12650486419753088,0.4118135061728395,3.7037037037037033,1.2345679012345678
366592,Kieran Tierney,Defender,275.0,1.0,0.0,203.0,0.3557,0.7262004,2,1.0,2.0,8.0,7.0,5.0,3.0,6.0,0.0,9.0,16.0,9.0,0.0,,66.43636363636364,0.11641090909090909,0.23766558545454544,0.1752216748768473,0.3577341871921182,0.5329558620689655,0.9852216748768473,3.9408866995073892
368134,Matt Targett,Defender,20.0,0.0,0.0,18.0,0.0,0.07637508999999999,0,0.0,0.0,0.0,0.0,0.0,1.0,2.0,0.0,0.0,0.0,1.0,0.0,,81.0,0.0,0.34368790499999996,0.0,0.42430605555555556,0.42430605555555556,0.0,0.0
368146,Marcus Harness,Midfielder,44.0,0.0,0.0,22.0,0.0,0.051289799999999997,0,0.0,0.0,0.0,1.0,0.0,0.0,2.0,1.0,1.0,1.0,4.0,0.0,,45.0,0.0,0.10491095454545453,0.0,0.2331354545454545,0.2331354545454545,0.0,0.0
371222,Saša Lukić,Midfielder,2355.0,0.0,2.0,1546.0,1.1631,1.41943287,18,3.0,8.0,27.0,68.0,39.0,28.0,109.0,7.0,32.0,121.0,135.0,8.0,,59.0828025477707,0.044449681528662424,0.0542458421656051,0.07523285899094437,0.09181325161707633,0.1670461106080207,1.1642949547218628,1.7464424320827943
372336,Jacob Murphy,Forward,2379.0,8.0,12.0,1364.0,5.7177,6.15127806,43,15.0,35.0,42.0,28.0,19.0,13.0,98.0,0.0,29.0,83.0,119.0,37.0,,51.6015132408575,0.21630643127364438,0.23270913215636824,0.4191862170087976,0.4509734648093842,0.8701596818181818,3.1524926686217007,3.0791788856304985
372344,Dominic Calvert-Lewin,Forward,1629.0,3.0,1.0,596.0,6.7498,0.6651801700000001,50,20.0,10.0,7.0,9.0,7.0,7.0,35.0,2.0,23.0,127.0,156.0,33.0,,32.928176795580114,0.3729171270718232,0.03675028563535912,1.1325167785234898,0.11160741107382552,1.2441241895973154,8.389261744966444,1.174496644295302
383560,Manuel Akanji,Defender,2020.0,0.0,0.0,1900.0,1.5503,1.28213667,15,2.0,2.0,9.0,19.0,12.0,9.0,103.0,8.0,62.0,60.0,61.0,5.0,,84.65346534653465,0.06907277227722773,0.05712490113861387,0.08159473684210526,0.06748087736842107,0.1490756142105263,0.7894736842105263,0.4736842105263158
545780,Harry Winks,Midfielder,1540.0,0.0,2.0,1194.0,0.2233,1.5311720999999998,10,4.0,3.0,17.0,24.0,11.0,9.0,106.0,7.0,18.0,48.0,48.0,8.0,,69.77922077922078,0.01305,0.08948408376623376,0.01870184254606365,0.12823886934673365,0.1469407118927973,0.8375209380234505,1.4237855946398659
547410,Martin Ødegaard,Midfielder,2328.0,3.0,8.0,1791.0,4.8100000000000005,6.66163742,49,17.0,25.0,64.0,19.0,11.0,6.0,97.0,0.0,5.0,75.0,112.0,40.0,,69.2396907216495,0.1859536082474227,0.25753752912371136,0.26856504745951987,0.3719507213847013,0.6405157688442211,2.7359017308766056,3.573422668900056
548188,Lewis Cook,Midfielder,2978.0,1.0,3.0,1966.0,0.9359000000000001,3.7543353600000002,14,4.0,13.0,49.0,81.0,42.0,41.0,187.0,11.0,66.0,145.0,136.0,18.0,,59.41571524513096,0.028284419073203497,0.11346211631967765,0.04760427263479146,0.19096314140386572,0.23856741403865717,0.7121057985757884,2.4923702950152595
548660,Philip Billing,Midfielder,189.0,0.0,0.0,155.0,0.5624,0.95412602,5,1.0,1.0,9.0,14.0,5.0,5.0,14.0,0.0,2.0,23.0,12.0,4.0,,73.80952380952381,0.26780952380952383,0.45434572380952387,0.3628387096774194,0.6155651741935484,0.9784038838709678,3.225806451612903,5.806451612903226
552884,Jarrod Bowen,Midfielder,2979.0,13.0,8.0,1411.0,8.6375,6.47093207,87,37.0,44.0,52.0,41.0,26.0,16.0,129.0,4.0,21.0,148.0,241.0,77.0,,42.62839879154078,0.2609516616314199,0.19549643716012086,0.6121545003543586,0.45860609992912826,1.0707606002834869,6.165839829907867,3.6853295535081503
553606,Guglielmo Vicario,Goalkeeper,2160.0,0.0,0.0,1016.0,0.0,0.00797676,0,0.0,1.0,0.0,0.0,0.0,1.0,174.0,0.0,33.0,12.0,0.0,0.0,,42.333333333333336,0.0,0.000332365,0.0,0.0007851141732283463,0.0007851141732283463,0.0,0.0
555386,Ollie Watkins,Forward,2610.0,16.0,8.0,784.0,15.3791,2.0684930699999997,84,40.0,10.0,25.0,10.0,7.0,8.0,43.0,3.0,14.0,105.0,185.0,50.0,,27.03448275862069,0.5303137931034483,0.0713273472413793,1.9616198979591837,0.26383840178571427,2.225458299744898,10.714285714285714,3.188775510204082
555406,James Bree,Defender,1078.0,0.0,1.0,715.0,0.11080000000000001,0.7023208000000001,4,1.0,4.0,10.0,19.0,14.0,9.0,65.0,3.0,27.0,40.0,33.0,5.0,,59.69387755102041,0.009250463821892393,0.0586353172541744,0.015496503496503498,0.09822668531468531,0.11372318881118883,0.5594405594405595,1.3986013986013985
560128,Joelinton,Midfielder,2404.0,4.0,3.0,1478.0,3.953,2.33322672,45,14.0,15.0,24.0,57.0,35.0,23.0,149.0,7.0,46.0,166.0,204.0,53.0,,55.33277870216306,0.1479908485856905,0.08735041797004992,0.26745602165087956,0.15786378349120433,0.42531980514208395,3.0446549391069015,1.6238159675236805
576384,Kristoffer Ajer,Defender,1460.0,0.0,0.0,830.0,0.9559,0.49806487,9,3.0,7.0,8.0,26.0,18.0,12.0,42.0,4.0,47.0,66.0,68.0,12.0,,51.16438356164384,0.05892534246575342,0.030702628972602737,0.11516867469879519,0.0600078156626506,0.17517649036144578,1.0843373493975903,0.9638554216867471
581310,David Raya,Goalkeeper,3420.0,0.0,0.0,1599.0,0.0,0.0747349,0,0.0,1.0,1.0,0.0,0.0,2.0,321.0,0.0,29.0,24.0,3.0,0.0,,42.078947368421055,0.0,0.001966707894736842,0.0,0.004673852407754847,0.004673852407754847,0.0,0.06253908692933083
591620,Joe Lumley,Goalkeeper,270.0,0.0,0.0,175.0,0.0,0.00196052,0,0.0,0.0,0.0,0.0,0.0,0.0,24.0,0.0,5.0,3.0,1.0,0.0,,58.333333333333336,0.0,0.0006535066666666666,0.0,0.0011202971428571427,0.0011202971428571427,0.0,0.0
592010,Mikel Merino,Midfielder,1597.0,7.0,2.0,846.0,5.914,1.18311919,38,15.0,9.0,18.0,46.0,28.0,15.0,86.0,5.0,23.0,137.0,149.0,27.0,,47.676894176581094,0.3332874139010645,0.06667547094552286,0.6990543735224586,0.13984860401891253,0.8389029775413712,4.491725768321513,2.127659574468085
599128,Rico Henry,Defender,100.0,0.0,0.0,68.0,0.0,0.008685479999999999,0,0.0,0.0,0.0,2.0,2.0,1.0,7.0,1.0,2.0,6.0,11.0,2.0,,61.2,0.0,0.007816931999999999,0.0,0.012772764705882352,0.012772764705882352,0.0,0.0
603922,Tom King,Goalkeeper,1.0,0.0,0.0,1.0,0.0,0.0,0,0.0,0.0,0.0,0.0,0.0,0.0,1.0,0.0,0.0,0.0,0.0,0.0,,90.0,0.0,0.0,0.0,0.0,0.0,0.0,0.0
604232,Diego Carlos,Defender,828.0,0.0,0.0,680.0,0.6495,0.09451414,4,1.0,2.0,0.0,8.0,3.0,5.0,36.0,7.0,35.0,22.0,25.0,2.0,,73.91304347826087,0.07059782608695651,0.010273276086956521,0.09551470588235293,0.013899138235294118,0.10941384411764705,0.5882352941176471,0.0
605338,Stephy Mavididi,Midfielder,1620.0,4.0,1.0,957.0,1.8382,3.26327622,26,7.0,35.0,24.0,34.0,19.0,11.0,83.0,2.0,13.0,96.0,142.0,35.0,,53.16666666666667,0.10212222222222223,0.18129312333333333,0.19207941483803553,0.34099020062695923,0.5330696154649949,2.7168234064785786,2.507836990595611
606164,Diogo Jota,Forward,1206.0,6.0,3.0,536.0,7.9187,1.12776328,51,13.0,11.0,11.0,14.0,8.0,8.0,41.0,0.0,6.0,61.0,109.0,22.0,,40.0,0.5909477611940298,0.08416143880597014,1.4773694029850748,0.21040359701492536,1.687773,9.514925373134329,2.0522388059701493
609752,Guido Rodríguez,Midfielder,1172.0,0.0,1.0,735.0,0.22719999999999999,0.18205975,8,1.0,3.0,4.0,36.0,19.0,13.0,53.0,9.0,30.0,62.0,48.0,7.0,,56.4419795221843,0.017447098976109215,0.013980697525597269,0.030911564625850336,0.024770034013605443,0.055681598639455786,1.0884353741496597,0.5442176870748299
754698,Ben Godfrey,Defender,159.0,0.0,0.0,69.0,0.0,0.01720269,0,0.0,0.0,0.0,1.0,0.0,2.0,2.0,1.0,3.0,4.0,2.0,1.0,,39.056603773584904,0.0,0.009737371698113208,0.0,0.024931434782608692,0.024931434782608692,0.0,0.0
769333,Christopher Nkunku,Forward,940.0,3.0,2.0,486.0,4.8341,0.99725919,25,12.0,10.0,14.0,12.0,8.0,7.0,29.0,2.0,9.0,49.0,70.0,17.0,,46.53191489361702,0.46283936170212764,0.09548226287234042,0.9946707818930041,0.20519736419753087,1.1998681460905352,5.1440329218107,2.880658436213992
781544,Mason Holgate,Defender,16.0,0.0,0.0,3.0,0.0,8.92e-06,0,0.0,0.0,0.0,0.0,0.0,0.0,0.0,0.0,0.0,0.0,1.0,0.0,,16.875,0.0,5.017499999999999e-05,0.0,0.0002973333333333333,0.0002973333333333333,0.0,0.0
783126,Emiliano Buendía,Midfielder,124.0,0.0,0.0,94.0,0.6517999999999999,0.04031123,5,0.0,0.0,1.0,6.0,6.0,0.0,8.0,1.0,1.0,12.0,15.0,3.0,,68.2258064516129,0.4730806451612903,0.029258150806451614,0.6934042553191488,0.042884287234042556,0.7362885425531915,5.319148936170213,1.0638297872340425
784625,Conor Chaplin,Midfielder,869.0,1.0,1.0,411.0,1.5198,0.6225736,16,4.0,4.0,8.0,15.0,5.0,4.0,27.0,1.0,3.0,29.0,36.0,5.0,,42.56616800920598,0.15740161104718067,0.06447827848101265,0.36978102189781026,0.1514777615571776,0.5212587834549878,3.8929440389294405,1.9464720194647203
786028,Kalvin Phillips,Midfielder,1239.0,0.0,0.0,787.0,0.4306,0.47694449,11,2.0,5.0,5.0,35.0,19.0,19.0,68.0,6.0,35.0,67.0,90.0,10.0,,57.167070217917676,0.031278450363196125,0.03464487820823244,0.054714104193138505,0.06060285768742058,0.1153169618805591,1.3977128335451081,0.6353240152477764
786186,Hwang Hee-chan,Forward,661.0,2.0,0.0,294.0,0.7987,0.33050426,5,3.0,2.0,3.0,6.0,4.0,2.0,28.0,0.0,10.0,20.0,41.0,10.0,,40.0302571860817,0.10874886535552193,0.045000580030257184,0.27166666666666667,0.1124164149659864,0.38408308163265303,1.7006802721088436,1.0204081632653061
786259,Kostas Tsimikas,Defender,850.0,0.0,1.0,765.0,0.3831,2.32367929,4,2.0,5.0,17.0,31.0,20.0,11.0,31.0,2.0,17.0,47.0,35.0,4.0,,81.0,0.04056352941176471,0.24603663070588233,0.050078431372549026,0.30374892679738563,0.35382735816993466,0.522875816993464,2.2222222222222223
787498,André Onana,Goalkeeper,3060.0,0.0,0.0,1455.0,0.0,0.23110416,0,0.0,1.0,1.0,2.0,2.0,0.0,245.0,0.0,24.0,11.0,2.0,0.0,,42.79411764705882,0.0,0.006797181176470588,0.0,0.015883447422680413,0.015883447422680413,0.0,0.06872852233676977
787885,Wilfred Ndidi,Midfielder,2336.0,0.0,5.0,1489.0,2.0193,1.51323237,22,8.0,13.0,17.0,85.0,51.0,31.0,127.0,19.0,74.0,177.0,179.0,33.0,,57.367294520547944,0.07779837328767122,0.058300904666095894,0.13561450638012087,0.10162742578912022,0.2372419321692411,1.4775016789791806,1.1417058428475486
788134,Dean Henderson,Goalkeeper,3420.0,0.0,0.0,1406.0,0.0149,0.05537281,1,0.0,0.0,3.0,2.0,1.0,0.0,290.0,0.0,40.0,15.0,5.0,0.0,,37.0,0.00039210526315789474,0.0014571792105263159,0.0010597439544807966,0.003938322190611665,0.004998066145092461,0.07112375533428165,0.21337126600284498
791190,Rodrigo Bentancur,Midfielder,1661.0,2.0,0.0,1362.0,1.3272,0.99586733,22,6.0,9.0,10.0,40.0,22.0,40.0,121.0,8.0,37.0,95.0,113.0,20.0,,73.79891631547261,0.07191330523780855,0.053960300842865745,0.09744493392070483,0.07311801248164465,0.17056294640234948,1.6152716593245229,0.7342143906020557
793167,Sander Berge,Midfielder,2232.0,0.0,0.0,1436.0,0.3526,0.62529811,3,1.0,11.0,18.0,50.0,30.0,21.0,126.0,8.0,37.0,99.0,86.0,16.0,,57.903225806451616,0.014217741935483873,0.025213633467741938,0.02455431754874652,0.043544436629526465,0.06809875417827299,0.20891364902506965,1.2534818941504178
793988,Orel Mangala,Midfielder,1255.0,1.0,0.0,663.0,1.1205,0.61156535,16,6.0,14.0,8.0,16.0,8.0,21.0,49.0,3.0,21.0,53.0,56.0,12.0,,47.54581673306773,0.08035458167330678,0.04385727609561753,0.16900452488687784,0.09224213423831071,0.2612466591251886,2.413273001508296,1.206636500754148
794338,Daichi Kamada,Midfielder,1594.0,0.0,0.0,985.0,1.0897999999999999,1.59465069,20,4.0,7.0,20.0,47.0,29.0,18.0,89.0,5.0,14.0,79.0,96.0,20.0,,55.61480552070263,0.06153199498117942,0.09003673908406525,0.11063959390862942,0.16189347106598984,0.27253306497461927,2.030456852791878,2.030456852791878
794839,Gabriel Jesus,Forward,627.0,3.0,0.0,328.0,2.9862,0.52248009,20,8.0,9.0,8.0,10.0,6.0,4.0,28.0,1.0,7.0,38.0,59.0,13.0,,47.08133971291866,0.4286411483253589,0.07499714210526316,0.9104268292682927,0.15929271036585366,1.0697195396341463,6.097560975609756,2.4390243902439024
794939,Marc Cucurella,Defender,2990.0,5.0,1.0,2321.0,2.8019000000000003,2.39393471,24,12.0,4.0,19.0,67.0,45.0,28.0,130.0,16.0,80.0,141.0,138.0,7.0,,69.8628762541806,0.08433812709030102,0.0720582354180602,0.12071951744937529,0.10314238302455837,0.22386190047393364,1.034037052994399,0.8186126669538992
794953,Kevin Danso,Defender,843.0,0.0,0.0,699.0,0.4098,0.12946356,7,3.0,2.0,2.0,7.0,5.0,6.0,27.0,14.0,70.0,43.0,30.0,3.0,,74.62633451957295,0.043750889679715306,0.013821732384341638,0.05862660944206009,0.01852125321888412,0.0771478626609442,1.0014306151645207,0.28612303290414876
795064,Trent Alexander-Arnold,Defender,2377.0,3.0,6.0,2321.0,1.88,7.37211349,45,8.0,17.0,56.0,72.0,50.0,31.0,132.0,9.0,48.0,101.0,112.0,15.0,,87.87968026924695,0.07118216238956668,0.27912924446781656,0.08099956915122791,0.31762660448082725,0.3986261736320551,1.938819474364498,2.4127531236535975
795228,Odsonne Édouard,Forward,153.0,0.0,0.0,69.0,0.39080000000000004,0.06571605000000001,5,1.0,1.0,2.0,2.0,1.0,0.0,6.0,0.0,2.0,5.0,18.0,3.0,,40.588235294117645,0.22988235294117648,0.03865650000000001,0.566376811594203,0.09524065217391306,0.661617463768116,7.246376811594203,2.898550724637681
796143,Alex Palmer,Goalkeeper,1170.0,0.0,0.0,524.0,0.0,0.02047907,0,0.0,0.0,1.0,0.0,0.0,0.0,119.0,0.0,21.0,9.0,0.0,0.0,,40.30769230769231,0.0,0.0015753130769230767,0.0,0.003908219465648855,0.003908219465648855,0.0,0.19083969465648853
799041,Tomáš Souček,Midfielder,2570.0,9.0,1.0,1337.0,6.8456,1.26365781,55,18.0,6.0,15.0,46.0,21.0,20.0,63.0,21.0,84.0,176.0,158.0,15.0,,46.82101167315175,0.23972918287937742,0.044252608132295715,0.5120119670905011,0.09451442109199701,0.6065263881824982,4.113687359760658,1.1219147344801794
799251,Mathias Jensen,Midfielder,857.0,0.0,2.0,601.0,0.24250000000000002,1.74592984,6,1.0,9.0,17.0,14.0,10.0,8.0,48.0,4.0,13.0,41.0,33.0,7.0,,63.11551925320887,0.025466744457409568,0.1833531920653442,0.04034941763727122,0.2905041331114809,0.33085355074875206,0.9983361064891847,2.828618968386023
800417,Ola Aina,Defender,3003.0,2.0,1.0,1812.0,0.6385,2.21500737,11,2.0,33.0,16.0,55.0,42.0,33.0,190.0,12.0,106.0,136.0,118.0,22.0,,54.3056943056943,0.019135864135864135,0.06638383726273725,0.035237306843267105,0.12224102483443708,0.1574783316777042,0.6070640176600441,0.8830022075055187
800419,Tyler Adams,Midfielder,1965.0,0.0,3.0,1393.0,1.5928,0.76231341,9,2.0,4.0,18.0,83.0,50.0,32.0,114.0,10.0,37.0,139.0,115.0,12.0,,63.801526717557245,0.07295267175572519,0.03491511801526717,0.11434314429289304,0.0547245807609476,0.16906772505384063,0.6460875807609476,1.2921751615218953
802695,Ben Chilwell,Defender,262.0,1.0,0.0,187.0,0.2517,0.88447526,5,3.0,2.0,5.0,7.0,6.0,6.0,20.0,2.0,11.0,15.0,15.0,2.0,,64.23664122137404,0.0864618320610687,0.303827379389313,0.1345989304812834,0.47298142245989305,0.6075803529411764,2.6737967914438503,2.6737967914438503
803031,Matthijs de Ligt,Defender,2128.0,2.0,0.0,1638.0,2.46,0.27451489,18,10.0,2.0,6.0,30.0,22.0,33.0,68.0,21.0,91.0,102.0,58.0,3.0,,69.27631578947368,0.10404135338345866,0.01161012222744361,0.15018315018315018,0.016759150793650795,0.16694230097680096,1.098901098901099,0.3663003663003663
803039,Donyell Malen,Forward,332.0,3.0,0.0,145.0,2.1661,0.16862612,15,9.0,4.0,3.0,7.0,4.0,0.0,9.0,0.0,1.0,20.0,20.0,7.0,,39.30722891566265,0.5871957831325302,0.0457119,1.4938620689655173,0.11629387586206896,1.6101559448275862,10.344827586206897,2.0689655172413794
803174,Antonee Robinson,Defender,3167.0,0.0,10.0,2647.0,0.6884,4.14212822,16,2.0,38.0,44.0,95.0,61.0,62.0,157.0,9.0,123.0,203.0,161.0,20.0,,75.2226081465109,0.01956299336911904,0.11771125348910641,0.026006800151114468,0.1564838768417076,0.18249067699282204,0.6044578768417076,1.662259161314696
803678,George Edmundson,Defender,1.0,0.0,0.0,3.0,0.0,6e-08,0,0.0,0.0,0.0,0.0,0.0,0.0,0.0,0.0,0.0,0.0,0.0,0.0,,270.0,0.0,5.399999999999999e-06,0.0,2e-06,2e-06,0.0,0.0
804434,Takehiro Tomiyasu,Defender,16.0,0.0,0.0,8.0,0.1845,0.00154442,1,0.0,0.0,0.0,0.0,0.0,0.0,0.0,0.0,1.0,0.0,0.0,0.0,,45.0,1.0378125,0.0086873625,2.30625,0.01930525,2.32555525,12.5,0.0
805123,Yoane Wissa,Forward,2927.0,19.0,4.0,1020.0,18.5866,1.82669011,90,43.0,15.0,28.0,22.0,12.0,8.0,81.0,8.0,19.0,118.0,145.0,35.0,,31.363170481721898,0.5715046122309533,0.056167444448240525,1.8222156862745098,0.1790872656862745,2.0013029519607843,8.823529411764707,2.7450980392156863
805465,Pervis Estupiñán,Midfielder,2403.0,1.0,1.0,2001.0,1.171,2.4885778100000002,28,9.0,19.0,26.0,65.0,43.0,37.0,147.0,5.0,57.0,150.0,119.0,27.0,,74.9438202247191,0.043857677902621725,0.09320516142322098,0.05852073963018491,0.12436670714642681,0.1828874467766117,1.3993003498250876,1.299350324837581
808590,Leon Bailey,Midfielder,1151.0,1.0,2.0,600.0,1.7303,2.9503742,28,6.0,22.0,16.0,7.0,5.0,3.0,59.0,0.0,8.0,53.0,78.0,25.0,,46.91572545612511,0.13529713292788878,0.23069824326672458,0.2883833333333333,0.49172903333333334,0.7801123666666667,4.666666666666667,2.666666666666667
814590,Marcus Rashford,Forward,1427.0,6.0,3.0,706.0,4.7658,3.45384145,35,16.0,18.0,28.0,17.0,11.0,5.0,38.0,0.0,9.0,51.0,78.0,7.0,,44.52697967764541,0.3005760336370007,0.21783162613875265,0.675042492917847,0.48921266997167145,1.1642551628895184,4.957507082152975,3.9660056657223794
814873,Vitaly Janelt,Midfielder,2287.0,1.0,3.0,1323.0,0.8223,2.40365284,14,4.0,3.0,15.0,38.0,22.0,27.0,107.0,9.0,48.0,75.0,67.0,10.0,,52.06383909051159,0.03235986007870573,0.09459062334936598,0.06215419501133787,0.18168199848828417,0.24383619349962207,1.0582010582010581,1.1337868480725624
815890,Altay Bayındır,Goalkeeper,360.0,0.0,0.0,179.0,0.0,0.0029477699999999997,0,0.0,0.0,0.0,0.0,0.0,0.0,20.0,0.0,14.0,2.0,2.0,0.0,,44.75,0.0,0.0007369424999999999,0.0,0.0016467988826815642,0.0016467988826815642,0.0,0.0
817979,Axel Tuanzebe,Defender,1717.0,0.0,1.0,1011.0,0.2047,0.27950832999999997,4,0.0,4.0,5.0,31.0,19.0,23.0,49.0,10.0,54.0,69.0,51.0,1.0,,52.993593476994754,0.010729761211415258,0.014650989924286545,0.020247279920870425,0.027646719090009885,0.04789399901088031,0.3956478733926805,0.4945598417408506
818073,Joe Aribo,Midfielder,2033.0,3.0,0.0,1357.0,2.6976,1.25331559,17,7.0,21.0,16.0,47.0,33.0,20.0,112.0,11.0,28.0,121.0,103.0,19.0,,60.07378258730939,0.11942154451549433,0.05548372016724053,0.19879145173176122,0.09235929182019159,0.29115074355195286,1.2527634487840826,1.1790714812085483
823085,Kyle Walker-Peters,Defender,2922.0,0.0,2.0,2149.0,0.8431,2.3045564,20,6.0,38.0,25.0,44.0,29.0,19.0,135.0,15.0,75.0,145.0,146.0,39.0,,66.19096509240246,0.02596817248459959,0.07098222997946613,0.03923220102373197,0.10723854816193579,0.14647074918566774,0.9306654257794323,1.1633317822242903
823941,Alexander Isak,Forward,2769.0,23.0,6.0,1131.0,20.4234,3.59879194,99,46.0,42.0,42.0,12.0,5.0,3.0,55.0,2.0,17.0,94.0,191.0,55.0,,36.76056338028169,0.6638158179848321,0.11697048559046586,1.8057824933687003,0.31819557382847036,2.1239780671971706,8.753315649867375,3.7135278514588856
825719,Issa Diop,Defender,1357.0,0.0,0.0,911.0,0.5346,0.10380695999999999,5,2.0,1.0,3.0,26.0,12.0,9.0,45.0,7.0,70.0,51.0,30.0,2.0,,60.420044215180546,0.03545615327929256,0.006884765217391304,0.0586827661909989,0.011394836443468713,0.07007760263446762,0.5488474204171241,0.3293084522502744
825839,Tyrell Malacia,Defender,99.0,0.0,0.0,67.0,0.0,0.02063916,0,0.0,1.0,1.0,2.0,1.0,1.0,3.0,0.0,1.0,5.0,6.0,2.0,,60.909090909090914,0.0,0.018762872727272728,0.0,0.03080471641791045,0.03080471641791045,0.0,1.4925373134328357
825844,Ferdi Kadıoğlu,Defender,388.0,1.0,0.0,242.0,0.4364,0.27337522999999997,4,1.0,3.0,5.0,10.0,6.0,8.0,14.0,2.0,17.0,19.0,20.0,2.0,,56.134020618556704,0.10122680412371135,0.06341178015463916,0.1803305785123967,0.11296497107438014,0.29329554958677684,1.6528925619834711,2.066115702479339
826057,Mads Roerslev,Defender,1107.0,0.0,2.0,670.0,0.1956,2.11000501,5,2.0,7.0,14.0,18.0,8.0,4.0,39.0,5.0,31.0,45.0,51.0,6.0,,54.47154471544715,0.015902439024390244,0.17154512276422765,0.02919402985074627,0.31492612089552235,0.34412015074626867,0.7462686567164178,2.0895522388059704
826134,Trevoh Chalobah,Defender,1981.0,3.0,1.0,1419.0,2.0101,0.63524931,18,7.0,8.0,8.0,31.0,23.0,29.0,85.0,12.0,104.0,106.0,74.0,9.0,,64.46744068652195,0.09132205956587582,0.028860392680464413,0.14165609584214234,0.0447673932346723,0.18642348907681466,1.2684989429175475,0.5637773079633545
826139,Reiss Nelson,Midfielder,488.0,1.0,1.0,376.0,1.0988,0.96650627,12,6.0,13.0,13.0,9.0,6.0,5.0,29.0,0.0,2.0,32.0,41.0,8.0,,69.34426229508196,0.20264754098360654,0.17824910717213116,0.2922340425531915,0.257049539893617,0.5492835824468084,3.1914893617021276,3.4574468085106385
826204,Boubacar Kamara,Midfielder,1733.0,1.0,0.0,1184.0,0.8177,0.83039365,10,3.0,9.0,11.0,50.0,21.0,19.0,87.0,7.0,47.0,115.0,108.0,17.0,,61.48874783612233,0.042465666474321984,0.04312488661281016,0.0690625,0.07013459881756756,0.13919709881756756,0.8445945945945946,0.9290540540540541
826215,Ibrahima Konaté,Defender,2565.0,1.0,2.0,2221.0,1.7707,0.92524453,19,4.0,3.0,10.0,40.0,26.0,17.0,98.0,15.0,125.0,137.0,70.0,2.0,,77.9298245614035,0.0621298245614035,0.03246472035087719,0.07972534894191806,0.041658916253939665,0.12138426519585771,0.8554705087798289,0.45024763619990993
827243,Axel Disasi,Defender,853.0,1.0,0.0,678.0,0.37220000000000003,0.37976885,4,1.0,10.0,5.0,15.0,9.0,7.0,30.0,2.0,28.0,40.0,33.0,5.0,,71.53575615474796,0.039270808909730365,0.040069398007034,0.05489675516224189,0.056013104719764006,0.11090985988200591,0.5899705014749262,0.7374631268436578
827362,Caoimhin Kelleher,Goalkeeper,900.0,0.0,0.0,425.0,0.0,0.00637628,0,0.0,1.0,0.0,0.0,0.0,0.0,79.0,0.0,3.0,5.0,0.0,0.0,,42.5,0.0,0.000637628,0.0,0.0015003011764705883,0.0015003011764705883,0.0,0.0
827606,Rodri,Midfielder,80.0,0.0,0.0,77.0,0.0,0.09205417,0,0.0,0.0,1.0,2.0,1.0,1.0,7.0,0.0,1.0,5.0,1.0,0.0,,86.625,0.0,0.10356094125000001,0.0,0.11955087012987013,0.11955087012987013,0.0,1.2987012987012987
827679,Ezri Konsa,Defender,2937.0,2.0,0.0,1987.0,1.2782,0.62560627,11,5.0,8.0,6.0,34.0,18.0,24.0,97.0,11.0,107.0,120.0,54.0,10.0,,60.88866189989785,0.039168539325842695,0.01917077436159346,0.0643281328636135,0.0314849657775541,0.09581309864116759,0.5535983895319577,0.3019627579265224
827681,James Justin,Defender,2928.0,2.0,2.0,2033.0,1.4951,0.82635281,25,7.0,9.0,14.0,58.0,37.0,46.0,88.0,17.0,115.0,180.0,134.0,15.0,,62.48975409836065,0.04595594262295083,0.025400188831967218,0.07354156419085096,0.04064696556812592,0.11418852975897688,1.2297097884899164,0.6886374815543532
829022,Konstantinos Mavropanos,Defender,2057.0,0.0,0.0,1575.0,1.5402,0.41626013,18,5.0,9.0,5.0,35.0,24.0,40.0,77.0,18.0,123.0,117.0,57.0,0.0,,68.91103548857559,0.06738842975206612,0.018212645454545453,0.09779047619047619,0.026429214603174607,0.12421969079365079,1.1428571428571428,0.31746031746031744
829570,Jack Harrison,Forward,2088.0,1.0,0.0,1041.0,3.5209,3.13353606,29,7.0,24.0,34.0,32.0,22.0,10.0,73.0,2.0,31.0,88.0,156.0,41.0,,44.87068965517241,0.15176293103448277,0.13506620948275863,0.33822286263208456,0.30101210951008645,0.639234972142171,2.785782901056676,3.266090297790586
829932,Cristian Romero,Defender,1420.0,1.0,0.0,1418.0,1.593,0.8188934800000001,16,8.0,1.0,8.0,35.0,29.0,21.0,90.0,3.0,52.0,89.0,57.0,5.0,,89.87323943661971,0.10096478873239437,0.05190169943661973,0.1123413258110014,0.0577498928067701,0.1700912186177715,1.1283497884344147,0.5641748942172073
830659,Marcos Senesi,Defender,1119.0,0.0,0.0,918.0,0.8397,0.49420141,3,0.0,6.0,3.0,39.0,21.0,14.0,71.0,7.0,58.0,85.0,77.0,6.0,,73.83378016085791,0.06753619302949061,0.039748102680965146,0.09147058823529412,0.05383457625272332,0.14530516448801745,0.32679738562091504,0.32679738562091504
832427,Carlos Soler,Midfielder,1419.0,1.0,1.0,842.0,1.8576000000000001,1.9019780700000002,25,9.0,8.0,18.0,16.0,11.0,8.0,64.0,6.0,19.0,53.0,77.0,14.0,,53.40380549682875,0.11781818181818184,0.12063285856236787,0.22061757719714967,0.22588813182897863,0.44650570902612835,2.9691211401425175,2.137767220902613
833057,Hamza Choudhury,Midfielder,130.0,0.0,0.0,103.0,0.0,0.19785459,0,0.0,3.0,2.0,1.0,1.0,5.0,2.0,2.0,2.0,4.0,4.0,0.0,,71.3076923076923,0.0,0.13697625461538462,0.0,0.19209183495145632,0.19209183495145632,0.0,1.9417475728155338
833956,Matty Cash,Defender,2077.0,1.0,1.0,1251.0,0.49219999999999997,1.2517718199999999,13,6.0,19.0,11.0,56.0,32.0,23.0,81.0,8.0,58.0,115.0,84.0,10.0,,54.20799229658161,0.02132787674530573,0.05424143659123736,0.0393445243804956,0.10006169624300558,0.1394062206235012,1.0391686650679457,0.8792965627498002
836070,Luis Sinisterra,Forward,244.0,1.0,1.0,167.0,1.2088,1.3098013,13,6.0,8.0,9.0,7.0,2.0,1.0,17.0,0.0,7.0,20.0,28.0,3.0,,61.59836065573771,0.4458688524590165,0.4831234303278688,0.7238323353293414,0.7843121556886228,1.5081444910179642,7.784431137724551,5.389221556886228
836168,Nikola Milenković,Defender,3330.0,5.0,2.0,1434.0,4.0219,0.5391553099999999,29,8.0,1.0,9.0,51.0,29.0,27.0,85.0,24.0,208.0,158.0,67.0,2.0,,38.75675675675676,0.10869999999999999,0.014571765135135133,0.2804672245467224,0.037597999302649926,0.31806522384937236,2.0223152022315203,0.6276150627615062
836694,Mason Mount,Forward,625.0,1.0,0.0,360.0,3.3133999999999997,0.58285693,20,9.0,1.0,8.0,15.0,5.0,4.0,18.0,1.0,4.0,29.0,44.0,9.0,,51.839999999999996,0.47712959999999993,0.08393139792000001,0.9203888888888888,0.1619047027777778,1.0822935916666667,5.555555555555555,2.2222222222222223
836698,Ryan Sessegnon,Defender,604.0,4.0,2.0,389.0,1.6438,1.1323288599999999,14,8.0,8.0,12.0,27.0,13.0,3.0,30.0,1.0,13.0,47.0,59.0,8.0,,57.9635761589404,0.2449370860927152,0.1687244990066225,0.4225706940874036,0.2910871105398457,0.7136578046272494,3.5989717223650386,3.0848329048843186
836705,Kai Havertz,Forward,1874.0,9.0,3.0,837.0,9.5647,1.67158771,53,21.0,9.0,17.0,16.0,9.0,6.0,41.0,4.0,32.0,111.0,172.0,23.0,,40.1974386339381,0.45935058697972253,0.08027902556029883,1.1427359617682198,0.19971179330943847,1.3424477550776586,6.332138590203106,2.031063321385902
839410,Aaron Ramsdale,Goalkeeper,2700.0,0.0,0.0,1420.0,0.0,0.07634034,0,0.0,0.0,0.0,0.0,0.0,2.0,245.0,0.0,28.0,11.0,3.0,0.0,,47.33333333333333,0.0,0.0025446780000000003,0.0,0.005376080281690141,0.005376080281690141,0.0,0.0
839712,George Hirst,Forward,673.0,3.0,1.0,217.0,2.1282,0.27245437,14,7.0,2.0,4.0,3.0,3.0,2.0,12.0,1.0,10.0,49.0,58.0,16.0,,29.019316493313525,0.2846032689450223,0.03643520549777117,0.9807373271889401,0.12555500921658985,1.10629233640553,6.451612903225806,1.8433179723502304
839956,Erling Haaland,Forward,2741.0,22.0,3.0,696.0,22.0106,2.01754367,108,60.0,13.0,29.0,11.0,6.0,5.0,34.0,1.0,22.0,94.0,125.0,27.0,,22.852973367384166,0.7227121488507844,0.06624550539948923,3.1624425287356326,0.28987696408045976,3.4523194928160916,15.517241379310345,4.166666666666666
839981,Lucas Paquetá,Midfielder,2384.0,4.0,0.0,1933.0,5.318,3.29451457,41,6.0,21.0,36.0,66.0,37.0,18.0,149.0,4.0,34.0,197.0,210.0,51.0,,72.9739932885906,0.20076342281879192,0.12437345272651007,0.2751163993792033,0.1704353114330057,0.445551710812209,2.1210553543714434,1.8623900672529745
840217,Richarlison,Forward,514.0,4.0,1.0,194.0,3.7163,0.60804038,17,7.0,1.0,4.0,5.0,3.0,0.0,11.0,1.0,8.0,29.0,55.0,8.0,,33.96887159533074,0.6507140077821012,0.10646621439688717,1.9156185567010309,0.31342287628865984,2.229041432989691,8.762886597938143,2.0618556701030926
842513,Igor Júlio,Defender,967.0,0.0,0.0,831.0,0.0477,0.26860058,1,0.0,5.0,2.0,5.0,5.0,4.0,42.0,14.0,38.0,24.0,22.0,0.0,,77.34229576008273,0.004439503619441572,0.024999019855222335,0.005740072202166065,0.03232257280385078,0.038062645006016846,0.12033694344163659,0.24067388688327318
843200,Diogo Dalot,Defender,2813.0,0.0,3.0,2063.0,2.0519,2.45530594,25,5.0,27.0,27.0,68.0,40.0,37.0,167.0,9.0,64.0,142.0,122.0,21.0,,66.00426590828297,0.06564912904372555,0.0785558246000711,0.09946194861851672,0.11901628405235096,0.21847823267086766,1.211827435773146,1.3087736306349975
843754,Ibrahim Sangaré,Midfielder,597.0,0.0,1.0,421.0,0.0187,0.20798089,1,1.0,0.0,5.0,28.0,14.0,6.0,42.0,4.0,13.0,46.0,38.0,4.0,,63.46733668341708,0.0028190954773869344,0.031353903015075374,0.004441805225653207,0.049401636579572444,0.05384344180522565,0.23752969121140144,1.187648456057007
844842,Yves Bissouma,Midfielder,1430.0,2.0,0.0,1087.0,0.625,0.62552193,11,4.0,7.0,6.0,49.0,31.0,18.0,85.0,6.0,35.0,81.0,79.0,15.0,,68.41258741258741,0.039335664335664336,0.03936851307692307,0.05749770009199632,0.057545715731370746,0.11504341582336708,1.011959521619135,0.5519779208831647
845273,Jean-Ricner Bellegarde,Midfielder,1706.0,2.0,7.0,924.0,1.5278,2.75021108,22,5.0,14.0,29.0,39.0,24.0,10.0,62.0,3.0,17.0,110.0,115.0,29.0,,48.74560375146542,0.08059906213364595,0.1450873371629543,0.16534632034632035,0.2976418917748918,0.4629882121212122,2.380952380952381,3.1385281385281383
845286,Ismaïla Sarr,Forward,2719.0,8.0,6.0,1198.0,10.7218,6.7353445899999995,59,29.0,17.0,46.0,22.0,10.0,9.0,113.0,8.0,38.0,132.0,160.0,43.0,,39.65428466347922,0.35489591761677086,0.2229426307833762,0.8949749582637729,0.5622157420701168,1.4571907003338898,4.924874791318865,3.8397328881469113
845386,Federico Chiesa,Forward,116.0,0.0,0.0,52.0,0.3377,0.15670118,5,2.0,0.0,2.0,1.0,0.0,0.0,6.0,0.0,1.0,3.0,15.0,4.0,,40.3448275862069,0.2620086206896552,0.12157850172413794,0.649423076923077,0.3013484230769231,0.9507715,9.615384615384617,3.8461538461538463
845464,Andy Irving,Midfielder,178.0,0.0,0.0,158.0,0.1212,0.13268486999999998,4,2.0,1.0,1.0,7.0,4.0,1.0,10.0,1.0,5.0,10.0,14.0,3.0,,79.8876404494382,0.0612808988764045,0.06708785561797752,0.07670886075949367,0.0839777658227848,0.16068662658227847,2.5316455696202533,0.6329113924050633
846036,Ben White,Defender,1213.0,0.0,2.0,833.0,0.456,1.41332989,9,2.0,0.0,10.0,20.0,14.0,16.0,37.0,8.0,38.0,43.0,51.0,6.0,,61.80544105523496,0.033833470733718056,0.10486371813685079,0.05474189675870349,0.1696674537815126,0.22440935054021607,1.0804321728691477,1.2004801920768309
846252,Ryan Yates,Midfielder,1928.0,2.0,1.0,1115.0,2.3528,0.49840067,33,9.0,9.0,18.0,42.0,21.0,26.0,104.0,10.0,60.0,145.0,124.0,18.0,,52.048755186722,0.10982987551867218,0.023265591441908713,0.2110134529147982,0.044699611659192826,0.255713064573991,2.9596412556053813,1.6143497757847534
846308,Santiago Bueno,Defender,1716.0,0.0,0.0,1046.0,0.42769999999999997,0.117453,6,3.0,0.0,0.0,41.0,21.0,15.0,43.0,21.0,70.0,81.0,67.0,2.0,,54.86013986013985,0.02243181818181818,0.006160122377622378,0.04088910133843212,0.011228776290630975,0.0521178776290631,0.5736137667304015,0.0
846425,Manuel Ugarte,Midfielder,1796.0,1.0,2.0,1252.0,1.0095,0.6926278,19,4.0,18.0,10.0,77.0,49.0,27.0,122.0,4.0,15.0,146.0,131.0,25.0,,62.73942093541203,0.05058741648106904,0.03470852004454343,0.08063099041533547,0.05532170926517572,0.13595269968051119,1.5175718849840254,0.7987220447284344
847030,Noussair Mazraoui,Defender,2848.0,0.0,1.0,2236.0,0.6844,1.87213375,13,3.0,26.0,20.0,115.0,68.0,34.0,149.0,9.0,83.0,216.0,134.0,17.0,,70.66011235955057,0.021627808988764045,0.05916153002106741,0.030608228980322005,0.08372691189624329,0.1143351408765653,0.5813953488372093,0.8944543828264758
847151,Edson Álvarez,Midfielder,1783.0,0.0,1.0,1287.0,0.38470000000000004,0.88647079,12,1.0,14.0,12.0,50.0,27.0,18.0,88.0,8.0,41.0,112.0,111.0,15.0,,64.96354458777341,0.019418395961862032,0.04474614195176668,0.029891219891219897,0.06887884926184926,0.09877006915306914,0.9324009324009324,0.9324009324009324
848276,Jean-Philippe Mateta,Forward,2654.0,14.0,2.0,835.0,13.5332,2.26730838,70,33.0,20.0,29.0,18.0,12.0,2.0,68.0,4.0,22.0,129.0,214.0,45.0,,28.315749811605126,0.4589253956292389,0.0768868704596835,1.62074251497006,0.27153393772455087,1.8922764526946105,8.383233532934131,3.473053892215569
849309,Chiedozie Ogbene,Midfielder,240.0,0.0,0.0,79.0,0.0,0.04652353,0,0.0,1.0,2.0,7.0,3.0,1.0,6.0,0.0,3.0,16.0,15.0,2.0,,29.625,0.0,0.01744632375,0.0,0.05889054430379747,0.05889054430379747,0.0,2.5316455696202533
851100,Jadon Sancho,Midfielder,1773.0,3.0,4.0,1052.0,2.1723,3.11276916,24,8.0,45.0,38.0,13.0,7.0,2.0,99.0,0.0,7.0,75.0,85.0,21.0,,53.4010152284264,0.11026903553299493,0.15800858680203045,0.20649239543726236,0.29589060456273764,0.502383,2.2813688212927756,3.6121673003802277
851596,Justin Kluivert,Midfielder,2356.0,12.0,6.0,1177.0,10.107000000000001,3.7303630599999997,63,29.0,36.0,46.0,23.0,11.0,14.0,78.0,0.0,23.0,100.0,158.0,27.0,,44.96179966044143,0.38609083191850596,0.1425011355687606,0.8587085811384877,0.31693823789294817,1.175646819031436,5.352591333899745,3.908241291418862
851671,João Félix,Forward,383.0,1.0,1.0,296.0,2.2347,0.45382414,20,6.0,10.0,6.0,8.0,3.0,3.0,22.0,0.0,2.0,39.0,32.0,4.0,,69.55613577023499,0.5251253263707572,0.10664274830287207,0.7549662162162163,0.1533189662162162,0.9082851824324325,6.756756756756757,2.027027027027027
855647,Harvey Barnes,Forward,1766.0,9.0,4.0,880.0,7.2252,4.56257444,63,21.0,24.0,26.0,16.0,9.0,6.0,55.0,2.0,11.0,68.0,94.0,23.0,,44.8471121177803,0.36821517553793887,0.232520781200453,0.8210454545454545,0.5184743681818181,1.3395198227272727,7.159090909090909,2.9545454545454546
855731,David Brooks,Midfielder,960.0,2.0,0.0,591.0,2.5184,2.0249436,25,12.0,11.0,21.0,14.0,6.0,5.0,50.0,2.0,9.0,50.0,69.0,14.0,,55.40625,0.2361,0.18983846249999997,0.4261252115059222,0.3426300507614213,0.7687552622673435,4.230118443316413,3.5532994923857872
855864,Ethan Pinnock,Defender,1913.0,2.0,0.0,1370.0,1.0926,0.65288627,10,6.0,3.0,8.0,35.0,19.0,24.0,50.0,18.0,139.0,105.0,72.0,4.0,,64.45373758494512,0.05140303188708834,0.03071602943021432,0.07975182481751826,0.04765593211678832,0.12740775693430656,0.7299270072992701,0.583941605839416
856640,Mads Hermansen,Goalkeeper,2385.0,0.0,0.0,1252.0,0.0,0.0445195,0,0.0,1.0,0.0,1.0,1.0,0.0,203.0,0.0,33.0,9.0,1.0,0.0,,47.24528301886792,0.0,0.0016799811320754715,0.0,0.0035558706070287537,0.0035558706070287537,0.0,0.0
856669,Jack Taylor,Midfielder,847.0,1.0,0.0,553.0,0.7397,0.79974099,19,4.0,4.0,5.0,20.0,10.0,9.0,53.0,3.0,21.0,36.0,49.0,6.0,,58.7603305785124,0.07859858323494688,0.08497838146399055,0.1337613019891501,0.1446186238698011,0.27837992585895116,3.4358047016274864,0.9041591320072333
856714,Declan Rice,Midfielder,2833.0,4.0,7.0,2016.0,3.5105,5.62581994,48,15.0,14.0,61.0,53.0,25.0,25.0,156.0,13.0,50.0,120.0,116.0,32.0,,64.04518178609247,0.11152312036710202,0.17872354204024005,0.17413194444444444,0.2790585287698413,0.45319047321428574,2.380952380952381,3.0257936507936507
856719,Dara O'Shea,Defender,3123.0,0.0,2.0,2063.0,1.2696,0.69080783,22,2.0,1.0,3.0,49.0,31.0,33.0,110.0,50.0,218.0,190.0,123.0,4.0,,59.45244956772334,0.03658789625360231,0.019908006628242075,0.06154144449830345,0.03348559524963645,0.0950270397479399,1.0664081434803683,0.1454192922927775
856720,Mark Travers,Goalkeeper,450.0,0.0,0.0,175.0,0.0,0.01039282,0,0.0,0.0,0.0,0.0,0.0,0.0,35.0,0.0,9.0,2.0,0.0,0.0,,35.0,0.0,0.002078564,0.0,0.0059387542857142865,0.0059387542857142865,0.0,0.0
857671,Jens-Lys Cajuste,Midfielder,1976.0,1.0,1.0,1090.0,0.6877,0.73859242,12,1.0,28.0,13.0,44.0,22.0,28.0,107.0,10.0,33.0,107.0,109.0,17.0,,49.645748987854255,0.031322368421052627,0.033640343016194334,0.06309174311926605,0.06776077247706423,0.13085251559633027,1.1009174311926606,1.1926605504587156
858194,Eddie Nketiah,Forward,1045.0,3.0,1.0,465.0,5.7379,0.86666911,43,16.0,11.0,13.0,15.0,8.0,3.0,26.0,1.0,10.0,76.0,102.0,17.0,,40.047846889952154,0.49417320574162676,0.07464135875598087,1.2339569892473117,0.18638045376344087,1.4203374430107527,9.247311827956988,2.795698924731183
858195,Sergio Reguilón,Defender,195.0,0.0,0.0,177.0,0.1172,0.25039416000000003,2,0.0,2.0,1.0,4.0,3.0,4.0,14.0,0.0,6.0,17.0,9.0,1.0,,81.6923076923077,0.05409230769230769,0.1155665353846154,0.06621468926553672,0.1414656271186441,0.2076803163841808,1.1299435028248588,0.5649717514124294
859765,Phil Foden,Midfielder,1785.0,7.0,2.0,1217.0,5.1573,5.34244393,54,16.0,14.0,43.0,13.0,5.0,9.0,61.0,1.0,7.0,64.0,79.0,31.0,,61.36134453781513,0.26003193277310926,0.2693669208403361,0.423771569433032,0.43898471076417417,0.8627562801972064,4.437140509449466,3.533278553820871
859896,Brandon Austin,Goalkeeper,90.0,0.0,0.0,43.0,0.0,0.0001927,0,0.0,0.0,0.0,0.0,0.0,0.0,10.0,0.0,1.0,4.0,0.0,0.0,,43.0,0.0,0.0001927,0.0,0.00044813953488372093,0.00044813953488372093,0.0,0.0
859901,Oliver Skipp,Midfielder,1143.0,0.0,0.0,643.0,0.3588,0.32923302,5,1.0,7.0,9.0,21.0,4.0,11.0,46.0,7.0,10.0,53.0,45.0,7.0,,50.62992125984252,0.02825196850393701,0.025923859842519683,0.05580093312597201,0.051202646967340594,0.10700358009331261,0.7776049766718507,1.3996889580093312
859999,Lisandro Martínez,Defender,1754.0,2.0,1.0,1555.0,1.3034,1.27934858,17,6.0,6.0,9.0,40.0,24.0,32.0,81.0,8.0,54.0,69.0,54.0,3.0,,79.78905359179019,0.06687913340935005,0.06564502405929304,0.08381993569131832,0.08227322057877813,0.16609315627009644,1.0932475884244373,0.5787781350482315
861970,Kiernan Dewsbury-Hall,Midfielder,292.0,0.0,1.0,193.0,0.2226,0.21967928,1,0.0,2.0,3.0,8.0,5.0,2.0,9.0,0.0,7.0,16.0,11.0,3.0,,59.486301369863014,0.06860958904109589,0.06770936712328766,0.11533678756476683,0.11382346113989637,0.2291602487046632,0.5181347150259068,1.5544041450777202
861972,Calvin Bassey,Defender,3074.0,1.0,0.0,2536.0,1.0242,0.44333399,14,4.0,15.0,3.0,54.0,34.0,20.0,168.0,17.0,113.0,144.0,87.0,8.0,,74.24853610930384,0.02998633702016916,0.012979850065061808,0.040386435331230285,0.017481624211356468,0.05786805954258675,0.5520504731861199,0.11829652996845426
862967,Cody Gakpo,Midfielder,1946.0,10.0,4.0,971.0,7.0927,3.76910796,57,23.0,31.0,38.0,28.0,16.0,12.0,77.0,3.0,16.0,107.0,103.0,24.0,,44.90750256937307,0.3280282631038026,0.17431640102774923,0.730453141091658,0.38816765808444903,1.118620799176107,5.8702368692070035,3.913491246138002
863653,Aaron Wan-Bissaka,Defender,3154.0,2.0,5.0,2388.0,1.1935,2.78164047,16,5.0,64.0,33.0,70.0,49.0,66.0,174.0,11.0,111.0,183.0,132.0,22.0,,68.142041851617,0.0340567533291059,0.07937464879518073,0.04997906197654941,0.11648410678391961,0.16646316876046902,0.6700167504187605,1.3819095477386936
864169,Pau Torres,Defender,2020.0,0.0,0.0,1561.0,0.5174,0.43658519,8,3.0,15.0,3.0,21.0,15.0,10.0,62.0,11.0,74.0,61.0,51.0,5.0,,69.54950495049505,0.023052475247524754,0.019451815396039605,0.0331454196028187,0.027968301729660475,0.061113721332479186,0.5124919923126201,0.19218449711723257
864921,Eberechi Eze,Midfielder,2600.0,8.0,8.0,1586.0,10.4976,4.67777189,102,29.0,67.0,59.0,39.0,22.0,11.0,146.0,0.0,8.0,164.0,176.0,45.0,,54.9,0.36337846153846154,0.1619228731153846,0.661891551071879,0.29494148108448925,0.9568330321563684,6.431273644388398,3.720050441361917
865057,Patson Daka,Forward,736.0,1.0,0.0,283.0,1.2535,0.07715599,15,4.0,2.0,1.0,19.0,10.0,1.0,18.0,1.0,11.0,50.0,77.0,12.0,,34.60597826086957,0.15328125,0.009434835733695652,0.44293286219081274,0.027263600706713777,0.47019646289752653,5.30035335689046,0.35335689045936397
865167,Lloyd Kelly,Defender,335.0,0.0,1.0,229.0,0.406,0.11168530000000002,3,0.0,2.0,2.0,5.0,4.0,1.0,19.0,4.0,15.0,18.0,10.0,2.0,,61.52238805970149,0.10907462686567165,0.030005005970149257,0.17729257641921398,0.04877087336244542,0.2260634497816594,1.3100436681222707,0.8733624454148471
865912,Morgan Gibbs-White,Midfielder,2822.0,7.0,8.0,1739.0,6.337899999999999,4.6877604,61,22.0,31.0,52.0,43.0,22.0,23.0,127.0,5.0,29.0,154.0,188.0,44.0,,55.46066619418851,0.2021300496102055,0.1495033437278526,0.3644565842438182,0.26956644048303624,0.6340230247268545,3.5077630822311674,2.9902242668200114
866191,Sean Longstaff,Midfielder,837.0,0.0,0.0,455.0,0.601,0.22963641999999998,6,1.0,2.0,4.0,27.0,16.0,7.0,31.0,5.0,8.0,42.0,36.0,7.0,,48.924731182795696,0.06462365591397849,0.024692088172043006,0.13208791208791207,0.050469542857142856,0.18255745494505493,1.3186813186813187,0.8791208791208791
866469,Bruno Guimarães,Midfielder,3282.0,5.0,6.0,2433.0,4.3118,5.38844,45,15.0,34.0,53.0,83.0,47.0,29.0,188.0,10.0,40.0,243.0,221.0,76.0,,66.71846435100548,0.11823948811700183,0.147763436928702,0.17722153719687628,0.22147307850390466,0.39869461570078096,1.8495684340320593,2.178380600082203
867442,Callum Hudson Odoi,Midfielder,2218.0,5.0,2.0,1116.0,2.4741,2.60518321,37,17.0,37.0,45.0,22.0,14.0,13.0,92.0,0.0,12.0,87.0,68.0,23.0,,45.284039675383234,0.10039179440937782,0.10571077046889088,0.2216935483870968,0.23343935573476704,0.45513290412186375,3.315412186379928,4.032258064516129
867445,Emile Smith Rowe,Midfielder,2061.0,6.0,3.0,1279.0,4.542,2.03610233,37,11.0,16.0,24.0,31.0,18.0,11.0,75.0,2.0,16.0,67.0,89.0,18.0,,55.851528384279476,0.19834061135371178,0.0889127655021834,0.35512118842845974,0.15919486551993742,0.5143160539483972,2.8928850664581707,1.8764659890539486
867583,Ben Brereton Díaz,Midfielder,458.0,0.0,0.0,215.0,0.91,0.14379428,11,1.0,1.0,3.0,3.0,2.0,0.0,16.0,1.0,4.0,21.0,25.0,4.0,,42.24890829694323,0.17882096069868997,0.02825651790393013,0.4232558139534884,0.06688106046511627,0.49013687441860465,5.116279069767442,1.3953488372093024
868715,Jorge Cuenca,Defender,358.0,0.0,0.0,218.0,0.0201,0.011577469999999998,1,0.0,2.0,0.0,6.0,2.0,2.0,10.0,4.0,26.0,16.0,10.0,0.0,,54.80446927374302,0.005053072625698324,0.0029105371508379883,0.009220183486238532,0.00531076605504587,0.014530949541284404,0.45871559633027525,0.0
869792,Gabriel Magalhães,Defender,2365.0,3.0,1.0,1911.0,2.6090999999999998,1.2016847400000001,22,5.0,4.0,13.0,25.0,15.0,16.0,63.0,29.0,89.0,101.0,63.0,2.0,,72.723044397463,0.0992892177589852,0.045730074672304444,0.13653061224489796,0.06288250863422293,0.1994131208791209,1.1512297226582942,0.6802721088435374
869856,Dominik Szoboszlai,Midfielder,2496.0,6.0,6.0,1661.0,7.343500000000001,5.88311648,67,23.0,21.0,56.0,38.0,20.0,9.0,133.0,5.0,14.0,102.0,134.0,23.0,,59.89182692307693,0.2647896634615385,0.21213160384615382,0.44211318482841666,0.354191239012643,0.7963044238410596,4.0337146297411195,3.3714629741119806
870360,Daniel Muñoz,Midfielder,3233.0,4.0,5.0,2107.0,4.9298,3.57007221,37,18.0,21.0,47.0,123.0,80.0,44.0,171.0,6.0,94.0,221.0,226.0,20.0,,58.65450046396536,0.13723538509124653,0.09938338969996907,0.23397247271001423,0.1694386430944471,0.4034111158044613,1.7560512577123872,2.230659705742762
871765,Nicolás Domínguez,Midfielder,1970.0,0.0,1.0,1276.0,1.5282,1.58673992,21,9.0,3.0,13.0,86.0,45.0,29.0,114.0,12.0,52.0,134.0,112.0,12.0,,58.29441624365482,0.06981624365482234,0.07249065624365483,0.11976489028213165,0.12435265830721004,0.24411754858934173,1.6457680250783697,1.018808777429467
873554,Omar Marmoush,Forward,1190.0,7.0,0.0,561.0,5.4857,2.11587714,49,17.0,20.0,15.0,13.0,8.0,6.0,37.0,1.0,3.0,58.0,74.0,19.0,,42.42857142857143,0.4148848739495798,0.16002432151260504,0.9778431372549018,0.37716170053475934,1.3550048377896613,8.73440285204991,2.6737967914438503
876599,Jørgen Strand Larsen,Forward,2599.0,14.0,4.0,793.0,10.2737,1.04469385,54,34.0,8.0,21.0,10.0,6.0,6.0,42.0,4.0,29.0,104.0,211.0,34.0,,27.46056175452097,0.3557649095806079,0.03617639342054636,1.295548549810845,0.13173945145018914,1.427288001261034,6.809583858764187,2.648171500630517
876643,Vitaliy Mykolenko,Defender,3084.0,1.0,2.0,1744.0,0.4915,2.21460821,14,1.0,8.0,25.0,63.0,38.0,44.0,88.0,10.0,135.0,152.0,106.0,11.0,,50.89494163424124,0.014343385214007782,0.06462864426070039,0.028182339449541283,0.12698441571100919,0.15516675516055045,0.8027522935779817,1.43348623853211
877994,Marc Guéhi,Defender,3060.0,3.0,2.0,2206.0,1.9797,2.00863202,15,7.0,12.0,16.0,61.0,34.0,28.0,146.0,23.0,156.0,168.0,116.0,18.0,,64.88235294117646,0.058226470588235296,0.05907741235294117,0.08974161378059838,0.09105312873980054,0.1807947425203989,0.6799637352674524,0.7252946509519492
879346,Scott McTominay,Midfielder,22.0,0.0,0.0,15.0,0.0697,0.0029652,1,0.0,0.0,0.0,0.0,0.0,0.0,1.0,0.0,1.0,1.0,3.0,1.0,,61.36363636363636,0.28513636363636363,0.012130363636363635,0.4646666666666666,0.019768,0.4844346666666667,6.666666666666667,0.0
879349,Pedro Neto,Midfielder,2281.0,4.0,6.0,1244.0,3.5006,4.76528806,59,17.0,34.0,47.0,23.0,9.0,9.0,81.0,2.0,4.0,101.0,139.0,30.0,,49.083735203857955,0.1381209995615958,0.18802101069706267,0.28139871382636655,0.38306174115755626,0.6644604549839228,4.742765273311897,3.778135048231511
879674,Maxence Lacroix,Defender,3118.0,1.0,1.0,1992.0,3.4551999999999996,1.0486574,30,6.0,8.0,8.0,68.0,41.0,54.0,130.0,22.0,203.0,155.0,108.0,6.0,,57.49839640795381,0.09973316228351507,0.030269135984605518,0.17345381526104414,0.0526434437751004,0.22609725903614455,1.5060240963855422,0.4016064257028112
879810,Flynn Downes,Midfielder,2161.0,1.0,0.0,1414.0,0.6347,1.43539234,10,3.0,8.0,15.0,49.0,25.0,32.0,83.0,9.0,50.0,113.0,111.0,17.0,,58.8894030541416,0.026433595557612218,0.059780338084220265,0.04488684582743989,0.10151289533239037,0.14639974115983026,0.7072135785007072,1.0608203677510608
883537,Luis Díaz,Midfielder,2410.0,13.0,5.0,1315.0,12.0231,4.455483109999999,71,30.0,53.0,56.0,39.0,26.0,7.0,105.0,0.0,7.0,136.0,208.0,49.0,,49.10788381742738,0.44899543568464734,0.16638733605809128,0.9143041825095056,0.33882000836501897,1.2531241908745245,5.399239543726235,4.258555133079848
885864,Frank Onyeka,Midfielder,28.0,0.0,0.0,11.0,0.0,0.01598347,0,0.0,0.0,0.0,0.0,0.0,0.0,2.0,0.0,0.0,0.0,3.0,1.0,,35.357142857142854,0.0,0.05137543928571428,0.0,0.14530427272727273,0.14530427272727273,0.0,0.0
885908,Reece James,Defender,1072.0,1.0,1.0,985.0,0.436,1.15903578,11,3.0,7.0,11.0,10.0,9.0,13.0,66.0,6.0,21.0,51.0,38.0,9.0,,82.69589552238806,0.0366044776119403,0.0973071083955224,0.044263959390862945,0.11766860710659899,0.16193256649746193,1.116751269035533,1.116751269035533
886117,Ross Stewart,Forward,406.0,1.0,0.0,161.0,1.0964,0.05012052,9,2.0,3.0,0.0,6.0,4.0,1.0,6.0,0.0,6.0,29.0,46.0,9.0,,35.689655172413794,0.24304433497536945,0.011110460098522167,0.6809937888198758,0.031130757763975156,0.712124546583851,5.590062111801243,0.0
886242,Jakub Moder,Midfielder,31.0,0.0,0.0,27.0,0.0,0.53644866,0,0.0,0.0,3.0,1.0,0.0,0.0,2.0,0.0,3.0,1.0,3.0,0.0,,78.38709677419355,0.0,1.5574315935483871,0.0,1.986846888888889,1.986846888888889,0.0,11.11111111111111
886363,Matheus Cunha,Forward,2600.0,15.0,6.0,1749.0,8.6288,5.2817245999999995,110,44.0,61.0,58.0,38.0,22.0,17.0,125.0,1.0,19.0,183.0,211.0,55.0,,60.542307692307695,0.29868923076923076,0.18282892846153848,0.4933562035448828,0.30198539736992563,0.7953416009148084,6.289308176100629,3.316180674671241
887581,Boubakary Soumaré,Midfielder,2180.0,0.0,0.0,1523.0,0.2628,1.02946246,7,0.0,27.0,11.0,37.0,20.0,27.0,140.0,10.0,33.0,108.0,83.0,22.0,,62.87614678899082,0.01084954128440367,0.04250074376146789,0.017255416940249506,0.06759438345370977,0.08484980039395928,0.4596191726854892,0.7222586999343401
888550,Joe Willock,Midfielder,1097.0,0.0,2.0,582.0,1.6341999999999999,0.9343852899999999,18,3.0,12.0,22.0,30.0,17.0,6.0,40.0,6.0,5.0,60.0,87.0,23.0,,47.74840474020055,0.1340729261622607,0.07665877493163172,0.28079037800687284,0.1605473006872852,0.4413376786941581,3.0927835051546393,3.7800687285223367
888971,Arijanet Murić,Goalkeeper,1620.0,0.0,0.0,773.0,0.0,0.029657470000000002,0,0.0,0.0,0.0,0.0,0.0,0.0,176.0,0.0,20.0,15.0,4.0,1.0,,42.94444444444444,0.0,0.0016476372222222224,0.0,0.0038366714100905564,0.0038366714100905564,0.0,0.0
891829,Matt O'Riley,Midfielder,964.0,2.0,2.0,554.0,2.8233,1.97425655,22,7.0,8.0,21.0,16.0,9.0,13.0,29.0,3.0,9.0,42.0,41.0,4.0,,51.72199170124481,0.2635860995850623,0.1843185575726141,0.5096209386281588,0.35636399819494585,0.8659849368231047,3.9711191335740073,3.790613718411552
891920,Carlos Vinícius,Forward,33.0,0.0,0.0,10.0,0.037,6.79e-06,1,1.0,1.0,0.0,0.0,0.0,0.0,0.0,0.0,0.0,3.0,1.0,0.0,,27.272727272727273,0.1009090909090909,1.851818181818182e-05,0.37,6.79e-05,0.37006789999999995,10.0,0.0
892673,Sandro Tonali,Midfielder,2631.0,4.0,2.0,1923.0,4.3991,2.76226008,35,12.0,20.0,28.0,51.0,32.0,34.0,177.0,11.0,30.0,132.0,112.0,23.0,,65.78107183580387,0.15048232611174459,0.09449008255416191,0.22876235049401977,0.14364326989079562,0.3724056203848154,1.8200728029121163,1.456058242329693
893478,Luke Woolfenden,Defender,1186.0,0.0,0.0,702.0,0.0277,0.045215530000000004,1,0.0,0.0,0.0,9.0,6.0,19.0,38.0,14.0,76.0,26.0,23.0,0.0,,53.27150084317032,0.0021020236087689716,0.003431195362563238,0.003945868945868946,0.00644095868945869,0.010386827635327637,0.14245014245014245,0.0
894474,Max Kilman,Defender,3349.0,0.0,1.0,2424.0,1.6489,1.2201591,13,3.0,16.0,16.0,39.0,24.0,38.0,146.0,40.0,210.0,181.0,88.0,4.0,,65.14183338309944,0.044312033442818755,0.03279018184532696,0.06802392739273927,0.050336596534653465,0.11836052392739276,0.5363036303630363,0.6600660066006601
894733,Marshall Munetsi,Midfielder,1079.0,2.0,1.0,392.0,3.2969,1.13146138,22,7.0,3.0,9.0,24.0,10.0,6.0,35.0,1.0,17.0,66.0,69.0,12.0,,32.69694161260426,0.27499629286376276,0.09437583336422614,0.8410459183673469,0.28863810714285715,1.129684025510204,5.612244897959184,2.295918367346939
895324,Alexis Mac Allister,Midfielder,2607.0,5.0,5.0,1954.0,2.8327999999999998,5.63897134,38,14.0,16.0,45.0,95.0,58.0,22.0,148.0,6.0,29.0,170.0,187.0,22.0,,67.45684695051784,0.09779516685845799,0.19467104741081703,0.14497441146366427,0.2885860460593654,0.43356045752302974,1.9447287615148412,2.3029682702149437
895576,Marcus Tavernier,Midfielder,1938.0,3.0,5.0,1302.0,5.4824,3.6457785300000003,57,17.0,28.0,43.0,43.0,24.0,5.0,119.0,3.0,9.0,125.0,161.0,47.0,,60.46439628482972,0.25460061919504645,0.16930860046439627,0.42107526881720436,0.2800137119815668,0.701088980798771,4.377880184331797,3.302611367127496
904827,Benoît Badiashile,Defender,333.0,0.0,0.0,342.0,0.0,0.07820034000000001,0,0.0,0.0,0.0,9.0,6.0,6.0,18.0,2.0,12.0,19.0,10.0,0.0,,92.43243243243242,0.0,0.02113522702702703,0.0,0.02286559649122807,0.02286559649122807,0.0,0.0
904897,Ryan Gravenberch,Midfielder,3168.0,0.0,4.0,2462.0,1.1183,3.53281677,20,5.0,37.0,26.0,69.0,35.0,60.0,193.0,10.0,57.0,184.0,140.0,26.0,,69.94318181818181,0.03176988636363637,0.10036411278409092,0.04542242079610073,0.14349377619821285,0.18891619699431356,0.8123476848090982,1.0560519902518277
905163,Mohammed Kudus,Midfielder,2601.0,5.0,3.0,1508.0,6.9009,2.70094552,75,22.0,92.0,31.0,38.0,23.0,4.0,138.0,1.0,8.0,205.0,281.0,93.0,,52.179930795847746,0.2387854671280277,0.09345832249134949,0.45761936339522546,0.17910779310344827,0.6367271564986737,4.973474801061008,2.0557029177718835
905347,Yukinari Sugawara,Defender,1564.0,1.0,1.0,1097.0,0.4863,2.45783375,14,6.0,9.0,18.0,31.0,18.0,11.0,44.0,10.0,47.0,55.0,48.0,5.0,,63.12659846547315,0.02798401534526854,0.141435445971867,0.04432999088422972,0.2240504785779398,0.26838046946216954,1.276207839562443,1.6408386508659982
906047,Cheick Doucouré,Midfielder,462.0,0.0,0.0,286.0,0.4023,0.11250195,7,0.0,2.0,1.0,16.0,8.0,11.0,31.0,0.0,10.0,30.0,27.0,7.0,,55.714285714285715,0.07837012987012987,0.021915964285714285,0.14066433566433564,0.03933634615384616,0.1800006818181818,2.4475524475524475,0.34965034965034963
907072,Mikkel Damsgaard,Midfielder,2926.0,2.0,10.0,2034.0,2.8313,6.98769135,35,7.0,50.0,64.0,83.0,44.0,27.0,179.0,3.0,29.0,172.0,178.0,47.0,,62.56322624743677,0.08708714969241285,0.21493240652768283,0.13919862340216324,0.34354431415929204,0.48274293756145525,1.720747295968535,3.146509341199607
907500,Paris Maghoma,Midfielder,121.0,0.0,0.0,107.0,0.1162,0.04872198,1,0.0,3.0,1.0,2.0,1.0,1.0,7.0,2.0,1.0,10.0,8.0,0.0,,79.58677685950414,0.0864297520661157,0.03623948925619835,0.10859813084112149,0.04553456074766355,0.15413269158878504,0.9345794392523363,0.9345794392523363
907668,Billy Gilmour,Midfielder,97.0,0.0,0.0,79.0,0.0793,0.04459449,1,0.0,1.0,0.0,3.0,3.0,0.0,5.0,0.0,1.0,7.0,4.0,0.0,,73.29896907216495,0.07357731958762886,0.041376330927835055,0.10037974683544304,0.05644872151898734,0.15682846835443037,1.2658227848101267,0.0
910046,Sven Botman,Defender,418.0,0.0,0.0,315.0,0.587,0.22913543,5,2.0,1.0,2.0,12.0,9.0,5.0,14.0,4.0,25.0,34.0,18.0,1.0,,67.82296650717703,0.12638755980861244,0.049335379665071774,0.18634920634920635,0.07274140634920635,0.25909061269841266,1.5873015873015872,0.6349206349206349
911710,Nathan Broadhead,Forward,696.0,2.0,0.0,363.0,1.7288999999999999,1.07574568,13,8.0,17.0,7.0,9.0,4.0,4.0,32.0,1.0,5.0,40.0,53.0,15.0,,46.939655172413794,0.22356465517241378,0.1391050448275862,0.4762809917355371,0.29634867217630856,0.7726296639118457,3.581267217630854,1.9283746556473829
913654,Pedro Porro,Defender,2622.0,2.0,6.0,2333.0,1.5961,4.63650161,39,8.0,14.0,57.0,66.0,49.0,36.0,152.0,17.0,73.0,125.0,123.0,18.0,,80.08009153318078,0.05478604118993135,0.15914765251716248,0.06841405915130733,0.19873560265752252,0.2671496618088298,1.6716673810544362,2.44320617231033
914309,Iliman Ndiaye,Midfielder,2440.0,9.0,0.0,1246.0,6.2444,1.35183541,37,18.0,68.0,18.0,53.0,28.0,20.0,172.0,5.0,15.0,179.0,176.0,44.0,,45.959016393442624,0.2303262295081967,0.049862781516393444,0.5011556982343499,0.10849401364365972,0.6096497118780096,2.9695024077046552,1.4446227929373996
914412,Ben Johnson,Defender,1367.0,1.0,2.0,660.0,1.0591,0.85527447,7,3.0,8.0,12.0,38.0,22.0,13.0,57.0,5.0,53.0,71.0,96.0,17.0,,43.45281638624726,0.0697286027798098,0.05630921894659839,0.16046969696969696,0.1295870409090909,0.29005673787878783,1.0606060606060608,1.8181818181818181
914691,Tariq Lamptey,Defender,869.0,2.0,2.0,556.0,0.38939999999999997,0.78725548,6,2.0,10.0,5.0,17.0,11.0,7.0,39.0,7.0,21.0,38.0,66.0,5.0,,57.58342922899885,0.04032911392405063,0.08153393924050634,0.07003597122302158,0.14159271223021583,0.2116286834532374,1.079136690647482,0.8992805755395683
914902,Anthony Gordon,Forward,2444.0,6.0,5.0,1401.0,8.0315,5.10643866,59,19.0,38.0,52.0,32.0,18.0,7.0,97.0,2.0,5.0,149.0,138.0,38.0,,51.59165302782324,0.2957590016366612,0.18804397684124388,0.5732690935046395,0.36448527194860814,0.9377543654532478,4.211277658815132,3.7116345467523195
917005,Crysencio Summerville,Midfielder,791.0,1.0,1.0,417.0,1.6259000000000001,1.72516297,14,5.0,13.0,17.0,13.0,7.0,0.0,38.0,4.0,6.0,53.0,58.0,16.0,,47.446270543615675,0.18499494310998738,0.19628908634639697,0.38990407673860916,0.41370814628297364,0.8036122230215827,3.357314148681055,4.07673860911271
917007,Joshua Zirkzee,Forward,1406.0,3.0,1.0,644.0,4.8166,1.07062974,28,11.0,11.0,12.0,14.0,8.0,6.0,57.0,4.0,8.0,59.0,122.0,30.0,,41.22332859174965,0.3083172119487909,0.06853248691322901,0.7479192546583852,0.16624685403726708,0.9141661086956523,4.3478260869565215,1.8633540372670807
920546,Robert Sánchez,Goalkeeper,2880.0,0.0,0.0,1443.0,0.0,0.04668117,0,0.0,0.0,2.0,0.0,0.0,2.0,288.0,0.0,36.0,16.0,3.0,0.0,,45.09375000000001,0.0,0.0014587865625000002,0.0,0.0032350083160083165,0.0032350083160083165,0.0,0.1386001386001386
921005,Jack Clarke,Midfielder,1186.0,0.0,4.0,625.0,1.173,1.21038786,17,2.0,25.0,28.0,32.0,20.0,7.0,75.0,0.0,23.0,87.0,88.0,22.0,,47.4283305227656,0.08901349072512649,0.0918506807757167,0.18768,0.1936620576,0.3813420576,2.7199999999999998,4.4799999999999995
922573,Gabriel Martinelli,Forward,2300.0,8.0,4.0,1083.0,7.4062,4.65642663,55,25.0,33.0,40.0,23.0,15.0,5.0,78.0,0.0,16.0,94.0,168.0,38.0,,42.37826086956522,0.2898078260869565,0.1822079985652174,0.6838596491228071,0.42995629085872583,1.1138159399815328,5.078485687903971,3.6934441366574333
923894,Wesley Fofana,Defender,1176.0,0.0,0.0,966.0,0.4415,0.22258576,3,0.0,8.0,6.0,13.0,12.0,14.0,54.0,9.0,52.0,64.0,52.0,5.0,,73.92857142857143,0.03378826530612245,0.017034624489795917,0.04570393374741201,0.023042004140786748,0.06874593788819876,0.3105590062111801,0.6211180124223602
923973,Amadou Onana,Midfielder,1631.0,3.0,0.0,1057.0,2.1178,0.84161888,17,6.0,14.0,10.0,55.0,30.0,26.0,72.0,7.0,40.0,131.0,78.0,9.0,,58.32618025751073,0.11686204782342122,0.04644126253832005,0.20035950804162725,0.07962335666982023,0.27998286471144745,1.608325449385052,0.9460737937559129
924378,Sepp van den Berg,Defender,2588.0,0.0,0.0,1628.0,1.9645,0.53088511,20,6.0,4.0,6.0,39.0,24.0,21.0,97.0,38.0,131.0,142.0,120.0,7.0,,56.61514683153014,0.06831723338485315,0.01846200150695518,0.12066953316953316,0.032609650491400494,0.15327918366093365,1.2285012285012284,0.36855036855036855
924871,Darwin Núñez,Forward,1137.0,5.0,2.0,412.0,5.7062,0.52253626,34,13.0,8.0,12.0,21.0,18.0,4.0,41.0,0.0,11.0,63.0,104.0,21.0,,32.61213720316623,0.45167810026385224,0.04136170923482849,1.385,0.12682918932038834,1.5118291893203883,8.25242718446602,2.912621359223301
927083,Bryan Mbeumo,Forward,3415.0,20.0,7.0,1915.0,12.2635,9.26283636,85,41.0,52.0,70.0,49.0,31.0,14.0,156.0,3.0,51.0,179.0,207.0,47.0,,50.46852122986823,0.3231961932650073,0.2441157459443631,0.6403916449086162,0.48369902663185377,1.1240906715404702,4.43864229765013,3.6553524804177546
927353,Curtis Jones,Midfielder,1735.0,3.0,3.0,1367.0,4.3357,1.5781218799999999,34,13.0,12.0,22.0,39.0,22.0,7.0,97.0,9.0,8.0,90.0,84.0,36.0,,70.91066282420749,0.22490662824207494,0.08186223008645532,0.31716898317483544,0.11544417556693488,0.43261315874177037,2.487198244330651,1.6093635698610096
927356,Neco Williams,Defender,2599.0,1.0,3.0,1667.0,2.3008,1.52857128,37,7.0,18.0,18.0,90.0,57.0,31.0,110.0,10.0,120.0,191.0,125.0,21.0,,57.72604848018469,0.079673720661793,0.05293244140053866,0.13802039592081583,0.0916959376124775,0.22971633353329335,2.2195560887822436,1.0797840431913617
927359,Vítězslav Jaroš,Goalkeeper,11.0,0.0,0.0,11.0,0.0,0.00300626,0,0.0,0.0,0.0,0.0,0.0,0.0,3.0,0.0,1.0,0.0,0.0,0.0,,90.0,0.0,0.024596672727272728,0.0,0.027329636363636365,0.027329636363636365,0.0,0.0
927361,James Garner,Midfielder,1599.0,0.0,1.0,1024.0,0.6678,1.37597079,12,4.0,7.0,13.0,47.0,31.0,23.0,73.0,4.0,34.0,80.0,70.0,9.0,,57.63602251407129,0.03758724202626641,0.07744676116322702,0.06521484375,0.1343721474609375,0.19958699121093748,1.171875,1.26953125
928124,Dejan Kulusevski,Midfielder,2391.0,7.0,4.0,1424.0,4.2327,3.92589167,47,18.0,38.0,66.0,45.0,23.0,13.0,121.0,5.0,9.0,131.0,237.0,74.0,,53.60100376411543,0.1593237139272271,0.14777509422835633,0.29724016853932583,0.275694639747191,0.5729348082865169,3.300561797752809,4.634831460674158
931278,Rayan Aït-Nouri,Defender,3128.0,4.0,7.0,2315.0,2.6886,4.00245471,36,13.0,63.0,47.0,89.0,57.0,26.0,145.0,6.0,66.0,220.0,188.0,47.0,,66.60805626598466,0.0773574168797954,0.11516014191176471,0.11613822894168467,0.17289221209503242,0.28903044103671705,1.5550755939524838,2.0302375809935205
931844,Chris Richards,Defender,1925.0,1.0,0.0,1148.0,1.381,0.61226541,12,6.0,1.0,2.0,47.0,30.0,19.0,51.0,14.0,113.0,101.0,79.0,5.0,,53.67272727272727,0.06456623376623377,0.028625395792207794,0.12029616724738676,0.05333322386759582,0.17362939111498257,1.0452961672473868,0.17421602787456447
932628,Tommy Doyle,Midfielder,521.0,0.0,1.0,478.0,0.5508,0.33380346,9,2.0,5.0,7.0,11.0,6.0,5.0,43.0,5.0,11.0,22.0,25.0,4.0,,82.57197696737045,0.09514779270633397,0.05766278579654511,0.11523012552301254,0.06983335983263599,0.1850634853556485,1.882845188284519,1.4644351464435146
934235,Bukayo Saka,Forward,1735.0,6.0,10.0,1094.0,6.846,7.80207318,67,23.0,41.0,61.0,29.0,15.0,3.0,70.0,0.0,6.0,119.0,123.0,40.0,,56.749279538904894,0.35512391930835735,0.4047184934870317,0.6257769652650823,0.71316939488117,1.3389463601462523,6.124314442413162,5.575868372943328
934354,Antoine Semenyo,Midfielder,3209.0,11.0,5.0,1849.0,9.9787,4.34677849,125,41.0,69.0,46.0,55.0,35.0,11.0,158.0,9.0,34.0,227.0,309.0,77.0,,51.857276410096595,0.27986382050483016,0.12191027239015269,0.5396809085992428,0.23508807409410495,0.7747689826933478,6.760411032990805,2.4878312601406165
934386,Jérémy Doku,Midfielder,1533.0,3.0,6.0,1209.0,1.3178,3.80435385,29,9.0,107.0,32.0,31.0,22.0,4.0,63.0,1.0,2.0,171.0,146.0,59.0,,70.97847358121331,0.07736594911937378,0.22334758414872796,0.1089991728701406,0.31466946650124067,0.42366863937138133,2.3986765922249793,2.6468155500413566
935543,Dwight McNeil,Midfielder,1376.0,4.0,6.0,827.0,1.0887,4.32068057,25,10.0,24.0,37.0,13.0,8.0,6.0,76.0,0.0,2.0,58.0,88.0,33.0,,54.09156976744186,0.07120857558139536,0.2826026535610465,0.13164449818621524,0.5224523059250302,0.6540968041112456,3.0229746070133015,4.474002418379685
936849,Kaoru Mitoma,Midfielder,2608.0,10.0,4.0,1479.0,9.1622,4.03549852,57,27.0,52.0,37.0,45.0,27.0,14.0,99.0,3.0,7.0,147.0,191.0,23.0,,51.03911042944785,0.3161802147239264,0.13926183542944787,0.6194861392832995,0.2728531791751183,0.8923393184584177,3.8539553752535496,2.501690331304936
941168,William Saliba,Defender,3041.0,2.0,0.0,2883.0,2.28,1.28924965,6,3.0,12.0,7.0,62.0,37.0,21.0,154.0,15.0,118.0,152.0,85.0,8.0,,85.32390660966787,0.0674778033541598,0.038156023840841824,0.07908428720083246,0.04471903052375997,0.12380331772459242,0.20811654526534862,0.2428026361429067
943645,Max Aarons,Defender,85.0,0.0,0.0,75.0,0.0,0.0157476,0,0.0,0.0,0.0,2.0,2.0,1.0,7.0,1.0,0.0,4.0,1.0,0.0,,79.41176470588235,0.0,0.016673929411764706,0.0,0.020996800000000003,0.020996800000000003,0.0,0.0
944200,Nathan Wood,Defender,778.0,0.0,0.0,574.0,0.2309,0.04816615,2,0.0,4.0,1.0,14.0,8.0,5.0,20.0,6.0,38.0,37.0,22.0,1.0,,66.40102827763496,0.026710796915167097,0.005571919665809769,0.040226480836236936,0.008391315331010453,0.04861779616724739,0.34843205574912894,0.17421602787456447
945122,Matheus Nunes,Defender,1682.0,1.0,6.0,1479.0,1.2164000000000001,3.3231824,9,4.0,19.0,23.0,35.0,22.0,15.0,70.0,4.0,30.0,88.0,97.0,13.0,,79.13793103448276,0.06508680142687277,0.17781594292508918,0.0822447599729547,0.224691169709263,0.3069359296822177,0.6085192697768762,1.555104800540906
945217,Jean-Clair Todibo,Defender,1855.0,0.0,0.0,1347.0,0.3599,0.09714595,5,0.0,9.0,2.0,47.0,28.0,26.0,79.0,13.0,82.0,90.0,70.0,11.0,,65.35309973045823,0.01746145552560647,0.004713280592991914,0.02671863400148478,0.007212023014105419,0.0339306570155902,0.3711952487008166,0.14847809948032664
945798,Djed Spence,Defender,1805.0,1.0,2.0,1528.0,0.5592,1.36346137,10,3.0,38.0,11.0,47.0,34.0,21.0,109.0,9.0,56.0,129.0,104.0,33.0,,76.18836565096953,0.027882548476454296,0.06798422343490304,0.03659685863874346,0.08923176505235603,0.12582862369109948,0.6544502617801047,0.7198952879581152
946695,Georginio Rutter,Midfielder,1673.0,5.0,3.0,739.0,4.6442,1.66708802,50,12.0,27.0,19.0,39.0,15.0,10.0,66.0,3.0,12.0,136.0,173.0,37.0,,39.75493126120741,0.2498374178123132,0.08968196162582188,0.6284438430311231,0.22558701217861976,0.8540308552097429,6.7658998646820026,2.571041948579161
947929,Jesper Lindstrøm,Midfielder,1245.0,0.0,1.0,679.0,2.1208,1.95014086,28,10.0,8.0,19.0,45.0,25.0,12.0,70.0,3.0,14.0,69.0,118.0,24.0,,49.08433734939759,0.153310843373494,0.14097403807228914,0.31234167893961706,0.2872077849779087,0.5995494639175258,4.123711340206185,2.798232695139912
948261,Morgan Rogers,Midfielder,3129.0,8.0,10.0,1528.0,6.5816,5.24302321,55,20.0,66.0,52.0,43.0,22.0,6.0,119.0,7.0,18.0,173.0,272.0,74.0,,43.950143815915624,0.18930776605944394,0.1508060367209971,0.43073298429319373,0.34312979123036647,0.7738627755235601,3.599476439790576,3.4031413612565444
954056,Nico González,Midfielder,763.0,1.0,0.0,733.0,0.47609999999999997,0.48937081000000004,9,2.0,1.0,1.0,16.0,6.0,8.0,31.0,0.0,21.0,38.0,44.0,11.0,,86.4613368283093,0.05615858453473132,0.057723948754914815,0.06495225102319235,0.06676272987721692,0.13171498090040928,1.227830832196453,0.1364256480218281
955245,Harvey Elliott,Midfielder,399.0,1.0,2.0,350.0,1.7614,0.65236678,17,4.0,4.0,10.0,5.0,3.0,1.0,15.0,2.0,3.0,11.0,16.0,4.0,,78.94736842105263,0.3973082706766917,0.1471504015037594,0.5032571428571428,0.18639050857142858,0.6896476514285714,4.857142857142857,2.857142857142857
957602,Riccardo Calafiori,Defender,984.0,2.0,1.0,683.0,0.8554,0.70776966,10,6.0,9.0,6.0,27.0,19.0,9.0,35.0,6.0,24.0,64.0,49.0,5.0,,62.46951219512195,0.07823780487804878,0.06473502987804877,0.12524158125915083,0.10362659736456807,0.2288681786237189,1.4641288433382138,0.8784773060029283
958380,Antony,Midfielder,155.0,0.0,0.0,109.0,1.0231,0.21217762,6,3.0,4.0,3.0,6.0,3.0,2.0,11.0,0.0,0.0,15.0,13.0,1.0,,63.29032258064516,0.594058064516129,0.12319990838709678,0.938623853211009,0.19465836697247707,1.1332822201834862,5.5045871559633035,2.7522935779816518
958916,Nathan Collins,Defender,3420.0,2.0,3.0,2496.0,2.5006,1.57612457,17,6.0,6.0,10.0,40.0,24.0,34.0,162.0,57.0,220.0,194.0,124.0,8.0,,65.6842105263158,0.06580526315789473,0.04147696236842105,0.10018429487179488,0.06314601642628205,0.1633303112980769,0.6810897435897436,0.4006410256410256
958959,Jurriën Timber,Defender,2422.0,1.0,3.0,1752.0,1.2253,1.26993965,14,4.0,24.0,17.0,58.0,38.0,22.0,94.0,4.0,41.0,133.0,107.0,24.0,,65.10322047894303,0.04553137902559868,0.04719016040462427,0.06993721461187215,0.07248513984018265,0.1424223544520548,0.7990867579908676,0.9703196347031963
958966,Mykhailo Mudryk,Midfielder,158.0,0.0,0.0,73.0,0.2504,0.49429122000000003,1,1.0,3.0,2.0,2.0,2.0,0.0,9.0,1.0,1.0,9.0,17.0,7.0,,41.58227848101266,0.14263291139240508,0.28155828987341774,0.343013698630137,0.6771112602739726,1.0201249589041097,1.36986301369863,2.73972602739726
959628,Mats Wieffer,Defender,1045.0,1.0,4.0,907.0,0.7548,1.00770269,9,4.0,7.0,16.0,58.0,34.0,17.0,68.0,2.0,25.0,107.0,79.0,9.0,,78.11483253588517,0.0650066985645933,0.08678779148325358,0.0832194046306505,0.11110283241455346,0.19432223704520396,0.9922822491730982,1.7640573318632855
962012,Jan Paul van Hecke,Defender,2960.0,1.0,0.0,2645.0,1.3382,1.43677195,17,5.0,5.0,15.0,45.0,29.0,24.0,131.0,22.0,139.0,156.0,104.0,7.0,,80.42229729729729,0.04068851351351351,0.04368563361486487,0.050593572778827985,0.05432030056710776,0.10491387334593573,0.6427221172022685,0.5671077504725899
962053,Filip Jørgensen,Goalkeeper,540.0,0.0,0.0,212.0,0.0,0.00266628,0,0.0,0.0,0.0,0.0,0.0,0.0,27.0,0.0,0.0,1.0,1.0,0.0,,35.333333333333336,0.0,0.00044438,0.0,0.001257679245283019,0.001257679245283019,0.0,0.0
963493,Leif Davis,Defender,2746.0,1.0,2.0,1641.0,0.9604,4.7477768000000005,16,2.0,13.0,61.0,46.0,27.0,25.0,113.0,8.0,71.0,124.0,102.0,16.0,,53.7836853605244,0.031477057538237437,0.15560812527312456,0.058525289457647775,0.28932216940889705,0.3478474588665448,0.9750152346130408,3.717245581962218
964994,Joško Gvardiol,Defender,3279.0,5.0,0.0,3194.0,4.5866,2.9099621399999998,40,12.0,25.0,26.0,58.0,39.0,44.0,137.0,20.0,111.0,164.0,105.0,16.0,,87.66697163769442,0.12589021043000914,0.07987087301006404,0.1436005009392611,0.0911071427676894,0.23470764370695052,1.2523481527864746,0.8140262993112084
966547,Noni Madueke,Forward,2060.0,7.0,3.0,1077.0,9.6434,3.15341217,80,32.0,45.0,34.0,25.0,18.0,10.0,84.0,0.0,10.0,106.0,132.0,25.0,,47.053398058252434,0.4213135922330097,0.1377704346116505,0.8953946146703806,0.29279593036211704,1.1881905450324974,7.428040854224697,3.1569173630454963
967722,Caleb Okoli,Defender,1128.0,1.0,0.0,828.0,0.6178999999999999,0.18049839,4,2.0,0.0,0.0,25.0,14.0,15.0,44.0,14.0,76.0,57.0,46.0,2.0,,66.06382978723404,0.04930053191489361,0.014401467287234043,0.07462560386473428,0.021799322463768117,0.0964249263285024,0.4830917874396135,0.0
970435,Will Smallbone,Midfielder,695.0,1.0,0.0,447.0,0.5626,0.90807835,7,1.0,4.0,10.0,20.0,13.0,2.0,23.0,0.0,14.0,31.0,40.0,6.0,,57.884892086330936,0.0728546762589928,0.1175928798561151,0.12586129753914987,0.20314951901565995,0.32901081655480985,1.5659955257270695,2.237136465324385
971037,Amad Diallo,Midfielder,1908.0,8.0,6.0,1319.0,4.685,4.17759302,47,17.0,41.0,49.0,38.0,31.0,11.0,109.0,2.0,16.0,117.0,126.0,35.0,,62.21698113207547,0.22099056603773584,0.19705627452830188,0.3551933282789992,0.31672426231993933,0.6719175905989385,3.56330553449583,3.7149355572403335
972421,Keane Lewis-Potter,Defender,3101.0,1.0,3.0,1713.0,3.0599,4.93377097,28,14.0,41.0,26.0,49.0,27.0,21.0,146.0,10.0,66.0,148.0,141.0,20.0,,49.71622057400839,0.08880715898097388,0.14319232096098033,0.17862813776999414,0.28801932107413897,0.46664745884413306,1.6345592527729131,1.5178050204319906
973418,Toti Gomes,Defender,2615.0,0.0,1.0,2110.0,0.7298,0.60246681,7,3.0,20.0,9.0,61.0,43.0,25.0,116.0,17.0,147.0,149.0,84.0,15.0,,72.61950286806884,0.025117399617590824,0.02073499537284895,0.03458767772511848,0.028552929383886254,0.06314060710900474,0.33175355450236965,0.42654028436018954
973556,Julio Enciso,Midfielder,1178.0,2.0,3.0,707.0,2.7467,1.32363338,52,22.0,40.0,18.0,12.0,9.0,1.0,58.0,1.0,7.0,94.0,117.0,39.0,,54.015280135823424,0.20984974533106962,0.10112648913412563,0.38850070721357854,0.18721829985855729,0.5757190070721359,7.355021216407355,2.545968882602546
974505,Enzo Fernández,Midfielder,2946.0,6.0,7.0,2327.0,6.127,6.22081178,53,20.0,26.0,81.0,65.0,33.0,13.0,156.0,7.0,20.0,159.0,182.0,28.0,,71.08961303462321,0.18717922606924645,0.19004516639511201,0.26330038676407386,0.2673318341211861,0.5306322208852601,2.2776106574989257,3.4808766652342076
974577,Jhon Durán,Forward,626.0,7.0,0.0,295.0,4.8569,0.25111883,31,15.0,3.0,4.0,8.0,7.0,0.0,19.0,0.0,12.0,45.0,61.0,15.0,,42.412140575079874,0.6982763578274761,0.036103346166134184,1.6464067796610173,0.08512502711864407,1.7315318067796612,10.508474576271185,1.3559322033898304
975079,João Pedro,Forward,1953.0,10.0,6.0,1057.0,8.904,3.0918494599999997,47,20.0,29.0,30.0,16.0,12.0,9.0,59.0,0.0,12.0,132.0,161.0,38.0,,48.70967741935484,0.4103225806451613,0.14248154193548387,0.8423841059602649,0.292511774834437,1.1348958807947018,4.446546830652791,2.838221381267739
975937,Jacob Ramsey,Midfielder,1628.0,1.0,3.0,830.0,1.5697,2.19028025,19,4.0,25.0,22.0,30.0,15.0,8.0,83.0,4.0,8.0,90.0,71.0,23.0,,45.88452088452088,0.08677702702702703,0.121084289004914,0.18912048192771086,0.2638891867469879,0.45300966867469883,2.289156626506024,2.6506024096385543
976025,Armel Bella-Kotchap,Defender,329.0,0.0,0.0,270.0,0.3199,0.015004270000000002,1,0.0,0.0,0.0,7.0,5.0,5.0,19.0,2.0,21.0,15.0,12.0,0.0,,73.86018237082067,0.08751063829787235,0.004104511550151976,0.1184814814814815,0.005557137037037038,0.12403861851851851,0.3703703703703704,0.0
976037,Jakub Kiwior,Defender,1132.0,1.0,0.0,861.0,0.1744,0.30781006,3,1.0,3.0,5.0,22.0,8.0,6.0,31.0,8.0,57.0,40.0,31.0,2.0,,68.45406360424028,0.013865724381625442,0.024472531272084805,0.020255516840882695,0.03575029732868757,0.05600581416957027,0.34843205574912894,0.5807200929152149
976263,Ian Maatsen,Defender,1164.0,1.0,2.0,976.0,0.8601,2.42877514,19,5.0,13.0,21.0,29.0,17.0,15.0,67.0,0.0,27.0,61.0,65.0,25.0,,75.4639175257732,0.06650257731958763,0.18779189226804124,0.088125,0.2488499118852459,0.3369749118852459,1.9467213114754098,2.151639344262295
978150,Julián Araujo,Defender,516.0,0.0,0.0,283.0,0.0,0.10219202,0,0.0,0.0,1.0,10.0,5.0,6.0,29.0,0.0,16.0,15.0,26.0,2.0,,49.360465116279066,0.0,0.01782418953488372,0.0,0.036110254416961134,0.036110254416961134,0.0,0.35335689045936397
979232,Anthony Elanga,Forward,2507.0,6.0,11.0,1216.0,4.4708,5.10829638,44,24.0,25.0,50.0,19.0,14.0,6.0,89.0,1.0,20.0,115.0,140.0,43.0,,43.65376944555245,0.16049940167530913,0.18338519114479457,0.3676644736842105,0.42009016282894734,0.7877546365131579,3.618421052631579,4.111842105263158
979563,Jarrad Branthwaite,Defender,2525.0,0.0,1.0,1558.0,1.2016,0.60351953,10,3.0,3.0,3.0,36.0,20.0,27.0,93.0,23.0,188.0,118.0,68.0,4.0,,55.53267326732673,0.04282930693069307,0.021511587207920794,0.07712451861360718,0.03873681193838254,0.11586133055198973,0.6418485237483954,0.19255455712451863
980634,Tino Livramento,Defender,2842.0,0.0,1.0,2081.0,0.3283,2.67769111,6,2.0,25.0,26.0,54.0,36.0,23.0,189.0,11.0,94.0,141.0,130.0,39.0,,65.90077410274455,0.01039655172413793,0.084796692434905,0.0157760691975012,0.12867328736184527,0.14444935655934646,0.2883229216722729,1.2493993272465163
980637,Taylor Harwood-Bellis,Defender,2828.0,1.0,0.0,2521.0,1.7852000000000001,0.66520214,20,8.0,3.0,14.0,28.0,20.0,30.0,123.0,43.0,140.0,108.0,105.0,5.0,,80.22984441301273,0.056813295615275816,0.02116979936350778,0.07081316937723126,0.026386439508131694,0.09719960888536296,0.7933359777865925,0.5553351844506148
982613,Boubacar Traoré,Midfielder,1.0,0.0,0.0,2.0,0.0,0.0,0,0.0,0.0,0.0,2.0,0.0,0.0,0.0,0.0,0.0,2.0,1.0,0.0,,180.0,0.0,0.0,0.0,0.0,0.0,0.0,0.0
982780,Cole Palmer,Midfielder,3195.0,15.0,8.0,2005.0,17.271900000000002,9.14414454,126,51.0,51.0,91.0,34.0,20.0,11.0,106.0,1.0,19.0,147.0,120.0,37.0,,56.478873239436616,0.4865323943661973,0.25758153633802816,0.8614413965087282,0.45606705935162095,1.3175084558603491,6.28428927680798,4.538653366583541
983572,Destiny Udogie,Defender,1938.0,0.0,1.0,1468.0,0.3003,1.2020484999999999,5,1.0,13.0,16.0,75.0,47.0,22.0,111.0,6.0,28.0,139.0,91.0,19.0,,68.1733746130031,0.013945820433436533,0.05582268575851392,0.02045640326975477,0.0818834128065395,0.10233981607629426,0.3405994550408719,1.08991825613079
983816,Jeremy Sarmiento,Midfielder,8.0,0.0,0.0,8.0,0.0,0.00210137,0,0.0,0.0,0.0,0.0,0.0,0.0,1.0,0.0,0.0,0.0,0.0,0.0,,90.0,0.0,0.0236404125,0.0,0.026267125,0.026267125,0.0,0.0
985086,Morato,Defender,922.0,0.0,0.0,467.0,0.1802,0.04386598,2,1.0,2.0,0.0,22.0,14.0,10.0,36.0,5.0,75.0,32.0,36.0,3.0,,45.58568329718004,0.01759002169197397,0.0042819286334056395,0.03858672376873662,0.00939314346895075,0.047979867237687365,0.4282655246252677,0.0
987489,Beto,Forward,1541.0,8.0,0.0,601.0,7.8648,0.46924525,49,23.0,19.0,12.0,14.0,6.0,4.0,40.0,2.0,24.0,155.0,195.0,37.0,,35.10058403634004,0.4593329007138222,0.027405627839065545,1.3086189683860232,0.07807741264559069,1.3866963810316137,8.153078202995008,1.9966722129783694
987650,Moisés Caicedo,Midfielder,3356.0,1.0,2.0,2721.0,0.8224,2.8154316,20,3.0,29.0,30.0,114.0,73.0,49.0,229.0,10.0,53.0,236.0,165.0,25.0,,72.97079856972586,0.022054827175208583,0.07550323122765197,0.030224182285924293,0.10347047409040794,0.13369465637633224,0.735023888276369,1.1025358324145533
988275,Tyrick Mitchell,Midfielder,3102.0,0.0,5.0,1838.0,1.3119,3.71274709,12,3.0,16.0,41.0,91.0,55.0,19.0,168.0,12.0,95.0,152.0,111.0,30.0,,53.32688588007738,0.03806286266924565,0.10771993491295939,0.07137649619151253,0.20199929760609361,0.2733757937976061,0.6528835690968444,2.2306855277475517
989894,Woyo Coulibaly,Defender,107.0,0.0,0.0,81.0,0.0445,0.04021788,2,1.0,0.0,0.0,6.0,4.0,5.0,14.0,1.0,1.0,7.0,6.0,0.0,,68.13084112149532,0.03742990654205607,0.03382812336448598,0.05493827160493827,0.0496517037037037,0.10458997530864197,2.4691358024691357,0.0
990821,Jacob Greaves,Defender,2205.0,1.0,0.0,1447.0,1.3087000000000002,0.21386343,10,4.0,4.0,5.0,40.0,21.0,21.0,61.0,26.0,144.0,148.0,72.0,2.0,,59.061224489795926,0.053416326530612256,0.008729119591836735,0.09044229440221148,0.014779780926053905,0.10522207532826539,0.691085003455425,0.3455425017277125
991584,Luke Thomas,Defender,1112.0,0.0,0.0,799.0,0.36050000000000004,0.51116443,5,0.0,3.0,9.0,31.0,25.0,21.0,42.0,6.0,45.0,57.0,54.0,4.0,,64.66726618705036,0.0291771582733813,0.041371221852517986,0.045118898623279106,0.06397552315394242,0.10909442177722153,0.6257822277847309,1.1264080100125156
991604,Fabio Carvalho,Forward,456.0,2.0,1.0,267.0,2.4863,0.5554414,12,6.0,2.0,4.0,13.0,9.0,3.0,30.0,1.0,2.0,27.0,36.0,8.0,,52.69736842105263,0.4907171052631579,0.10962659210526315,0.9311985018726592,0.20803048689138573,1.139228988764045,4.49438202247191,1.4981273408239701
993439,Harry Clarke,Midfielder,378.0,0.0,0.0,278.0,0.081,0.09329802,1,1.0,1.0,1.0,5.0,3.0,4.0,17.0,4.0,12.0,17.0,15.0,2.0,,66.19047619047619,0.019285714285714288,0.022213814285714284,0.029136690647482016,0.03356043884892086,0.06269712949640287,0.3597122302158274,0.3597122302158274
993451,Cameron Archer,Forward,1452.0,2.0,0.0,452.0,5.721299999999999,0.72961875,29,11.0,15.0,5.0,13.0,8.0,2.0,35.0,1.0,9.0,50.0,98.0,26.0,,28.016528925619834,0.35462603305785123,0.045224302685950415,1.2657743362831857,0.16142007743362832,1.4271944137168142,6.415929203539823,1.1061946902654867
994363,Bart Verbruggen,Goalkeeper,3240.0,0.0,1.0,1489.0,0.0,0.03828347,0,0.0,2.0,1.0,0.0,0.0,0.0,276.0,0.0,46.0,14.0,4.0,0.0,,41.361111111111114,0.0,0.0010634297222222222,0.0,0.00257108596373405,0.00257108596373405,0.0,0.0671591672263264
994546,Elliot Anderson,Midfielder,2742.0,2.0,6.0,2006.0,2.1106,3.62866705,40,7.0,36.0,37.0,92.0,56.0,31.0,207.0,9.0,68.0,242.0,220.0,49.0,,65.84245076586433,0.06927571115973742,0.11910285722100657,0.10521435692921235,0.18089068045862414,0.2861050373878365,1.9940179461615155,1.844466600199402
996911,Levi Colwill,Defender,3149.0,2.0,1.0,2965.0,1.8855,1.21379907,17,4.0,6.0,15.0,47.0,34.0,33.0,121.0,25.0,116.0,156.0,120.0,8.0,,84.74118767862814,0.05388853604318831,0.03469098644013973,0.06359190556492411,0.04093757403035413,0.10452947959527824,0.5733558178752108,0.5059021922428331
996958,Malo Gusto,Defender,1876.0,0.0,1.0,1656.0,1.7040000000000002,1.93563567,22,5.0,4.0,22.0,45.0,29.0,24.0,119.0,8.0,40.0,78.0,86.0,17.0,,79.44562899786781,0.08174840085287848,0.09286098630063966,0.10289855072463769,0.11688621195652174,0.2197847626811594,1.328502415458937,1.328502415458937
996985,Armando Broja,Forward,336.0,0.0,0.0,152.0,0.1121,0.1105895,4,0.0,8.0,4.0,3.0,1.0,1.0,9.0,0.0,4.0,33.0,47.0,13.0,,40.714285714285715,0.030026785714285714,0.029622187499999997,0.07375,0.07275625,0.14650625,2.631578947368421,2.631578947368421
997087,Liam Delap,Forward,2612.0,12.0,2.0,821.0,9.343,1.40259241,68,32.0,40.0,21.0,11.0,8.0,2.0,68.0,0.0,28.0,157.0,256.0,60.0,,28.288667687595712,0.32192572741194486,0.048328222396630933,1.1380024360535932,0.17083951400730815,1.3088419500609014,8.28258221680877,2.5578562728380025
997103,Radu Drăguşin,Defender,1251.0,0.0,0.0,984.0,0.1241,0.15579799,5,1.0,0.0,4.0,10.0,6.0,15.0,48.0,16.0,46.0,53.0,36.0,2.0,,70.79136690647482,0.008928057553956835,0.011208488489208633,0.012611788617886178,0.015833129065040648,0.02844491768292683,0.5081300813008129,0.40650406504065045
997830,Jakub Stolarczyk,Goalkeeper,900.0,0.0,0.0,444.0,0.0,0.01218298,0,0.0,0.0,0.0,2.0,1.0,0.0,64.0,0.0,16.0,7.0,1.0,0.0,,44.4,0.0,0.001218298,0.0,0.0027439144144144143,0.0027439144144144143,0.0,0.0
998247,Micky van de Ven,Defender,1018.0,0.0,2.0,916.0,0.5661,0.69689516,6,2.0,4.0,2.0,10.0,6.0,10.0,63.0,8.0,38.0,42.0,45.0,5.0,,80.98231827111984,0.05004813359528488,0.06161155638506876,0.06180131004366812,0.07608025764192139,0.1378815676855895,0.6550218340611353,0.21834061135371177
998253,Jake O'Brien,Defender,1574.0,2.0,0.0,916.0,0.7801,0.32262265,6,3.0,4.0,6.0,26.0,17.0,4.0,52.0,4.0,89.0,76.0,61.0,5.0,,52.37611181702669,0.04460546378653113,0.01844729256670902,0.08516375545851529,0.03522081331877729,0.12038456877729259,0.6550218340611353,0.6550218340611353
998490,Evanilson,Forward,2335.0,10.0,1.0,630.0,12.4632,1.78251019,73,32.0,7.0,26.0,16.0,10.0,1.0,67.0,2.0,21.0,118.0,133.0,24.0,,24.282655246252673,0.48038029978586727,0.0687048895503212,1.9782857142857144,0.2829381253968254,2.2612238396825397,11.587301587301587,4.1269841269841265
998772,Dane Scarlett,Forward,37.0,0.0,1.0,10.0,0.0358,0.0002235,1,1.0,0.0,1.0,1.0,0.0,0.0,3.0,0.0,1.0,3.0,1.0,1.0,,24.324324324324326,0.08708108108108108,0.0005436486486486487,0.358,0.002235,0.36023499999999997,10.0,10.0
998835,Nathan Butler-Oyedeji,Forward,11.0,0.0,0.0,1.0,0.0733,0.0,1,1.0,0.0,0.0,0.0,0.0,0.0,0.0,0.0,0.0,0.0,0.0,0.0,,8.181818181818182,0.5997272727272728,0.0,7.33,0.0,7.33,100.0,0.0
998928,Eiran Cashin,Defender,19.0,0.0,0.0,32.0,0.0,0.004431549999999999,0,0.0,0.0,0.0,0.0,0.0,0.0,1.0,0.0,2.0,2.0,3.0,0.0,,151.57894736842104,0.0,0.020991552631578946,0.0,0.013848593749999999,0.013848593749999999,0.0,0.0
999231,Evan Ferguson,Forward,418.0,1.0,0.0,174.0,1.0987,0.67265926,12,3.0,4.0,5.0,7.0,4.0,1.0,18.0,2.0,5.0,23.0,40.0,11.0,,37.464114832535884,0.2365622009569378,0.14483094114832537,0.6314367816091954,0.3865857816091954,1.0180225632183908,6.896551724137931,2.8735632183908044
1000263,Albert Grønbæk,Midfielder,150.0,0.0,0.0,43.0,0.1162,0.01112469,2,0.0,0.0,1.0,4.0,1.0,0.0,6.0,1.0,1.0,7.0,15.0,4.0,,25.8,0.06972,0.006674813999999999,0.2702325581395349,0.025871372093023256,0.2961039302325581,4.651162790697675,2.3255813953488373
1002711,Pape Matar Sarr,Midfielder,1913.0,3.0,2.0,1342.0,3.7171,0.79377411,34,13.0,11.0,16.0,49.0,36.0,30.0,115.0,10.0,24.0,129.0,129.0,22.0,,63.13643491897543,0.17487663355985364,0.03734431254573968,0.2769821162444113,0.05914859239940387,0.33613070864381517,2.533532041728763,1.1922503725782414
1003334,James McAtee,Midfielder,362.0,3.0,0.0,174.0,2.8028,0.8120565200000001,12,4.0,2.0,3.0,5.0,2.0,2.0,8.0,0.0,1.0,12.0,21.0,1.0,,43.25966850828729,0.696828729281768,0.2018925049723757,1.6108045977011494,0.46669914942528734,2.077503747126437,6.896551724137931,1.7241379310344827
1003339,Jarell Quansah,Defender,496.0,0.0,0.0,470.0,0.0953,0.19539521,1,0.0,1.0,2.0,12.0,8.0,7.0,19.0,7.0,27.0,21.0,26.0,2.0,,85.28225806451613,0.01729233870967742,0.03545477600806452,0.02027659574468085,0.04157344893617022,0.061850044680851056,0.2127659574468085,0.425531914893617
1005959,Hákon Rafn Valdimarsson,Goalkeeper,144.0,0.0,0.0,78.0,0.0,0.00445174,0,0.0,0.0,0.0,0.0,0.0,0.0,14.0,0.0,3.0,1.0,0.0,0.0,,48.75,0.0,0.0027823375,0.0,0.005707358974358975,0.005707358974358975,0.0,0.0
1006073,Rodrigo Gomes,Midfielder,823.0,2.0,0.0,440.0,0.6796,0.73797791,7,3.0,5.0,13.0,23.0,15.0,7.0,28.0,1.0,16.0,42.0,46.0,9.0,,48.11664641555286,0.074318347509113,0.08070232308626975,0.15445454545454546,0.16772225227272727,0.3221767977272727,1.5909090909090908,2.9545454545454546
1006387,Kevin Schade,Midfielder,2309.0,11.0,2.0,979.0,8.2031,1.75688701,55,27.0,30.0,23.0,39.0,25.0,5.0,83.0,4.0,30.0,197.0,199.0,36.0,,38.15937635339974,0.31973971416197483,0.06847978817669986,0.8379060265577118,0.17945730439223698,1.0173633309499488,5.617977528089887,2.3493360572012256
1008402,Conor Bradley,Defender,756.0,0.0,2.0,696.0,0.7001999999999999,1.4180583599999999,10,3.0,10.0,7.0,14.0,10.0,4.0,51.0,2.0,25.0,49.0,47.0,5.0,,82.85714285714285,0.08335714285714285,0.1688164714285714,0.10060344827586207,0.2037440172413793,0.30434746551724134,1.4367816091954022,1.0057471264367817
1009920,Welington,Defender,486.0,0.0,0.0,293.0,0.0369,0.16474951,3,0.0,5.0,3.0,21.0,9.0,7.0,21.0,1.0,33.0,39.0,24.0,4.0,,54.25925925925926,0.006833333333333334,0.030509168518518516,0.012593856655290102,0.056228501706484635,0.06882235836177474,1.023890784982935,1.023890784982935
1010010,Ali Al-Hamadi,Forward,145.0,0.0,0.0,64.0,0.3505,0.04897908,4,0.0,4.0,2.0,1.0,0.0,0.0,4.0,0.0,2.0,13.0,26.0,4.0,,39.724137931034484,0.217551724137931,0.03040080827586207,0.54765625,0.0765298125,0.6241860625,6.25,3.125
1011895,Jota Silva,Forward,891.0,3.0,1.0,399.0,2.1066,1.84267396,23,7.0,10.0,14.0,27.0,14.0,12.0,43.0,1.0,16.0,81.0,101.0,12.0,,40.303030303030305,0.21278787878787878,0.18612868282828282,0.52796992481203,0.4618230476190476,0.9897929724310776,5.764411027568922,3.508771929824561
1012415,Ronnie Edwards,Defender,12.0,0.0,0.0,6.0,0.0,9.498e-05,0,0.0,0.0,0.0,0.0,0.0,0.0,0.0,1.0,0.0,0.0,0.0,0.0,,45.0,0.0,0.0007123499999999999,0.0,0.001583,0.001583,0.0,0.0
1013842,Emmanuel Agbadou,Defender,1411.0,1.0,0.0,1201.0,0.8450000000000001,0.31686307,7,2.0,10.0,4.0,30.0,19.0,12.0,83.0,13.0,89.0,70.0,40.0,4.0,,76.60524450744153,0.053897944720056705,0.020210968320340184,0.07035803497085762,0.026383269775187346,0.09674130474604498,0.5828476269775187,0.33305578684429643
1013987,Jay Stansfield,Forward,1.0,0.0,0.0,0.0,0.0,0.0,0,0.0,0.0,0.0,0.0,0.0,0.0,0.0,0.0,0.0,0.0,1.0,0.0,,0.0,0.0,0.0,,,,,
1014461,Jaden Philogene-Bidace,Midfielder,804.0,2.0,0.0,406.0,2.4341,0.33586554,19,6.0,9.0,6.0,25.0,12.0,13.0,44.0,1.0,8.0,57.0,67.0,13.0,,45.44776119402985,0.27247388059701494,0.03759688880597015,0.5995320197044335,0.08272550246305418,0.6822575221674876,4.679802955665025,1.477832512315271
1014835,Yerson Mosquera,Defender,442.0,0.0,0.0,306.0,0.3495,0.03208165,2,0.0,0.0,2.0,11.0,7.0,10.0,24.0,10.0,14.0,29.0,18.0,1.0,,62.30769230769231,0.07116515837104072,0.006532462669683259,0.11421568627450979,0.01048419934640523,0.12469988562091502,0.6535947712418301,0.6535947712418301
1015256,Rodrigo Muniz,Forward,967.0,8.0,1.0,371.0,5.8126999999999995,0.22296051,39,19.0,6.0,7.0,10.0,5.0,5.0,14.0,2.0,14.0,114.0,107.0,24.0,,34.52947259565667,0.5409958634953463,0.0207512367114788,1.5667654986522908,0.060097172506738544,1.6268626711590295,10.512129380053908,1.8867924528301887
1015267,João Gomes,Midfielder,2987.0,3.0,1.0,2154.0,2.8928,1.8989808000000001,35,7.0,30.0,23.0,116.0,71.0,25.0,200.0,4.0,32.0,204.0,236.0,51.0,,64.90123870103784,0.08716170070304653,0.05721736591898226,0.13429897864438253,0.08816066852367689,0.2224596471680594,1.6248839368616528,1.0677808727948004
1015733,Ramón Sosa,Forward,327.0,1.0,0.0,175.0,1.0116,0.36342010999999996,11,5.0,8.0,8.0,5.0,3.0,4.0,25.0,0.0,4.0,25.0,27.0,5.0,,48.165137614678905,0.27842201834862385,0.10002388348623853,0.5780571428571429,0.20766863428571428,0.7857257771428572,6.2857142857142865,4.571428571428571
1015826,Chiquinho,Forward,12.0,0.0,0.0,3.0,0.0,0.0450055,0,0.0,0.0,1.0,0.0,0.0,0.0,1.0,0.0,0.0,0.0,1.0,0.0,,22.5,0.0,0.33754124999999996,0.0,1.5001833333333332,1.5001833333333332,0.0,33.33333333333333
1016893,Luís Guilherme,Midfielder,176.0,0.0,0.0,111.0,0.41600000000000004,0.14218197999999999,4,1.0,7.0,3.0,1.0,0.0,3.0,7.0,0.0,1.0,14.0,11.0,3.0,,56.76136363636364,0.21272727272727274,0.07270669431818182,0.3747747747747748,0.12809187387387386,0.5028666486486487,3.6036036036036037,2.7027027027027026
1016907,Igor Thiago,Forward,174.0,0.0,0.0,93.0,0.1288,0.0397357,2,0.0,3.0,2.0,5.0,3.0,2.0,12.0,0.0,3.0,18.0,13.0,2.0,,48.103448275862064,0.06662068965517241,0.020552948275862067,0.13849462365591397,0.042726559139784945,0.18122118279569893,2.1505376344086025,2.1505376344086025
1017392,Carlos Alcaraz,Midfielder,770.0,2.0,3.0,429.0,1.7926,0.67931439,27,12.0,9.0,15.0,11.0,5.0,6.0,39.0,2.0,10.0,47.0,52.0,13.0,,50.142857142857146,0.2095246753246753,0.07940038324675325,0.41785547785547783,0.15834834265734266,0.5762038205128206,6.293706293706294,3.4965034965034967
1019442,Kamaldeen Sulemana,Forward,1427.0,1.0,1.0,661.0,1.4869,0.84990142,29,8.0,39.0,10.0,22.0,17.0,6.0,63.0,4.0,7.0,85.0,134.0,25.0,,41.688857743517865,0.09377785564120532,0.053602752487736514,0.22494704992435705,0.12857812708018154,0.35352517700453856,4.387291981845689,1.5128593040847202
1020141,Nathan Patterson,Defender,345.0,0.0,1.0,226.0,0.0728,0.37959009,1,0.0,9.0,4.0,11.0,6.0,2.0,12.0,0.0,5.0,22.0,24.0,2.0,,58.95652173913043,0.018991304347826088,0.09902350173913042,0.032212389380530976,0.1679602168141593,0.20017260619469027,0.4424778761061947,1.7699115044247788
1023567,Ilya Zabarnyi,Defender,3113.0,0.0,1.0,2096.0,1.2731,0.75755401,12,1.0,6.0,12.0,52.0,36.0,41.0,157.0,20.0,179.0,142.0,84.0,3.0,,60.59749437841311,0.03680661741085769,0.021901657854159973,0.06073950381679389,0.03614284398854962,0.09688234780534352,0.5725190839694656,0.5725190839694656
1031251,Antonín Kinský,Goalkeeper,540.0,0.0,0.0,273.0,0.0,0.00720345,0,0.0,0.0,1.0,3.0,1.0,0.0,55.0,0.0,15.0,5.0,0.0,0.0,,45.5,0.0,0.0012005750000000002,0.0,0.0026386263736263736,0.0026386263736263736,0.0,0.3663003663003663
1031258,Yehor Yarmoliuk,Midfielder,1462.0,0.0,0.0,1016.0,0.6134000000000001,0.9106779,9,2.0,13.0,9.0,49.0,28.0,13.0,113.0,9.0,31.0,83.0,87.0,21.0,,62.54445964432285,0.03776060191518468,0.05606088303693571,0.0603740157480315,0.08963365157480314,0.15000766732283466,0.8858267716535433,0.8858267716535433
1035996,André,Midfielder,2495.0,0.0,0.0,1723.0,0.4182,0.65602496,10,1.0,16.0,18.0,91.0,55.0,37.0,194.0,8.0,29.0,143.0,100.0,21.0,,62.15230460921843,0.015085370741482968,0.023664227014028056,0.024271619268717355,0.0380745769007545,0.06234619616947185,0.5803830528148578,1.044689495066744
1036269,Yasin Ayari,Midfielder,1990.0,2.0,1.0,1310.0,2.4403,2.64098501,28,8.0,18.0,30.0,59.0,32.0,20.0,118.0,6.0,25.0,119.0,124.0,22.0,,59.246231155778894,0.11036532663316584,0.1194415331155779,0.18628244274809164,0.20160190916030538,0.387884351908397,2.1374045801526718,2.2900763358778624
1046795,Savinho,Midfielder,1770.0,1.0,8.0,1208.0,5.0113,6.10457636,55,21.0,52.0,46.0,23.0,17.0,6.0,79.0,2.0,9.0,104.0,105.0,38.0,,61.42372881355932,0.25481186440677966,0.31040218779661016,0.4148427152317881,0.505345725165563,0.9201884403973511,4.5529801324503305,3.80794701986755
1048888,Mathys Tel,Forward,934.0,2.0,1.0,453.0,2.9788,1.50583414,23,9.0,15.0,14.0,16.0,6.0,2.0,38.0,1.0,8.0,51.0,75.0,15.0,,43.650963597430405,0.2870364025695932,0.1451017907922912,0.6575717439293599,0.3324137174392936,0.9899854613686534,5.077262693156733,3.090507726269316
1048916,Lesley Ugochukwu,Midfielder,1664.0,1.0,1.0,931.0,0.8632,0.59995227,10,1.0,19.0,14.0,50.0,24.0,14.0,67.0,10.0,23.0,105.0,87.0,13.0,,50.35456730769231,0.0466875,0.032449341526442306,0.09271750805585391,0.06444170461868957,0.1571592126745435,1.0741138560687433,1.5037593984962405
1064039,Danilo Santos,Midfielder,293.0,0.0,0.0,156.0,0.0,0.02369845,0,0.0,3.0,0.0,8.0,4.0,4.0,19.0,1.0,2.0,12.0,10.0,0.0,,47.918088737201366,0.0,0.007279387372013652,0.0,0.015191314102564102,0.015191314102564102,0.0,0.0
1064218,Chadi Riad,Defender,90.0,0.0,0.0,91.0,0.0,0.0204211,0,0.0,0.0,0.0,5.0,2.0,2.0,4.0,0.0,0.0,7.0,6.0,0.0,,91.0,0.0,0.0204211,0.0,0.022440769230769233,0.022440769230769233,0.0,0.0
1065134,Kasey McAteer,Midfielder,874.0,1.0,1.0,421.0,1.0264,0.6250018399999999,13,7.0,6.0,9.0,23.0,16.0,5.0,45.0,2.0,13.0,57.0,80.0,16.0,,43.35240274599543,0.1056933638443936,0.06435945720823798,0.24380047505938243,0.1484564940617577,0.39225696912114016,3.0878859857482186,2.137767220902613
1065214,Samuel Edozie,Midfielder,64.0,0.0,0.0,46.0,0.0,0.15514638,0,0.0,2.0,1.0,3.0,1.0,0.0,1.0,0.0,0.0,6.0,4.0,0.0,,64.6875,0.0,0.218174596875,0.0,0.3372747391304348,0.3372747391304348,0.0,2.1739130434782608
1065216,Oscar Bobb,Midfielder,18.0,0.0,0.0,18.0,0.0,0.02299913,0,0.0,2.0,1.0,0.0,0.0,0.0,2.0,0.0,0.0,3.0,0.0,0.0,,90.0,0.0,0.11499564999999999,0.0,0.12777294444444443,0.12777294444444443,0.0,5.555555555555555
1065588,Diego Gómez,Midfielder,512.0,1.0,0.0,422.0,0.8724000000000001,1.15428336,9,3.0,6.0,9.0,21.0,13.0,8.0,32.0,0.0,10.0,40.0,37.0,9.0,,74.1796875,0.1533515625,0.202901371875,0.20672985781990524,0.27352686255924175,0.48025672037914685,2.132701421800948,2.132701421800948
1069486,Carlos Forbs,Midfielder,241.0,0.0,0.0,133.0,0.1439,0.11133327999999999,2,0.0,7.0,2.0,8.0,5.0,1.0,11.0,0.0,2.0,17.0,16.0,4.0,,49.66804979253112,0.053738589211618254,0.041576743568464726,0.10819548872180451,0.08370923308270675,0.1919047218045113,1.5037593984962405,1.5037593984962405
1069488,Roméo Lavia,Midfielder,801.0,0.0,1.0,526.0,0.2565,0.36077884,2,0.0,10.0,7.0,22.0,13.0,16.0,40.0,0.0,10.0,51.0,46.0,7.0,,59.10112359550562,0.028820224719101124,0.04053694831460674,0.04876425855513308,0.06858913307984792,0.11735339163498099,0.38022813688212925,1.3307984790874523
1083020,Alfie Pond,Defender,1.0,0.0,0.0,1.0,0.0,6.46e-06,0,0.0,0.0,0.0,0.0,0.0,0.0,0.0,0.0,0.0,0.0,0.0,0.0,,90.0,0.0,0.0005814,0.0,0.000646,0.000646,0.0,0.0
1084311,Justin Devenny,Midfielder,519.0,1.0,1.0,288.0,0.7637,0.40786288,10,6.0,2.0,7.0,17.0,12.0,0.0,27.0,1.0,11.0,21.0,37.0,3.0,,49.9421965317919,0.1324335260115607,0.07072766705202312,0.2651736111111111,0.14161905555555554,0.4067926666666667,3.4722222222222223,2.430555555555556
1084356,Toby Collyer,Midfielder,175.0,0.0,0.0,136.0,0.1719,0.38780642,1,0.0,1.0,2.0,12.0,9.0,2.0,17.0,1.0,3.0,20.0,5.0,1.0,,69.94285714285714,0.08840571428571428,0.1994433017142857,0.12639705882352942,0.2851517794117647,0.41154883823529403,0.7352941176470588,1.4705882352941175
1085180,Brennan Johnson,Forward,2186.0,11.0,3.0,916.0,10.3966,2.04891978,54,20.0,19.0,19.0,39.0,26.0,4.0,63.0,3.0,10.0,91.0,101.0,17.0,,37.712717291857274,0.42803934126258003,0.08435625809698079,1.1349999999999998,0.22368119868995628,1.3586811986899563,5.895196506550218,2.074235807860262
1085381,Nicolas Jackson,Forward,2238.0,10.0,5.0,769.0,12.3431,1.92370094,76,35.0,18.0,28.0,22.0,13.0,3.0,48.0,2.0,15.0,90.0,146.0,41.0,,30.924932975871315,0.49637131367292225,0.07736062761394102,1.6050845253576072,0.2501561690507152,1.8552406944083226,9.882964889466841,3.6410923276983094
1085950,Tim Iroegbunam,Midfielder,582.0,0.0,1.0,311.0,0.2376,0.13466588,5,0.0,8.0,3.0,29.0,14.0,16.0,51.0,4.0,11.0,60.0,54.0,18.0,,48.092783505154635,0.03674226804123711,0.020824620618556697,0.07639871382636657,0.04330092604501607,0.11969963987138263,1.607717041800643,0.964630225080386
1086417,Rasmus Højlund,Forward,2022.0,4.0,0.0,586.0,5.2446,1.06194645,32,13.0,9.0,16.0,3.0,1.0,2.0,35.0,0.0,6.0,71.0,170.0,33.0,,26.083086053412462,0.23343916913946589,0.047267646142433235,0.8949829351535836,0.18121953071672353,1.076202465870307,5.460750853242321,2.7303754266211606
1087359,Renato Veiga,Defender,184.0,0.0,0.0,172.0,0.14939999999999998,0.15616985999999997,3,1.0,3.0,0.0,9.0,6.0,1.0,9.0,1.0,2.0,16.0,19.0,0.0,,84.1304347826087,0.07307608695652172,0.07638743152173912,0.08686046511627907,0.09079643023255812,0.1776568953488372,1.744186046511628,0.0
1089388,Lamare Bogarde,Midfielder,481.0,0.0,0.0,348.0,0.041,0.13227814,1,1.0,2.0,2.0,14.0,6.0,1.0,13.0,3.0,12.0,33.0,29.0,8.0,,65.11434511434511,0.007671517671517671,0.024750587525987525,0.011781609195402299,0.038010959770114934,0.04979256896551724,0.28735632183908044,0.5747126436781609
1090963,Omari Hutchinson,Midfielder,2590.0,3.0,2.0,1399.0,2.85,2.45645691,45,19.0,51.0,31.0,32.0,13.0,11.0,110.0,2.0,7.0,135.0,213.0,58.0,,48.61389961389961,0.09903474903474903,0.08535950652509652,0.20371694067190851,0.17558662687634025,0.37930356754824873,3.216583273766976,2.215868477483917
1092409,Victor Kristiansen,Defender,2489.0,0.0,1.0,1682.0,0.1288,1.7294154,3,0.0,8.0,18.0,87.0,51.0,42.0,99.0,15.0,66.0,135.0,125.0,13.0,,60.819606267577335,0.004657292085174769,0.06253410445962233,0.007657550535077288,0.1028189892984542,0.1104765398335315,0.178359096313912,1.070154577883472
1096136,Daniel Jebbison,Forward,180.0,1.0,0.0,92.0,0.993,0.13757635000000001,5,2.0,4.0,3.0,5.0,3.0,1.0,10.0,1.0,1.0,15.0,22.0,5.0,,46.0,0.49649999999999994,0.06878817500000001,1.0793478260869567,0.14953951086956524,1.2288873369565219,5.434782608695652,3.260869565217391
1097425,Miloš Kerkez,Defender,3342.0,2.0,5.0,2264.0,0.5867,2.57627484,19,5.0,22.0,37.0,52.0,26.0,45.0,169.0,11.0,99.0,152.0,132.0,22.0,,60.96947935368043,0.015799820466786355,0.06937903518850988,0.025914310954063605,0.11379305830388692,0.13970736925795052,0.8392226148409895,1.6342756183745584
1103589,Abdul Fatawu Issahaku,Midfielder,577.0,0.0,2.0,382.0,0.41809999999999997,1.4219234,13,5.0,29.0,6.0,21.0,15.0,4.0,38.0,0.0,12.0,84.0,70.0,12.0,,59.58405545927209,0.06521490467937607,0.22179047833622187,0.10945026178010471,0.3722312565445027,0.4816815183246073,3.4031413612565444,1.5706806282722512
1104986,Alex Scott,Midfielder,751.0,0.0,0.0,523.0,0.754,1.0146493,15,7.0,6.0,12.0,27.0,14.0,10.0,52.0,4.0,11.0,66.0,68.0,8.0,,62.676431424766974,0.0903595206391478,0.12159578828229028,0.14416826003824093,0.1940056022944551,0.338173862332696,2.8680688336520075,2.294455066921606
1106451,Dango Ouattara,Midfielder,2012.0,7.0,4.0,1051.0,8.3646,3.2854302,62,20.0,39.0,35.0,35.0,26.0,11.0,92.0,10.0,48.0,138.0,168.0,32.0,,47.01292246520875,0.37416202783300195,0.14696258349900596,0.7958705994291151,0.31260039961941005,1.1084709990485253,5.899143672692674,3.3301617507136063
1109771,Adam Wharton,Midfielder,1336.0,0.0,2.0,913.0,0.37070000000000003,2.17542074,13,5.0,2.0,26.0,34.0,14.0,20.0,102.0,2.0,27.0,64.0,75.0,13.0,,61.50449101796408,0.024972305389221558,0.14654780434131737,0.040602409638554215,0.23827171303395397,0.2788741226725082,1.4238773274917853,2.8477546549835706
1110842,Simon Adingra,Midfielder,1147.0,2.0,2.0,592.0,2.458,2.79315657,33,8.0,21.0,16.0,23.0,14.0,8.0,47.0,0.0,6.0,55.0,71.0,12.0,,46.45161290322581,0.19286835222319093,0.21916660095902352,0.4152027027027027,0.47181698817567563,0.8870196908783785,5.574324324324325,2.7027027027027026
1116593,Matheus França,Forward,52.0,1.0,0.0,34.0,0.254,0.17770358,6,3.0,0.0,0.0,2.0,0.0,1.0,3.0,1.0,1.0,3.0,2.0,0.0,,58.84615384615385,0.43961538461538463,0.3075638884615385,0.7470588235294118,0.5226575882352942,1.2697164117647057,17.647058823529413,0.0
1117025,Facundo Buonanotte,Midfielder,1529.0,5.0,2.0,988.0,3.9282,2.26520488,36,12.0,28.0,25.0,53.0,32.0,12.0,79.0,6.0,12.0,134.0,207.0,39.0,,58.15565729234794,0.2312217135382603,0.13333449260954874,0.3975910931174089,0.22927174898785427,0.6268628421052632,3.643724696356275,2.5303643724696356
1122603,William Osula,Forward,168.0,1.0,0.0,68.0,0.1618,0.05848776,4,1.0,3.0,2.0,2.0,0.0,4.0,2.0,0.0,1.0,12.0,17.0,6.0,,36.42857142857143,0.08667857142857142,0.03133272857142857,0.23794117647058824,0.08601141176470588,0.3239525882352941,5.88235294117647,2.941176470588235
1126569,Bilal El Khannouss,Midfielder,2203.0,2.0,3.0,1359.0,1.31,3.10940814,30,7.0,34.0,42.0,50.0,30.0,6.0,92.0,4.0,9.0,116.0,130.0,38.0,,55.51974580118021,0.05351793009532456,0.1270298377666818,0.0963944076526858,0.2288011876379691,0.3251955952906549,2.207505518763797,3.090507726269316
1127169,Nasser Djiga,Defender,65.0,0.0,0.0,60.0,0.0,0.005372139999999999,0,0.0,0.0,0.0,0.0,0.0,2.0,2.0,0.0,4.0,2.0,4.0,2.0,,83.07692307692308,0.0,0.007438347692307691,0.0,0.008953566666666666,0.008953566666666666,0.0,0.0
1135873,Alejandro Garnacho,Forward,2195.0,6.0,2.0,1276.0,7.3343,2.77294462,84,30.0,26.0,37.0,30.0,18.0,13.0,108.0,0.0,10.0,102.0,163.0,48.0,,52.31890660592256,0.300723006833713,0.11369704592255125,0.5747884012539185,0.2173154090909091,0.7921038103448276,6.583072100313479,2.8996865203761755
1136730,Lewis Hall,Defender,2192.0,0.0,4.0,1907.0,0.41250000000000003,3.7249493,11,1.0,11.0,34.0,58.0,41.0,18.0,119.0,18.0,51.0,120.0,101.0,20.0,,78.29835766423358,0.01693658759124088,0.15294043658759124,0.021630833770319876,0.19533032511798637,0.21696115888830628,0.5768222338751966,1.782905086523335
1136731,Rico Lewis,Defender,1897.0,1.0,2.0,1559.0,1.3773,1.01866187,10,2.0,9.0,7.0,30.0,19.0,13.0,95.0,7.0,40.0,79.0,64.0,19.0,,73.96415392725355,0.06534370057986294,0.04832871286241434,0.08834509300833868,0.06534072289929442,0.15368581590763308,0.6414368184733804,0.4490057729313663
1137431,Michael Kayode,Defender,537.0,0.0,1.0,337.0,0.20650000000000002,0.69363312,2,0.0,9.0,8.0,17.0,11.0,7.0,34.0,0.0,17.0,38.0,27.0,3.0,,56.480446927374295,0.034608938547486034,0.11625136089385475,0.0612759643916914,0.2058258516320475,0.2671018160237389,0.5934718100890208,2.3738872403560833
1142175,Kobbie Mainoo,Midfielder,1656.0,0.0,0.0,1150.0,0.7711,1.79330466,15,2.0,23.0,14.0,46.0,29.0,19.0,88.0,2.0,12.0,109.0,133.0,36.0,,62.5,0.041907608695652174,0.0974622097826087,0.06705217391304348,0.15593953565217392,0.2229917095652174,1.3043478260869565,1.2173913043478262
1142182,Tyler Fredricson,Defender,166.0,0.0,0.0,149.0,0.0,0.022608160000000002,0,0.0,1.0,0.0,5.0,3.0,1.0,12.0,0.0,11.0,15.0,6.0,0.0,,80.78313253012048,0.0,0.012257436144578313,0.0,0.015173261744966443,0.015173261744966443,0.0,0.0
1142315,Jack Hinshelwood,Midfielder,1854.0,5.0,2.0,1222.0,2.6746,1.49982105,18,10.0,2.0,17.0,27.0,19.0,16.0,63.0,3.0,37.0,58.0,60.0,3.0,,59.320388349514566,0.1298349514563107,0.07280684708737864,0.21887070376432077,0.12273494680851064,0.3416056505728314,1.4729950900163666,1.3911620294599019
1142335,Archie Gray,Midfielder,1764.0,0.0,0.0,1329.0,0.021,0.19572621,1,1.0,7.0,3.0,16.0,8.0,19.0,69.0,11.0,47.0,45.0,54.0,11.0,,67.8061224489796,0.0010714285714285715,0.009986031122448981,0.001580135440180587,0.014727329571106096,0.01630746501128668,0.07524454477050413,0.2257336343115124
1142343,Kaelan Casey,Defender,1.0,0.0,0.0,1.0,0.0,0.0,0,0.0,0.0,0.0,0.0,0.0,0.0,0.0,0.0,1.0,1.0,0.0,0.0,,90.0,0.0,0.0,0.0,0.0,0.0,0.0,0.0
1142562,Mateus Fernandes,Midfielder,2919.0,2.0,4.0,1919.0,4.0104,3.63809559,42,14.0,49.0,34.0,89.0,48.0,28.0,179.0,8.0,30.0,208.0,178.0,36.0,,59.16752312435766,0.12365056526207606,0.1121714981500514,0.20898384575299633,0.18958288639916623,0.39856673215216254,2.1886399166232415,1.771756122980719
1142679,Wilson Odobert,Forward,849.0,1.0,0.0,412.0,1.6118000000000001,0.75637604,13,4.0,12.0,6.0,14.0,5.0,4.0,34.0,0.0,5.0,33.0,49.0,17.0,,43.67491166077738,0.17086219081272086,0.08018120565371026,0.3912135922330097,0.18358641747572815,0.5748000097087379,3.1553398058252426,1.4563106796116505
1142703,Nico O'Reilly,Defender,532.0,2.0,0.0,447.0,1.2853999999999999,0.6785136199999999,8,3.0,9.0,4.0,9.0,4.0,4.0,31.0,1.0,10.0,28.0,40.0,15.0,,75.6203007518797,0.2174548872180451,0.1147861387218045,0.2875615212527964,0.15179275615212526,0.43935427740492167,1.7897091722595078,0.8948545861297539
1145627,Youssef Chermiti,Forward,49.0,0.0,0.0,18.0,0.1079,0.00183969,3,1.0,1.0,0.0,0.0,0.0,0.0,0.0,0.0,0.0,4.0,4.0,1.0,,33.06122448979592,0.19818367346938773,0.0033790224489795915,0.5994444444444444,0.0102205,0.6096649444444445,16.666666666666664,0.0
1150952,Oliver Scarles,Defender,662.0,0.0,0.0,488.0,0.1056,0.1409619,3,0.0,2.0,2.0,21.0,11.0,11.0,34.0,2.0,20.0,32.0,27.0,3.0,,66.34441087613293,0.014356495468277945,0.019164004531722054,0.021639344262295083,0.02888563524590164,0.05052497950819672,0.6147540983606558,0.4098360655737705
1152923,Kosta Nedeljković,Defender,130.0,0.0,0.0,70.0,0.0,0.01704481,0,0.0,1.0,0.0,7.0,5.0,0.0,4.0,0.0,3.0,9.0,3.0,0.0,,48.46153846153846,0.0,0.011800253076923077,0.0,0.024349728571428572,0.024349728571428572,0.0,0.0
1153315,Leny Yoro,Defender,1169.0,0.0,0.0,905.0,0.7048,0.17279479,5,1.0,2.0,2.0,29.0,11.0,18.0,46.0,3.0,43.0,49.0,37.0,4.0,,69.67493584260052,0.0542617621899059,0.013303277245508982,0.07787845303867404,0.019093346961325967,0.0969718,0.5524861878453038,0.22099447513812157
1156586,James Hill,Defender,456.0,0.0,1.0,330.0,0.2907,0.25660876,6,0.0,1.0,3.0,15.0,8.0,9.0,13.0,0.0,31.0,35.0,28.0,0.0,,65.13157894736842,0.057375,0.05064646578947368,0.0880909090909091,0.0777602303030303,0.1658511393939394,1.8181818181818181,0.9090909090909091
1167025,Divin Mubama,Forward,27.0,0.0,0.0,5.0,0.0366,0.00055339,1,0.0,0.0,0.0,0.0,0.0,0.0,1.0,0.0,0.0,0.0,2.0,1.0,,16.666666666666664,0.122,0.0018446333333333332,0.732,0.0110678,0.7430678000000001,20.0,0.0
1174472,Tyler Dibling,Midfielder,1883.0,2.0,0.0,1004.0,2.5584,1.45753896,28,9.0,45.0,20.0,34.0,20.0,8.0,80.0,5.0,16.0,139.0,163.0,55.0,,47.98725438130642,0.12228146574614975,0.06966463430695698,0.2548207171314741,0.145173203187251,0.3999939203187251,2.788844621513944,1.9920318725099602
1176744,Dean Huijsen,Defender,2422.0,3.0,2.0,2044.0,1.8656000000000001,1.57057713,18,4.0,2.0,15.0,36.0,26.0,51.0,105.0,29.0,194.0,116.0,90.0,1.0,,75.95375722543353,0.06932452518579686,0.05836166048720066,0.0912720156555773,0.07683841144814091,0.1681104271037182,0.8806262230919765,0.7338551859099804
1177007,Ryan Trevitt,Midfielder,9.0,0.0,0.0,8.0,0.0,0.0002345,0,0.0,0.0,0.0,1.0,1.0,0.0,2.0,0.0,0.0,1.0,0.0,0.0,,80.0,0.0,0.002345,0.0,0.0029312500000000003,0.0029312500000000003,0.0,0.0
1177610,Alfie Dorrington,Defender,13.0,0.0,0.0,16.0,0.0,0.00042695,0,0.0,0.0,0.0,0.0,0.0,0.0,3.0,0.0,0.0,0.0,0.0,0.0,,110.76923076923077,0.0,0.002955807692307692,0.0,0.0026684375,0.0026684375,0.0,0.0
1185061,Kim Ji-Soo,Defender,28.0,0.0,0.0,31.0,0.0,0.00268237,0,0.0,0.0,0.0,0.0,0.0,0.0,0.0,0.0,2.0,0.0,2.0,1.0,,99.64285714285715,0.0,0.008621903571428571,0.0,0.008652806451612904,0.008652806451612904,0.0,0.0
1190938,Martial Godo,Midfielder,32.0,0.0,0.0,26.0,0.0,0.07529809999999999,0,0.0,1.0,1.0,0.0,0.0,1.0,1.0,0.0,0.0,1.0,5.0,0.0,,73.125,0.0,0.21177590624999998,0.0,0.2896080769230769,0.2896080769230769,0.0,3.8461538461538463
1194333,Abdukodir Khusanov,Defender,504.0,0.0,0.0,450.0,0.0192,0.08588169,1,0.0,0.0,2.0,5.0,4.0,3.0,27.0,4.0,28.0,14.0,11.0,1.0,,80.35714285714286,0.0034285714285714284,0.01533601607142857,0.004266666666666666,0.01908482,0.023351486666666664,0.2222222222222222,0.4444444444444444
1198075,Brajan Gruda,Midfielder,698.0,1.0,4.0,394.0,1.2064,1.9327046300000001,11,5.0,13.0,23.0,16.0,8.0,2.0,26.0,0.0,5.0,44.0,52.0,21.0,,50.80229226361031,0.15555300859598853,0.24920260272206307,0.3061928934010152,0.49053417005076144,0.7967270634517767,2.7918781725888326,5.83756345177665
1199043,Carlos Baleba,Midfielder,2670.0,3.0,1.0,1837.0,3.081,1.21012489,44,11.0,33.0,22.0,79.0,46.0,46.0,197.0,11.0,43.0,199.0,160.0,42.0,,61.92134831460674,0.10385393258426966,0.04079072662921348,0.1677191072400653,0.06587506205770277,0.2335941692977681,2.3952095808383236,1.1976047904191618
1199282,Murillo,Defender,3191.0,2.0,0.0,1995.0,1.4229,1.14159826,25,6.0,27.0,13.0,53.0,36.0,36.0,142.0,45.0,242.0,130.0,88.0,10.0,,56.267627702914446,0.04013193356314635,0.032198007959887184,0.07132330827067669,0.05722297042606517,0.12854627869674184,1.2531328320802004,0.6516290726817042
1201520,Julio Soler,Defender,24.0,0.0,0.0,18.0,0.0,0.00443957,0,0.0,0.0,0.0,1.0,1.0,0.0,0.0,0.0,0.0,2.0,0.0,0.0,,67.5,0.0,0.0166483875,0.0,0.024664277777777778,0.024664277777777778,0.0,0.0
1391251,Lucas Bergvall,Midfielder,1219.0,0.0,1.0,959.0,0.697,0.82161632,12,2.0,21.0,12.0,39.0,19.0,24.0,73.0,8.0,21.0,86.0,81.0,19.0,,70.8039376538146,0.05146021328958163,0.06066076193601312,0.07267987486965588,0.08567427737226277,0.15835415224191865,1.251303441084463,1.251303441084463
1391825,Will Lankshear,Forward,10.0,0.0,0.0,3.0,0.0,0.0,0,0.0,0.0,0.0,0.0,0.0,0.0,0.0,0.0,0.0,0.0,2.0,0.0,,27.0,0.0,0.0,0.0,0.0,0.0,0.0,0.0
1397168,Patrick Dorgu,Midfielder,842.0,0.0,0.0,648.0,0.4306,1.26777517,10,2.0,3.0,12.0,31.0,24.0,4.0,37.0,0.0,19.0,77.0,48.0,10.0,,69.26365795724466,0.04602612826603325,0.13551041009501189,0.06645061728395062,0.1956443163580247,0.2620949336419753,1.5432098765432098,1.8518518518518516
1400106,Yankuba Minteh,Midfielder,1854.0,6.0,4.0,932.0,4.1104,5.01629529,34,16.0,46.0,29.0,48.0,35.0,11.0,85.0,0.0,28.0,122.0,155.0,28.0,,45.242718446601934,0.19953398058252428,0.2435094800970874,0.441030042918455,0.5382291083690988,0.9792591512875537,3.648068669527897,3.111587982832618
1400650,Lewis Miley,Midfielder,324.0,1.0,0.0,241.0,0.545,0.29641335,3,2.0,1.0,1.0,14.0,11.0,2.0,16.0,1.0,5.0,22.0,19.0,1.0,,66.94444444444444,0.1513888888888889,0.08233704166666667,0.22614107883817428,0.12299309128630707,0.34913417012448134,1.2448132780082988,0.4149377593360996
1401702,Ethan Nwaneri,Midfielder,946.0,4.0,2.0,601.0,1.1839,1.7866833500000001,24,9.0,37.0,16.0,11.0,7.0,2.0,34.0,2.0,4.0,57.0,66.0,17.0,,57.17758985200845,0.11263319238900633,0.1699804455602537,0.1969883527454243,0.29728508319467556,0.4942734359400998,3.9933444259567388,2.6622296173044924
1402787,Shumaira Mheuka,Forward,1.0,0.0,0.0,2.0,0.0562,0.0,1,1.0,0.0,0.0,0.0,0.0,0.0,0.0,0.0,0.0,1.0,0.0,0.0,,180.0,5.058,0.0,2.81,0.0,2.81,50.0,0.0
1402924,Jahmai Simpson-Pusey,Defender,102.0,0.0,0.0,125.0,0.0,0.01516531,0,0.0,0.0,0.0,1.0,0.0,0.0,3.0,1.0,2.0,3.0,4.0,0.0,,110.29411764705883,0.0,0.013381155882352941,0.0,0.012132248,0.012132248,0.0,0.0
1403050,Josh Acheampong,Defender,181.0,0.0,0.0,139.0,0.2215,0.0152428,2,0.0,1.0,0.0,2.0,1.0,1.0,7.0,0.0,1.0,5.0,6.0,0.0,,69.11602209944752,0.11013812154696132,0.007579292817679558,0.1593525179856115,0.010966043165467627,0.17031856115107913,1.4388489208633095,0.0
1403055,Michael Golding,Midfielder,1.0,0.0,0.0,0.0,0.0,0.0,0,0.0,0.0,0.0,0.0,0.0,0.0,0.0,0.0,0.0,0.0,0.0,0.0,,0.0,0.0,0.0,,,,,
1403061,Tyrique George,Forward,184.0,1.0,1.0,73.0,0.1989,0.26650687000000006,3,1.0,3.0,6.0,2.0,0.0,2.0,4.0,0.0,1.0,5.0,9.0,0.0,,35.70652173913043,0.09728804347826087,0.13035662119565222,0.2724657534246575,0.3650779041095891,0.6375436575342466,4.10958904109589,8.21917808219178
1403063,Zain Silcott-Duberry,Forward,1.0,0.0,0.0,3.0,0.0,3.7e-07,0,0.0,0.0,0.0,1.0,1.0,0.0,0.0,0.0,0.0,1.0,1.0,0.0,,270.0,0.0,3.33e-05,0.0,1.2333333333333333e-05,1.2333333333333333e-05,0.0,0.0
1403108,Jayden Danns,Forward,10.0,0.0,0.0,3.0,0.0,0.00677159,0,0.0,0.0,0.0,0.0,0.0,0.0,0.0,0.0,0.0,0.0,2.0,1.0,,27.0,0.0,0.06094431,0.0,0.22571966666666668,0.22571966666666668,0.0,0.0
1403192,Mikey Moore,Forward,372.0,0.0,1.0,155.0,0.2006,0.556847,3,1.0,2.0,3.0,2.0,1.0,1.0,11.0,0.0,4.0,12.0,33.0,7.0,,37.5,0.04853225806451613,0.13472104838709678,0.12941935483870967,0.35925612903225806,0.4886754838709677,1.935483870967742,1.935483870967742
1407484,Samuel Amo-Ameyaw,Forward,26.0,0.0,0.0,19.0,0.0204,0.12694432,1,0.0,0.0,1.0,1.0,0.0,0.0,1.0,0.0,0.0,3.0,7.0,2.0,,65.76923076923076,0.07061538461538462,0.43942264615384613,0.10736842105263159,0.668128,0.7754964210526316,5.263157894736842,5.263157894736842
1410201,Jayden Meghoma,Defender,12.0,0.0,0.0,3.0,0.0,0.00066738,0,0.0,0.0,0.0,0.0,0.0,0.0,1.0,0.0,0.0,0.0,0.0,0.0,,22.5,0.0,0.0050053499999999996,0.0,0.022246,0.022246,0.0,0.0
1414933,Marc Guiu,Forward,71.0,0.0,0.0,23.0,0.0,0.02255735,0,0.0,0.0,1.0,1.0,1.0,0.0,2.0,0.0,0.0,1.0,2.0,0.0,,29.15492957746479,0.0,0.028593823943661972,0.0,0.0980754347826087,0.0980754347826087,0.0,4.3478260869565215
1414991,Lewis Orford,Midfielder,47.0,0.0,0.0,43.0,0.0297,0.0366562,1,0.0,0.0,2.0,0.0,0.0,1.0,7.0,0.0,0.0,0.0,1.0,0.0,,82.34042553191489,0.05687234042553192,0.07019272340425531,0.06906976744186047,0.08524697674418605,0.15431674418604652,2.3255813953488373,4.651162790697675
1415001,Roman Dixon,Defender,90.0,0.0,0.0,38.0,0.0,0.00258685,0,0.0,0.0,0.0,5.0,5.0,1.0,6.0,0.0,2.0,5.0,6.0,0.0,,38.0,0.0,0.00258685,0.0,0.0068075,0.0068075,0.0,0.0
1418646,Eric da Silva Moreira,Defender,28.0,0.0,0.0,13.0,0.0,0.0020052,0,0.0,0.0,0.0,2.0,2.0,1.0,2.0,0.0,0.0,2.0,5.0,0.0,,41.785714285714285,0.0,0.006445285714285714,0.0,0.015424615384615384,0.015424615384615384,0.0,0.0
1423711,Myles Lewis-Skelly,Defender,1377.0,1.0,0.0,964.0,0.1643,0.48046803,3,1.0,12.0,8.0,22.0,14.0,7.0,53.0,1.0,24.0,92.0,40.0,9.0,,63.006535947712415,0.010738562091503269,0.03140313921568627,0.01704356846473029,0.04984108195020747,0.06688465041493777,0.3112033195020747,0.8298755186721992
1426220,Joachim Kayi Sanda,Defender,22.0,0.0,0.0,19.0,0.0,0.0009584,0,0.0,0.0,0.0,0.0,0.0,2.0,0.0,0.0,0.0,0.0,1.0,0.0,,77.72727272727273,0.0,0.003920727272727273,0.0,0.005044210526315789,0.005044210526315789,0.0,0.0
1426224,Mathis Amougou,Midfielder,12.0,0.0,0.0,10.0,0.0,0.00408342,0,0.0,0.0,0.0,0.0,0.0,0.0,2.0,0.0,0.0,0.0,1.0,1.0,,75.0,0.0,0.03062565,0.0,0.0408342,0.0408342,0.0,0.0
1438837,Romain Esse,Midfielder,146.0,1.0,1.0,80.0,0.321,0.41510626,1,1.0,2.0,3.0,9.0,6.0,1.0,9.0,0.0,1.0,17.0,10.0,2.0,,49.31506849315068,0.1978767123287671,0.2558874205479452,0.40125000000000005,0.518882825,0.9201328249999999,1.25,3.75
1440673,Jay Robinson,Forward,143.0,0.0,0.0,67.0,0.0476,0.53286645,1,1.0,6.0,3.0,4.0,1.0,0.0,12.0,0.0,1.0,11.0,15.0,6.0,,42.16783216783217,0.029958041958041963,0.335370493006993,0.07104477611940299,0.7953230597014925,0.8663678358208955,1.4925373134328357,4.477611940298507
1445799,Ayden Heaven,Defender,171.0,0.0,0.0,144.0,0.1349,0.01299362,2,0.0,2.0,1.0,4.0,3.0,4.0,11.0,2.0,8.0,12.0,9.0,1.0,,75.78947368421052,0.071,0.006838747368421052,0.09368055555555556,0.009023347222222223,0.10270390277777779,1.3888888888888888,0.6944444444444444
1457536,Andrés García,Defender,325.0,0.0,0.0,268.0,0.0414,0.44922862,2,0.0,5.0,3.0,9.0,5.0,2.0,15.0,0.0,8.0,14.0,29.0,6.0,,74.21538461538462,0.011464615384615386,0.1244017716923077,0.015447761194029852,0.1676226194029851,0.18307038059701491,0.7462686567164178,1.1194029850746268
1461595,Harry Amass,Midfielder,346.0,0.0,0.0,263.0,0.0699,0.07433002999999999,3,0.0,3.0,1.0,6.0,2.0,2.0,26.0,1.0,9.0,20.0,23.0,5.0,,68.41040462427746,0.01818208092485549,0.019334400867052022,0.02657794676806084,0.028262368821292776,0.05484031558935362,1.1406844106463878,0.38022813688212925
1465401,Caleb Kporha,Defender,19.0,0.0,0.0,13.0,0.0,0.01777332,0,0.0,0.0,0.0,2.0,1.0,0.0,1.0,0.0,1.0,2.0,3.0,2.0,,61.578947368421055,0.0,0.08418941052631579,0.0,0.13671784615384613,0.13671784615384613,0.0,0.0
1482424,Claudio Echeverri,Midfielder,11.0,0.0,0.0,5.0,0.0,0.00670454,0,0.0,0.0,0.0,1.0,0.0,0.0,1.0,0.0,0.0,1.0,1.0,1.0,,40.90909090909091,0.0,0.05485532727272727,0.0,0.1340908,0.1340908,0.0,0.0
1485300,Vitor Reis,Defender,1.0,0.0,0.0,4.0,0.0,3.82e-06,0,0.0,1.0,0.0,0.0,0.0,0.0,0.0,0.0,1.0,1.0,0.0,0.0,,360.0,0.0,0.0003438,0.0,9.549999999999999e-05,9.549999999999999e-05,0.0,0.0
1514747,Gustavo Nunes,Forward,11.0,0.0,0.0,7.0,0.0,0.00078552,0,0.0,0.0,0.0,3.0,2.0,0.0,0.0,0.0,2.0,3.0,0.0,0.0,,57.27272727272727,0.0,0.0064269818181818174,0.0,0.011221714285714285,0.011221714285714285,0.0,0.0
1518589,Yunus Konak,Midfielder,72.0,0.0,0.0,57.0,0.153,0.00963937,1,0.0,0.0,0.0,4.0,4.0,0.0,2.0,0.0,0.0,10.0,18.0,3.0,,71.25,0.19125,0.012049212499999998,0.26842105263157895,0.01691117543859649,0.28533222807017544,1.7543859649122806,0.0
1543805,Olabade Aluko,Defender,1.0,0.0,0.0,9.0,0.0,0.00018792,0,0.0,0.0,0.0,1.0,1.0,0.0,0.0,0.0,0.0,1.0,2.0,1.0,,810.0,0.0,0.0169128,0.0,0.002088,0.002088,0.0,0.0
1546231,Joshua King,Midfielder,144.0,0.0,0.0,100.0,0.315,0.67205357,3,0.0,4.0,3.0,7.0,5.0,1.0,5.0,0.0,1.0,14.0,18.0,6.0,,62.5,0.19687500000000002,0.42003348125,0.315,0.67205357,0.98705357,3.0,3.0
1566204,Chido Obi-Martin,Forward,169.0,0.0,0.0,49.0,0.6604,0.02533673,5,1.0,1.0,0.0,2.0,1.0,0.0,9.0,0.0,1.0,6.0,10.0,1.0,,26.094674556213015,0.35169230769230764,0.013492933136094674,1.3477551020408163,0.051707612244897956,1.3994627142857143,10.204081632653061,0.0
1597270,Pedro Lima,Defender,70.0,0.0,0.0,52.0,0.0551,0.08822574999999999,1,1.0,1.0,2.0,1.0,0.0,2.0,3.0,0.0,4.0,3.0,8.0,0.0,,66.85714285714286,0.07084285714285715,0.11343310714285713,0.10596153846153848,0.16966490384615385,0.2756264423076923,1.9230769230769231,3.8461538461538463
1627560,Harrison Armstrong,Midfielder,47.0,0.0,0.0,26.0,0.3658,0.0034077,1,0.0,1.0,1.0,0.0,0.0,0.0,2.0,0.0,1.0,3.0,8.0,3.0,,49.787234042553195,0.7004680851063829,0.006525382978723405,1.406923076923077,0.013106538461538461,1.4200296153846155,3.8461538461538463,3.8461538461538463
1627806,Harry Howell,Midfielder,14.0,0.0,0.0,12.0,0.0,0.0503685,0,0.0,0.0,0.0,1.0,1.0,0.0,0.0,0.0,0.0,1.0,1.0,0.0,,77.14285714285714,0.0,0.32379749999999996,0.0,0.4197375,0.4197375,0.0,0.0
1799984,Asher Agbinone,Forward,19.0,0.0,0.0,9.0,0.0194,0.00754264,1,0.0,0.0,1.0,2.0,1.0,0.0,0.0,0.0,0.0,2.0,3.0,1.0,,42.63157894736842,0.09189473684210528,0.0357282947368421,0.21555555555555556,0.08380711111111111,0.29936266666666667,11.11111111111111,11.11111111111111
1804786,William Alves,Midfielder,1.0,0.0,0.0,1.0,0.0,0.00055985,0,0.0,0.0,0.0,0.0,0.0,0.0,0.0,0.0,0.0,0.0,0.0,0.0,,90.0,0.0,0.0503865,0.0,0.055985,0.055985,0.0,0.0
1861707,Jeremy Monga,Midfielder,118.0,0.0,0.0,57.0,0.1615,0.01903019,3,1.0,2.0,1.0,2.0,1.0,0.0,10.0,2.0,1.0,9.0,6.0,2.0,,43.47457627118644,0.12317796610169492,0.014514551694915254,0.2833333333333333,0.03338629824561404,0.3167196315789474,5.263157894736842,1.7543859649122806
1899501,Jake Evans,Forward,31.0,0.0,0.0,6.0,0.0,0.0005526,0,0.0,0.0,0.0,1.0,1.0,0.0,0.0,0.0,0.0,1.0,3.0,1.0,,17.419354838709676,0.0,0.0016043225806451613,0.0,0.00921,0.00921,0.0,0.0
1899647,Mateus Mané,Forward,1.0,0.0,0.0,6.0,0.0,0.00067102,0,0.0,0.0,0.0,0.0,0.0,0.0,0.0,0.0,0.0,1.0,0.0,0.0,,540.0,0.0,0.0603918,0.0,0.011183666666666668,0.011183666666666668,0.0,0.0
2007889,Ben Winterburn,Midfielder,22.0,0.0,0.0,10.0,0.0,0.00042269,0,0.0,0.0,0.0,0.0,0.0,2.0,2.0,0.0,0.0,2.0,1.0,0.0,,40.90909090909091,0.0,0.0017291863636363636,0.0,0.0042269,0.0042269,0.0,0.0
2023409,Remy Rees-Dottin,Forward,1.0,0.0,0.0,0.0,0.0,0.0,0,0.0,0.0,0.0,0.0,0.0,0.0,0.0,0.0,0.0,0.0,0.0,0.0,,0.0,0.0,0.0,,,,,
