player_id,web_name,position,minutes_played,goals,assists,touches,xg,xa,total_shots,shots_on_target,successful_dribbles,chances_created,tackles,tackles_won,interceptions,recoveries,blocks,clearances,duels_won,duels_lost,dispossessed,touches_opposition_box,touches_per_90,xG_per_90,xA_per_90,xG_per_100_touches,xA_per_100_touches,xGI_per_100_touches,shots_per_100_touches,chances_created_per_100_touches
750,Cristiano Ronaldo,Forward,526.0,1.0,0.0,230.0,1.8793,0.24767948,25,6.0,4.0,6.0,2.0,2.0,1.0,12.0,0.0,8.0,26.0,21.0,3.0,,39.35361216730038,0.3215532319391635,0.04237861825095057,0.8170869565217391,0.10768673043478261,0.9247736869565217,10.869565217391305,2.608695652173913
791,James Milner,Midfielder,915.0,0.0,1.0,898.0,0.3971,1.64610461,7,1.0,11.0,13.0,26.0,16.0,12.0,64.0,2.0,12.0,65.0,71.0,14.0,,88.32786885245902,0.03905901639344262,0.16191192885245903,0.04422048997772829,0.18330786302895322,0.22752835300668153,0.779510022271715,1.447661469933185
6562,João Moutinho,Midfielder,1783.0,0.0,2.0,1266.0,1.3085,1.94392095,16,3.0,8.0,36.0,51.0,30.0,18.0,106.0,6.0,18.0,82.0,92.0,7.0,,63.9035333707235,0.06604879416713405,0.09812276247896803,0.10335703001579778,0.15354825829383886,0.2569052883096367,1.263823064770932,2.843601895734597
9048,Hugo Lloris,Goalkeeper,2205.0,0.0,0.0,857.0,0.0,0.02117122,0,0.0,0.0,0.0,1.0,1.0,1.0,191.0,0.0,20.0,12.0,5.0,0.0,,34.97959183673469,0.0,0.0008641314285714286,0.0,0.00247038739789965,0.00247038739789965,0.0,0.0
10501,Theo Walcott,Midfielder,1134.0,2.0,2.0,416.0,2.2428,1.70573218,20,8.0,12.0,15.0,13.0,6.0,9.0,53.0,1.0,7.0,44.0,55.0,12.0,,33.01587301587301,0.17799999999999996,0.13537556984126983,0.5391346153846154,0.4100317740384616,0.9491663894230769,4.807692307692308,3.6057692307692304
10577,Alex Oxlade-Chamberlain,Midfielder,340.0,1.0,0.0,169.0,1.2961,0.17696694,7,3.0,5.0,5.0,5.0,4.0,1.0,20.0,2.0,3.0,15.0,29.0,10.0,,44.73529411764706,0.34308529411764704,0.04684419,0.7669230769230769,0.10471416568047336,0.8716372426035504,4.142011834319527,2.9585798816568047
10589,Ashley Young,Defender,2038.0,1.0,0.0,1465.0,0.4675,0.7861169,15,3.0,8.0,14.0,50.0,27.0,21.0,131.0,11.0,60.0,99.0,60.0,5.0,,64.69578017664377,0.02064524043179588,0.03471566290480864,0.031911262798634814,0.053659856655290106,0.08557111945392491,1.023890784982935,0.955631399317406
13918,Asmir Begović,Goalkeeper,90.0,0.0,0.0,39.0,0.0,0.00050188,0,0.0,0.0,0.0,0.0,0.0,0.0,9.0,0.0,3.0,1.0,0.0,0.0,,39.0,0.0,0.00050188,0.0,0.0012868717948717949,0.0012868717948717949,0.0,0.0
15479,Łukasz Fabiański,Goalkeeper,3119.0,0.0,0.0,1115.0,0.0,0.03107084,0,0.0,0.0,0.0,2.0,0.0,0.0,255.0,0.0,24.0,21.0,2.0,0.0,,32.173773645399166,0.0,0.0008965615902532862,0.0,0.0027866224215246636,0.0027866224215246636,0.0,0.0
16620,Wayne Hennessey,Goalkeeper,271.0,0.0,0.0,114.0,0.0,0.0029654499999999997,0,0.0,0.0,0.0,1.0,0.0,0.0,19.0,0.0,3.0,2.0,0.0,0.0,,37.85977859778598,0.0,0.0009848357933579335,0.0,0.002601271929824561,0.002601271929824561,0.0,0.0
17054,Adam Lallana,Midfielder,728.0,2.0,1.0,394.0,0.8987999999999999,1.21897944,8,5.0,3.0,14.0,9.0,4.0,2.0,25.0,0.0,1.0,27.0,32.0,11.0,,48.708791208791204,0.11111538461538462,0.15069800769230768,0.2281218274111675,0.30938564467005075,0.5375074720812183,2.030456852791878,3.5532994923857872
19314,Fraser Forster,Goalkeeper,1215.0,0.0,0.0,417.0,0.0,0.0044806017,0,0.0,0.0,0.0,1.0,0.0,0.0,100.0,0.0,10.0,6.0,0.0,0.0,,30.88888888888889,0.0,0.0003318964222222222,0.0,0.0010744848201438848,0.0010744848201438848,0.0,0.0
21164,Angelo Ogbonna,Defender,1244.0,0.0,0.0,557.0,0.2632,0.08820337,3,0.0,0.0,3.0,11.0,4.0,17.0,61.0,7.0,73.0,50.0,30.0,3.0,,40.29742765273312,0.019041800643086818,0.006381272749196141,0.04725314183123878,0.01583543447037702,0.0630885763016158,0.5385996409335727,0.5385996409335727
21212,Diego Costa,Forward,1255.0,1.0,0.0,374.0,3.2042,0.67214039,28,15.0,5.0,11.0,3.0,1.0,2.0,25.0,1.0,17.0,48.0,125.0,26.0,,26.8207171314741,0.2297832669322709,0.048201302868525905,0.8567379679144385,0.17971668181818182,1.0364546497326204,7.4866310160427805,2.941176470588235
21555,César Azpilicueta,Defender,1531.0,0.0,0.0,1278.0,0.4111,1.27593061,9,1.0,7.0,13.0,43.0,25.0,19.0,59.0,5.0,46.0,86.0,70.0,5.0,,75.12736773350751,0.024166557805355978,0.07500571841933378,0.03216744913928013,0.09983807589984352,0.13200552503912366,0.7042253521126761,1.0172143974960877
26025,Robin Olsen,Goalkeeper,280.0,0.0,0.0,152.0,0.0,0.00372115,0,0.0,0.0,0.0,0.0,0.0,0.0,34.0,0.0,2.0,0.0,2.0,0.0,,48.857142857142854,0.0,0.0011960839285714284,0.0,0.0024481249999999998,0.0024481249999999998,0.0,0.0
26404,Zanka,Defender,1099.0,0.0,0.0,621.0,1.4221000000000001,0.17038473,5,1.0,0.0,3.0,17.0,8.0,16.0,53.0,12.0,39.0,38.0,38.0,1.0,,50.85532302092811,0.11645950864422204,0.013953253594176524,0.22900161030595814,0.02743715458937198,0.2564387648953302,0.8051529790660225,0.4830917874396135
27035,André Ayew,Forward,313.0,0.0,0.0,119.0,1.0481,0.03494127,4,2.0,1.0,1.0,5.0,3.0,0.0,9.0,1.0,7.0,28.0,35.0,4.0,,34.21725239616613,0.301370607028754,0.010047010543130992,0.8807563025210084,0.029362411764705883,0.9101187142857143,3.361344537815126,0.8403361344537815
30144,Jonny Evans,Defender,1060.0,0.0,0.0,917.0,0.1656,0.1705952,1,1.0,0.0,1.0,13.0,5.0,18.0,60.0,11.0,49.0,46.0,26.0,0.0,,77.85849056603773,0.014060377358490566,0.014484498113207546,0.01805888767720829,0.01860362050163577,0.03666250817884406,0.10905125408942204,0.10905125408942204
31417,Willian,Midfielder,2143.0,5.0,5.0,1194.0,3.4004,3.05235132,41,18.0,37.0,51.0,13.0,8.0,9.0,105.0,0.0,8.0,82.0,98.0,25.0,,50.14465702286514,0.14280727951469901,0.12819020942603826,0.28479061976549414,0.2556408140703518,0.5404314338358459,3.433835845896147,4.271356783919598
31867,Jason Steele,Goalkeeper,1350.0,0.0,1.0,606.0,0.0,0.15778968,0,0.0,1.0,1.0,0.0,0.0,0.0,112.0,0.0,9.0,3.0,1.0,0.0,,40.4,0.0,0.010519312,0.0,0.026037900990099005,0.026037900990099005,0.0,0.16501650165016502
32023,Vicente Guaita,Goalkeeper,2430.0,0.0,0.0,992.0,0.0,0.015919427,0,0.0,0.0,0.0,0.0,0.0,0.0,224.0,0.0,26.0,14.0,1.0,0.0,,36.74074074074074,0.0,0.0005896084074074073,0.0,0.0016047809475806451,0.0016047809475806451,0.0,0.0
32124,James Tomkins,Defender,337.0,1.0,0.0,212.0,1.0069,0.00530622,3,2.0,1.0,0.0,4.0,2.0,5.0,21.0,2.0,19.0,12.0,12.0,1.0,,56.617210682492576,0.2689050445103857,0.001417091394658754,0.4749528301886792,0.002502933962264151,0.4774557641509434,1.4150943396226416,0.0
33541,Thiago Silva,Defender,2352.0,0.0,2.0,2331.0,1.5124,1.0436477800000001,15,2.0,3.0,5.0,41.0,27.0,34.0,148.0,29.0,109.0,118.0,43.0,1.0,,89.19642857142857,0.05787244897959183,0.03993550178571429,0.06488202488202488,0.044772534534534544,0.10965455941655944,0.6435006435006435,0.21450021450021448
33902,Danny Welbeck,Forward,1856.0,6.0,3.0,757.0,9.4014,1.6676693,62,23.0,22.0,30.0,15.0,7.0,5.0,37.0,2.0,20.0,87.0,100.0,23.0,,36.70797413793103,0.4558868534482759,0.08086758459051724,1.2419286657859974,0.22029977542932627,1.4622284412153237,8.190224570673713,3.963011889035667
35532,Salomón Rondón,Forward,123.0,0.0,0.0,38.0,0.7996,0.14110447,4,1.0,1.0,2.0,0.0,0.0,0.0,1.0,1.0,0.0,8.0,11.0,1.0,,27.804878048780488,0.5850731707317073,0.10324717317073172,2.1042105263157893,0.37132755263157896,2.4755380789473684,10.526315789473683,5.263157894736842
36465,Jonjo Shelvey,Midfielder,579.0,0.0,0.0,383.0,0.1689,0.8482793399999999,6,0.0,4.0,6.0,3.0,1.0,5.0,36.0,2.0,10.0,12.0,24.0,4.0,,59.53367875647668,0.026253886010362694,0.13185689222797928,0.04409921671018277,0.2214828563968668,0.2655820731070496,1.5665796344647518,1.5665796344647518
38710,Ivan Perišić,Midfielder,2133.0,1.0,8.0,1429.0,2.6566,5.206944099,29,8.0,18.0,48.0,41.0,24.0,22.0,117.0,7.0,42.0,100.0,116.0,14.0,,60.29535864978903,0.11209282700421941,0.21970228265822786,0.18590622813156055,0.36437677389783063,0.5502830020293912,2.0293911826452065,3.358992302309307
39183,Joel Ward,Defender,2255.0,1.0,0.0,1510.0,1.0749,0.812993392,8,2.0,7.0,9.0,50.0,36.0,25.0,116.0,16.0,77.0,126.0,90.0,10.0,,60.266075388026614,0.042900665188470063,0.03244762983592018,0.07118543046357616,0.05384062198675497,0.12502605245033113,0.5298013245033113,0.5960264900662252
39282,James McArthur,Midfielder,51.0,0.0,0.0,65.0,0.0,0.00667095,0,0.0,1.0,0.0,1.0,1.0,1.0,5.0,1.0,1.0,3.0,3.0,3.0,,114.70588235294117,0.0,0.011772264705882354,0.0,0.010263,0.010263,0.0,0.0
39327,Liam Cooper,Defender,1427.0,1.0,0.0,994.0,1.0151999999999999,0.32539749,10,3.0,1.0,5.0,38.0,23.0,34.0,107.0,8.0,56.0,105.0,59.0,1.0,,62.69096005606166,0.0640280308339173,0.020522616748423265,0.1021327967806841,0.032736165995975855,0.13486896277665994,1.0060362173038229,0.5030181086519114
40686,Jack Colback,Midfielder,494.0,0.0,0.0,199.0,0.0,0.15461086000000002,0,0.0,3.0,2.0,18.0,13.0,3.0,24.0,0.0,7.0,33.0,21.0,1.0,,36.255060728744944,0.0,0.028167970445344134,0.0,0.07769389949748744,0.07769389949748744,0.0,1.0050251256281406
42209,Martin Dúbravka,Goalkeeper,156.0,0.0,0.0,66.0,0.0,0.00076162,0,0.0,0.0,0.0,0.0,0.0,0.0,17.0,0.0,1.0,0.0,1.0,0.0,,38.07692307692307,0.0,0.0004393961538461538,0.0,0.001153969696969697,0.001153969696969697,0.0,0.0
42694,Jordan Henderson,Midfielder,2074.0,0.0,2.0,1821.0,1.3641,3.58682486,23,6.0,12.0,31.0,32.0,23.0,21.0,163.0,3.0,12.0,64.0,65.0,9.0,,79.0212150433944,0.059194310511089684,0.15564813760848603,0.07490939044481056,0.19697006370126305,0.2718794541460736,1.2630422844590883,1.7023613399231192
42699,Matt Ritchie,Midfielder,50.0,0.0,0.0,36.0,0.0,0.0489941,0,0.0,1.0,1.0,1.0,1.0,1.0,3.0,0.0,0.0,3.0,2.0,0.0,,64.8,0.0,0.08818938000000001,0.0,0.13609472222222221,0.13609472222222221,0.0,2.7777777777777777
42707,Steve Cook,Defender,958.0,0.0,0.0,567.0,0.13540000000000002,0.61564331,3,0.0,1.0,3.0,8.0,4.0,12.0,35.0,11.0,50.0,38.0,18.0,2.0,,53.267223382045934,0.01272025052192067,0.057837054175365346,0.023880070546737214,0.10857906701940037,0.13245913756613756,0.5291005291005291,0.5291005291005291
43215,Nathaniel Clyne,Defender,1648.0,0.0,0.0,996.0,0.0,0.608136621,0,0.0,5.0,7.0,27.0,16.0,19.0,81.0,4.0,27.0,46.0,45.0,3.0,,54.39320388349514,0.0,0.0332113445934466,0.0,0.06105789367469879,0.06105789367469879,0.0,0.7028112449799196
43443,Aaron Cresswell,Defender,2241.0,0.0,1.0,1640.0,0.3484,2.85030738,9,1.0,2.0,40.0,21.0,11.0,27.0,118.0,11.0,53.0,60.0,65.0,6.0,,65.86345381526105,0.013991967871485943,0.11447017590361445,0.02124390243902439,0.17379923048780485,0.19504313292682923,0.548780487804878,2.4390243902439024
44566,Adam Smith,Defender,2948.0,0.0,1.0,1570.0,0.4973,1.54800928,5,1.0,6.0,16.0,49.0,29.0,25.0,128.0,13.0,68.0,111.0,116.0,4.0,,47.93080054274084,0.015182157394843961,0.047259442062415204,0.03167515923566879,0.09859931719745224,0.13027447643312104,0.3184713375796179,1.019108280254777
44614,Kyle Walker,Defender,1960.0,0.0,0.0,2032.0,0.4046,0.94397668951,5,1.0,13.0,6.0,13.0,9.0,18.0,124.0,2.0,22.0,59.0,54.0,6.0,,93.3061224489796,0.01857857142857143,0.04334586839586735,0.019911417322834645,0.04645554574360236,0.06636696306643701,0.24606299212598426,0.2952755905511811
44760,Cédric Soares,Midfielder,234.0,0.0,0.0,247.0,0.059300000000000005,0.186963716,2,0.0,2.0,2.0,8.0,5.0,1.0,11.0,1.0,6.0,14.0,12.0,2.0,,95.0,0.02280769230769231,0.07190912153846153,0.024008097165991903,0.07569381214574898,0.0997019093117409,0.8097165991902834,0.8097165991902834
44823,Junior Stanislas,Midfielder,64.0,0.0,0.0,34.0,0.0358,0.18307985,1,0.0,0.0,2.0,0.0,0.0,0.0,1.0,1.0,0.0,0.0,2.0,1.0,,47.8125,0.05034375,0.2574560390625,0.10529411764705882,0.5384701470588235,0.6437642647058823,2.941176470588235,5.88235294117647
44900,Mateusz Klich,Midfielder,277.0,0.0,0.0,200.0,0.1608,0.23067499,4,1.0,2.0,5.0,12.0,8.0,0.0,24.0,0.0,1.0,18.0,23.0,1.0,,64.98194945848375,0.052245487364620945,0.07494855270758123,0.0804,0.11533749500000001,0.19573749499999996,2.0,2.5
45502,Alex McCarthy,Goalkeeper,540.0,0.0,0.0,278.0,0.0,0.00467155,0,0.0,0.0,0.0,0.0,0.0,1.0,49.0,0.0,7.0,2.0,1.0,0.0,,46.333333333333336,0.0,0.0007785916666666667,0.0,0.0016804136690647482,0.0016804136690647482,0.0,0.0
45853,İlkay Gündoğan,Midfielder,2377.0,8.0,4.0,1873.0,7.5229,4.3913884,54,20.0,16.0,39.0,30.0,18.0,20.0,155.0,3.0,12.0,90.0,103.0,27.0,,70.91712242322255,0.28483845183003786,0.16627049053428694,0.40164975974372663,0.2344574693005873,0.6361072290443139,2.8830752802989856,2.08222103577149
45944,Cheikhou Kouyaté,Midfielder,894.0,1.0,0.0,395.0,0.3652,0.33041952,6,5.0,7.0,7.0,29.0,21.0,10.0,56.0,2.0,23.0,66.0,43.0,9.0,,39.76510067114094,0.03676510067114094,0.033263710067114094,0.09245569620253165,0.08365051139240508,0.1761062075949367,1.5189873417721518,1.7721518987341773
47737,Marc Albrighton,Midfielder,237.0,1.0,0.0,179.0,0.34349999999999997,0.40974809,2,1.0,2.0,6.0,4.0,1.0,1.0,13.0,2.0,4.0,9.0,12.0,2.0,,67.9746835443038,0.13044303797468354,0.15560054050632913,0.1918994413407821,0.2289095474860335,0.42080898882681567,1.1173184357541899,3.35195530726257
47772,Michail Antonio,Forward,1843.0,5.0,3.0,700.0,6.6149,0.77870617,39,13.0,25.0,15.0,14.0,7.0,5.0,43.0,5.0,9.0,132.0,194.0,46.0,,34.1833966359197,0.32302821486706457,0.038026888388497014,0.9449857142857142,0.11124373857142855,1.0562294528571428,5.571428571428571,2.142857142857143
48480,Pascal Groß,Midfielder,3245.0,9.0,8.0,2671.0,5.4129,8.78773127,39,19.0,17.0,82.0,59.0,38.0,13.0,140.0,10.0,18.0,104.0,131.0,18.0,,74.08012326656394,0.150126656394453,0.24372752366718028,0.20265443654062149,0.3290052890303257,0.5316597255709472,1.4601272931486335,3.070011231748409
50027,Craig Dawson,Defender,2135.0,1.0,0.0,1491.0,1.4455,0.30981229,17,3.0,3.0,2.0,19.0,12.0,18.0,120.0,29.0,99.0,83.0,70.0,6.0,,62.85245901639344,0.0609344262295082,0.013060002857142856,0.09694835680751174,0.020778825620389,0.11772718242790074,1.1401743796109993,0.1341381623071764
50294,Luka Milivojević,Midfielder,520.0,0.0,0.0,336.0,0.3444,0.22195474,7,0.0,1.0,2.0,13.0,7.0,12.0,34.0,4.0,10.0,23.0,32.0,6.0,,58.15384615384616,0.059607692307692306,0.03841524346153846,0.10249999999999998,0.06605795833333333,0.1685579583333333,2.083333333333333,0.5952380952380952
50480,Chris Wood,Forward,851.0,3.0,0.0,266.0,2.8027,0.37217743999999997,12,5.0,1.0,6.0,5.0,4.0,2.0,21.0,3.0,9.0,55.0,69.0,11.0,,28.131609870740302,0.29640775558166865,0.039360716333725024,1.0536466165413534,0.13991633082706764,1.193562947368421,4.511278195488721,2.2556390977443606
51498,Pierre-Emerick Aubameyang,Forward,556.0,1.0,0.0,170.0,1.4671,0.1828733,16,7.0,3.0,4.0,1.0,0.0,2.0,11.0,0.0,4.0,8.0,23.0,4.0,,27.51798561151079,0.23748021582733816,0.029601793165467623,0.8630000000000001,0.10757252941176469,0.9705725294117648,9.411764705882353,2.3529411764705883
51501,Joël Matip,Defender,1093.0,1.0,0.0,1020.0,0.8692000000000001,0.4164181,5,3.0,4.0,4.0,14.0,8.0,21.0,78.0,3.0,42.0,48.0,48.0,1.0,,83.98902104300092,0.07157182067703569,0.034288773101555356,0.0852156862745098,0.04082530392156863,0.12604099019607845,0.49019607843137253,0.39215686274509803
53825,Thiago Alcântara,Midfielder,1261.0,0.0,0.0,1315.0,0.4515,1.3125771400000001,10,1.0,21.0,17.0,43.0,24.0,21.0,111.0,3.0,12.0,103.0,77.0,22.0,,93.85408406026963,0.03222442505947661,0.09368115987311658,0.034334600760456274,0.09981575209125476,0.13415035285171104,0.7604562737642585,1.2927756653992395
55123,Pontus Jansson,Defender,724.0,1.0,0.0,402.0,0.3197,0.13145256,4,2.0,2.0,0.0,5.0,3.0,9.0,25.0,9.0,38.0,32.0,17.0,1.0,,49.972375690607734,0.03974171270718232,0.016340787845303868,0.0795273631840796,0.03269964179104477,0.11222700497512438,0.9950248756218906,0.0
55570,Shane Duffy,Defender,17.0,0.0,0.0,24.0,0.1559,0.00027351,1,0.0,1.0,0.0,0.0,0.0,0.0,2.0,0.0,0.0,4.0,1.0,0.0,,127.05882352941177,0.8253529411764706,0.0014479941176470587,0.6495833333333334,0.001139625,0.6507229583333334,4.166666666666666,0.0
56113,Keylor Navas,Goalkeeper,1529.0,0.0,0.0,633.0,0.0,0.01826976,0,0.0,1.0,0.0,0.0,0.0,1.0,149.0,0.0,24.0,7.0,0.0,0.0,,37.25964682799215,0.0,0.0010753946370176586,0.0,0.002886218009478673,0.002886218009478673,0.0,0.0
69256,Kieran Trippier,Defender,3347.0,1.0,7.0,3194.0,0.8658,11.7795579,14,4.0,19.0,111.0,71.0,49.0,43.0,264.0,15.0,75.0,168.0,146.0,9.0,,85.8858679414401,0.023281147296086047,0.31674939079772935,0.027107075767063244,0.36880268941765815,0.3959097651847213,0.4383218534752661,3.475266123982467
69378,David De Gea,Goalkeeper,3420.0,0.0,0.0,1371.0,0.0,0.198938534,0,0.0,0.0,1.0,0.0,0.0,1.0,196.0,0.0,27.0,10.0,2.0,0.0,,36.078947368421055,0.0,0.0052352245789473685,0.0,0.014510469292487236,0.014510469292487236,0.0,0.07293946024799416
69416,Oriol Romeu,Midfielder,75.0,0.0,0.0,40.0,0.0,0.19922,0,0.0,1.0,0.0,1.0,0.0,1.0,8.0,0.0,1.0,6.0,1.0,0.0,,48.0,0.0,0.239064,0.0,0.49805000000000005,0.49805000000000005,0.0,0.0
70996,Kevin De Bruyne,Midfielder,2425.0,7.0,16.0,1958.0,5.5972,14.13323832,65,21.0,32.0,99.0,28.0,12.0,9.0,97.0,2.0,10.0,102.0,106.0,29.0,,72.6680412371134,0.20773113402061855,0.5245325562061856,0.28586312563840655,0.7218201389172625,1.007683264555669,3.319713993871297,5.056179775280898
76632,Séamus Coleman,Defender,1662.0,1.0,0.0,1039.0,0.3673,0.91740379,7,2.0,16.0,4.0,35.0,26.0,22.0,100.0,7.0,45.0,90.0,57.0,6.0,,56.26353790613719,0.019889891696750903,0.04967890559566787,0.035351299326275266,0.08829680365736285,0.12364810298363813,0.6737247353224254,0.384985563041386
82566,Tom Cairney,Midfielder,998.0,2.0,0.0,925.0,1.4712,1.48914721,21,3.0,9.0,12.0,17.0,6.0,5.0,76.0,3.0,3.0,56.0,50.0,21.0,,83.41683366733467,0.1326733466933868,0.13429183256513028,0.15904864864864865,0.16098888756756757,0.3200375362162162,2.27027027027027,1.2972972972972971
84844,Neto,Goalkeeper,2385.0,0.0,0.0,1007.0,0.0,0.03629999,0,0.0,1.0,0.0,3.0,1.0,0.0,251.0,0.0,25.0,12.0,3.0,0.0,,38.0,0.0,0.0013698109433962263,0.0,0.003604765640516385,0.003604765640516385,0.0,0.0
88645,Mislav Oršić,Midfielder,11.0,0.0,0.0,4.0,0.0,0.00024892,0,0.0,0.0,0.0,1.0,1.0,0.0,1.0,0.0,0.0,1.0,0.0,0.0,,32.72727272727273,0.0,0.002036618181818182,0.0,0.006223,0.006223,0.0,0.0
93796,Joel Robles,Goalkeeper,360.0,0.0,0.0,150.0,0.0,0.008019970000000001,0,0.0,0.0,0.0,0.0,0.0,0.0,31.0,0.0,8.0,3.0,1.0,0.0,,37.5,0.0,0.0020049925000000003,0.0,0.005346646666666667,0.005346646666666667,0.0,0.0
94758,Ben Davies,Defender,2295.0,2.0,2.0,1510.0,1.0067,1.484079063,14,5.0,5.0,20.0,28.0,11.0,18.0,84.0,8.0,67.0,120.0,107.0,5.0,,59.2156862745098,0.03947843137254902,0.058199178941176474,0.06666887417218542,0.09828338165562914,0.16495225582781456,0.9271523178807948,1.3245033112582782
96531,Alphonse Aréola,Goalkeeper,307.0,0.0,0.0,106.0,0.0,0.00121735,0,0.0,0.0,0.0,0.0,0.0,0.0,17.0,0.0,1.0,0.0,1.0,0.0,,31.074918566775242,0.0,0.00035687785016286645,0.0,0.001148443396226415,0.001148443396226415,0.0,0.0
96535,Abdoulaye Doucouré,Midfielder,1550.0,5.0,2.0,760.0,2.4058,1.37653555,20,8.0,19.0,22.0,31.0,20.0,13.0,100.0,3.0,10.0,67.0,99.0,13.0,,44.12903225806451,0.13969161290322582,0.0799278706451613,0.3165526315789474,0.18112309868421053,0.49767573026315787,2.631578947368421,2.8947368421052633
96538,Lucas Digne,Defender,1510.0,1.0,0.0,1136.0,0.4047,1.92243007,8,3.0,3.0,18.0,30.0,12.0,18.0,86.0,5.0,39.0,82.0,70.0,12.0,,67.70860927152317,0.024121192052980134,0.11458192470198676,0.035625000000000004,0.16922799911971834,0.20485299911971833,0.7042253521126761,1.584507042253521
98427,Sam Johnstone,Goalkeeper,810.0,0.0,0.0,322.0,0.0,0.00357263,0,0.0,0.0,0.0,0.0,0.0,0.0,62.0,0.0,12.0,3.0,1.0,0.0,,35.77777777777778,0.0,0.00039695888888888886,0.0,0.0011095124223602483,0.0011095124223602483,0.0,0.0
98449,Conor Coady,Defender,2096.0,1.0,1.0,1387.0,0.8355,0.5074130299999999,4,3.0,0.0,4.0,14.0,9.0,14.0,92.0,17.0,85.0,52.0,45.0,2.0,,59.55629770992367,0.03587547709923664,0.021787773234732823,0.060237923576063446,0.03658349170872386,0.09682141528478731,0.2883922134102379,0.2883922134102379
98450,Nathaniel Chalobah,Midfielder,20.0,0.0,0.0,12.0,0.0944,0.00213121,1,1.0,0.0,0.0,1.0,1.0,0.0,0.0,0.0,2.0,2.0,5.0,1.0,,54.0,0.4248,0.009590445,0.7866666666666666,0.017760083333333333,0.8044267499999999,8.333333333333332,0.0
99090,Dan Burn,Defender,3115.0,1.0,0.0,2120.0,2.0618,1.30577897,21,4.0,11.0,16.0,60.0,38.0,32.0,166.0,16.0,103.0,159.0,125.0,9.0,,61.25200642054575,0.059570465489566606,0.037727161252006425,0.09725471698113207,0.061593347641509436,0.1588480646226415,0.9905660377358491,0.7547169811320755
101367,Daniel Bentley,Goalkeeper,180.0,0.0,0.0,100.0,0.0,0.00042847,0,0.0,0.0,0.0,1.0,1.0,0.0,19.0,0.0,1.0,2.0,1.0,0.0,,50.0,0.0,0.000214235,0.0,0.00042846999999999997,0.00042846999999999997,0.0,0.0
101882,Fabian Schär,Defender,3209.0,1.0,3.0,2289.0,4.9172,2.05785674,56,15.0,4.0,19.0,47.0,22.0,52.0,209.0,19.0,137.0,190.0,104.0,7.0,,64.19756933624181,0.13790838267373015,0.05771489766282331,0.21481869812145044,0.08990199825251202,0.30472069637396243,2.4464831804281344,0.8300567933595456
102624,Luke Ayling,Defender,2061.0,2.0,1.0,1485.0,3.2397,2.24553681,24,5.0,13.0,12.0,66.0,37.0,26.0,152.0,11.0,47.0,160.0,142.0,12.0,,64.8471615720524,0.14147161572052402,0.09805837598253274,0.21816161616161617,0.1512146,0.36937621616161614,1.6161616161616161,0.8080808080808081
103045,Jordan Ayew,Forward,2720.0,4.0,3.0,1548.0,3.1803,2.58829472,32,11.0,65.0,31.0,66.0,41.0,15.0,166.0,4.0,30.0,271.0,311.0,83.0,,51.220588235294116,0.10523051470588236,0.08564210470588235,0.20544573643410852,0.16720250129198966,0.3726482377260982,2.0671834625323,2.0025839793281652
103117,Adam Forshaw,Midfielder,484.0,0.0,0.0,314.0,0.027,0.6416265800000001,1,0.0,8.0,8.0,12.0,9.0,4.0,37.0,1.0,2.0,27.0,33.0,8.0,,58.38842975206611,0.005020661157024793,0.11931072768595041,0.008598726114649681,0.20433967515923568,0.21293840127388536,0.3184713375796179,2.547770700636943
103335,Bernd Leno,Goalkeeper,3240.0,0.0,0.0,1619.0,0.0,0.032712733,0,0.0,0.0,1.0,0.0,0.0,0.0,302.0,0.0,26.0,14.0,3.0,0.0,,44.97222222222222,0.0,0.0009086870277777777,0.0,0.0020205517603458924,0.0020205517603458924,0.0,0.06176652254478073
105697,Serge Aurier,Defender,1949.0,1.0,0.0,1303.0,0.77,0.93377097,9,3.0,16.0,10.0,64.0,41.0,29.0,126.0,11.0,65.0,145.0,88.0,18.0,,60.1693175987686,0.035556695741405846,0.04311923412006157,0.05909439754412894,0.07166315963161934,0.13075755717574825,0.6907137375287797,0.7674597083653107
105734,Christian Eriksen,Midfielder,2066.0,1.0,8.0,1698.0,4.9635,3.42342791,39,12.0,8.0,36.0,22.0,18.0,11.0,151.0,9.0,20.0,49.0,76.0,19.0,,73.96902226524685,0.21622216844143272,0.1491328712003872,0.29231448763250883,0.20161530683156653,0.4939297944640754,2.2968197879858656,2.1201413427561837
106337,Idrissa Gana Gueye,Midfielder,2592.0,0.0,1.0,1668.0,0.738,0.80715503,15,6.0,19.0,12.0,97.0,57.0,56.0,266.0,12.0,31.0,193.0,121.0,18.0,,57.916666666666664,0.025625000000000002,0.028026216319444446,0.04424460431654676,0.04839058932853717,0.09263519364508394,0.8992805755395683,0.7194244604316548
106920,Ryan Fredericks,Defender,531.0,0.0,0.0,288.0,0.0,0.30869277,0,0.0,3.0,1.0,3.0,2.0,1.0,13.0,2.0,26.0,12.0,23.0,3.0,,48.813559322033896,0.0,0.05232080847457627,0.0,0.10718498958333335,0.10718498958333335,0.0,0.3472222222222222
108579,Harry Kane,Forward,3406.0,30.0,3.0,1475.0,21.4218,3.97618475,130,63.0,40.0,57.0,15.0,12.0,2.0,96.0,7.0,18.0,177.0,233.0,58.0,,38.97533763945978,0.56604873752202,0.10506653772753963,1.4523254237288137,0.26957184745762713,1.7218972711864406,8.813559322033898,3.8644067796610173
110846,Michael Keane,Defender,983.0,1.0,2.0,579.0,1.3397999999999999,0.82272689,14,4.0,4.0,3.0,7.0,4.0,14.0,62.0,7.0,55.0,82.0,46.0,2.0,,53.01119023397762,0.1226673448626653,0.07532596144455748,0.23139896373056992,0.14209445423143352,0.37349341796200336,2.4179620034542317,0.5181347150259068
110956,Cafú,Midfielder,15.0,0.0,0.0,3.0,0.0,0.0024304,0,0.0,0.0,0.0,0.0,0.0,0.0,1.0,0.0,1.0,0.0,0.0,0.0,,18.0,0.0,0.0145824,0.0,0.08101333333333334,0.08101333333333334,0.0,0.0
111505,Son Heung-min,Forward,2899.0,10.0,6.0,1335.0,10.1029,4.52783653,81,40.0,33.0,63.0,24.0,12.0,13.0,109.0,2.0,4.0,102.0,154.0,55.0,,41.44532597447395,0.3136464298033805,0.14056753628837532,0.7567715355805243,0.33916378501872657,1.095935320599251,6.067415730337078,4.719101123595506
111850,Wilfried Zaha,Midfielder,2294.0,7.0,2.0,1230.0,6.5405999999999995,2.95249732,66,22.0,55.0,28.0,32.0,20.0,16.0,97.0,1.0,6.0,170.0,210.0,82.0,,48.256320836966005,0.2566059285091543,0.115834681255449,0.5317560975609756,0.2400404325203252,0.7717965300813009,5.365853658536586,2.2764227642276422
113956,Callum Wilson,Forward,1886.0,18.0,5.0,554.0,17.4552,2.12606616,73,35.0,12.0,23.0,9.0,3.0,1.0,39.0,0.0,5.0,72.0,122.0,36.0,,26.436903499469775,0.8329628844114528,0.10145596733828208,3.1507581227436825,0.38376645487364625,3.534524577617329,13.176895306859207,4.1516245487364625
115346,Nathan Redmond,Midfielder,1.0,0.0,0.0,1.0,0.0,0.0,0,0.0,0.0,0.0,0.0,0.0,0.0,0.0,0.0,0.0,0.0,0.0,0.0,,90.0,0.0,0.0,0.0,0.0,0.0,0.0,0.0
115365,Lewis Dunk,Defender,3239.0,1.0,0.0,3520.0,1.7082,0.91663243,22,3.0,4.0,9.0,30.0,19.0,34.0,253.0,27.0,81.0,129.0,90.0,5.0,,97.80796542142637,0.04746464958320469,0.025469873016363078,0.048528409090909094,0.02604069403409091,0.07456910312500001,0.625,0.2556818181818182
115516,Remo Freuler,Midfielder,2165.0,0.0,0.0,1096.0,0.4236,0.71550325,8,1.0,8.0,12.0,43.0,23.0,29.0,137.0,9.0,41.0,89.0,79.0,7.0,,45.561200923787524,0.017609237875288685,0.02974378406466513,0.03864963503649635,0.06528314324817519,0.10393277828467153,0.7299270072992701,1.094890510948905
117083,Stuart Armstrong,Midfielder,1418.0,2.0,1.0,929.0,2.404,2.84430717,23,7.0,22.0,18.0,32.0,21.0,9.0,83.0,0.0,9.0,80.0,99.0,28.0,,58.96332863187588,0.15258110014104373,0.18052725338504938,0.258772874058127,0.3061686942949408,0.5649415683530679,2.4757804090419806,1.9375672766415502
117777,Granit Xhaka,Midfielder,3019.0,7.0,7.0,1979.0,4.7069,4.02478143,40,14.0,16.0,47.0,34.0,27.0,15.0,151.0,10.0,41.0,126.0,112.0,25.0,,58.99635640940709,0.14031831732361708,0.1199835471016893,0.2378423446184942,0.20337450378979283,0.441216848408287,2.02122283981809,2.374936836786256
118179,Tim Ream,Defender,2899.0,1.0,0.0,2230.0,0.2611,0.28750293,3,2.0,10.0,3.0,30.0,16.0,41.0,199.0,24.0,112.0,95.0,70.0,5.0,,69.23076923076924,0.008105898585719213,0.008925582511210763,0.011708520179372198,0.01289250807174888,0.024601028251121072,0.13452914798206278,0.13452914798206278
119151,Mohamed Elyounoussi,Midfielder,2186.0,1.0,1.0,1025.0,3.5469,1.67433052,36,11.0,24.0,18.0,46.0,28.0,26.0,132.0,3.0,35.0,125.0,167.0,38.0,,42.2003659652333,0.14602973467520586,0.06893401043000916,0.34603902439024387,0.16334931902439023,0.5093883434146341,3.51219512195122,1.75609756097561
119159,Philippe Coutinho,Midfielder,787.0,1.0,0.0,548.0,1.3705,0.77059481,21,8.0,14.0,8.0,19.0,14.0,4.0,41.0,1.0,1.0,50.0,67.0,17.0,,62.66836086404066,0.15672808132147395,0.08812392998729351,0.25009124087591245,0.1406194908759124,0.39071073175182486,3.832116788321168,1.4598540145985401
122951,Casemiro,Midfielder,2125.0,4.0,3.0,1827.0,3.4168,3.91527287,34,11.0,9.0,29.0,89.0,46.0,34.0,205.0,11.0,60.0,178.0,144.0,14.0,,77.37882352941178,0.1447115294117647,0.1658233215529412,0.18701696770662288,0.21430064969896004,0.4013176174055829,1.8609742747673783,1.5873015873015872
123166,Nampalys Mendy,Midfielder,756.0,1.0,0.0,508.0,0.1335,0.13499715,2,1.0,7.0,2.0,13.0,9.0,13.0,46.0,4.0,2.0,34.0,26.0,1.0,,60.476190476190474,0.015892857142857143,0.016071089285714286,0.026279527559055122,0.026574242125984256,0.052853769685039374,0.39370078740157477,0.39370078740157477
125274,Stefan Ortega,Goalkeeper,270.0,0.0,0.0,186.0,0.0,0.00229622,0,0.0,0.0,0.0,0.0,0.0,0.0,26.0,0.0,1.0,1.0,0.0,0.0,,62.0,0.0,0.0007654066666666666,0.0,0.00123452688172043,0.00123452688172043,0.0,0.0
126071,Kalidou Koulibaly,Defender,1800.0,2.0,1.0,1716.0,0.938,0.43914158999999997,11,4.0,4.0,7.0,45.0,31.0,29.0,126.0,13.0,72.0,91.0,68.0,2.0,,85.8,0.0469,0.0219570795,0.05466200466200466,0.025591001748251747,0.0802530064102564,0.641025641025641,0.4079254079254079
130181,Danny Ings,Forward,1610.0,8.0,2.0,551.0,8.3784,1.4888268,42,18.0,16.0,15.0,19.0,13.0,4.0,46.0,3.0,15.0,74.0,112.0,27.0,,30.801242236024844,0.4683577639751552,0.08322634285714287,1.5205807622504537,0.270204500907441,1.7907852631578947,7.6225045372050815,2.722323049001815
132874,Jorginho,Midfielder,2151.0,2.0,1.0,1906.0,1.8978,1.07628699,11,3.0,8.0,12.0,60.0,36.0,30.0,188.0,5.0,14.0,127.0,104.0,17.0,,79.7489539748954,0.07940585774058577,0.045032928451882843,0.0995697796432319,0.05646836253934942,0.15603814218258133,0.577124868835257,0.6295907660020986
133908,Marcel Sabitzer,Midfielder,628.0,0.0,1.0,398.0,0.7469,1.26427518,11,3.0,1.0,10.0,12.0,8.0,8.0,52.0,2.0,11.0,36.0,34.0,5.0,,57.038216560509554,0.10703980891719746,0.18118593343949047,0.18766331658291457,0.3176570804020101,0.5053203969849246,2.763819095477387,2.512562814070352
134361,Jack Stephens,Defender,1225.0,0.0,0.0,714.0,0.38539999999999996,0.24538954999999998,2,1.0,3.0,3.0,17.0,13.0,17.0,66.0,17.0,55.0,39.0,34.0,2.0,,52.457142857142856,0.028315102040816324,0.01802862,0.053977591036414564,0.03436828431372549,0.08834587535014005,0.2801120448179272,0.42016806722689076
135256,Christian Nørgaard,Midfielder,1770.0,1.0,3.0,1102.0,1.5872,1.76689839,19,10.0,8.0,12.0,52.0,30.0,34.0,165.0,9.0,40.0,98.0,105.0,10.0,,56.03389830508475,0.08070508474576271,0.08984229101694916,0.14402903811252268,0.1603356070780399,0.3043646451905626,1.7241379310344827,1.0889292196007259
135647,Dennis Praet,Midfielder,639.0,1.0,0.0,368.0,1.0230000000000001,0.41262962999999997,5,2.0,6.0,3.0,12.0,9.0,5.0,48.0,2.0,5.0,27.0,42.0,10.0,,51.83098591549296,0.14408450704225353,0.05811684929577464,0.2779891304347826,0.11212761684782607,0.39011674728260876,1.358695652173913,0.8152173913043478
135666,Leandro Trossard,Forward,2260.0,8.0,12.0,1361.0,6.2397,5.98532873,55,23.0,29.0,47.0,22.0,13.0,12.0,111.0,0.0,2.0,88.0,126.0,49.0,,54.19911504424779,0.2484836283185841,0.23835379898230089,0.4584643644379133,0.4397743372520206,0.8982387016899339,4.041146216017634,3.4533431300514326
135775,Layvin Kurzawa,Defender,136.0,0.0,0.0,68.0,0.0,0.035156030000000005,0,0.0,2.0,0.0,3.0,2.0,2.0,5.0,1.0,2.0,5.0,6.0,1.0,,45.0,0.0,0.02326501985294118,0.0,0.051700044117647066,0.051700044117647066,0.0,0.0
136710,Mateo Kovačić,Midfielder,1714.0,1.0,2.0,1552.0,1.7975,2.05310082,23,2.0,19.0,23.0,36.0,24.0,19.0,121.0,1.0,16.0,77.0,86.0,26.0,,81.49358226371062,0.09438448074679115,0.10780576067677947,0.11581829896907217,0.13228742396907217,0.24810572293814437,1.4819587628865978,1.4819587628865978
137774,Ben Mee,Defender,3272.0,3.0,2.0,2163.0,3.2824999999999998,0.7874198800000001,28,7.0,12.0,8.0,45.0,24.0,48.0,199.0,42.0,116.0,203.0,131.0,2.0,,59.49572127139365,0.09028881418092909,0.021658859779951103,0.15175681923254739,0.03640406287563569,0.18816088210818308,1.2944983818770228,0.36985668053629217
137786,Neeskens Kebano,Midfielder,772.0,0.0,3.0,355.0,0.4735,0.88570247,9,2.0,9.0,13.0,17.0,9.0,1.0,47.0,0.0,4.0,44.0,53.0,12.0,,41.3860103626943,0.05520077720207253,0.10325546930051814,0.13338028169014082,0.2494936535211268,0.3828739352112676,2.535211267605634,3.6619718309859155
138024,Vladimír Coufal,Defender,2143.0,0.0,1.0,1488.0,0.2921,1.6533445,6,1.0,3.0,27.0,58.0,31.0,38.0,150.0,6.0,64.0,123.0,93.0,21.0,,62.491833877741485,0.0122673821745217,0.06943583994400374,0.01963037634408602,0.11111186155913978,0.1307422379032258,0.4032258064516129,1.8145161290322582
138261,Ryan Fraser,Midfielder,311.0,0.0,0.0,159.0,0.3129,0.26517467,6,1.0,1.0,5.0,2.0,2.0,0.0,14.0,1.0,2.0,13.0,9.0,1.0,,46.01286173633441,0.09054983922829582,0.07673865048231511,0.19679245283018867,0.16677652201257862,0.36356897484276735,3.7735849056603774,3.1446540880503147
138310,Raphaël Varane,Defender,1916.0,0.0,0.0,1312.0,0.7443000000000001,0.508794842,8,4.0,6.0,4.0,24.0,9.0,11.0,100.0,17.0,89.0,75.0,43.0,1.0,,61.62839248434238,0.03496189979123174,0.023899548945720252,0.05673018292682927,0.03878009466463415,0.09551027759146342,0.6097560975609756,0.3048780487804878
138530,Jordan Pickford,Goalkeeper,3330.0,0.0,1.0,1512.0,0.0,0.37572042,0,0.0,0.0,2.0,0.0,0.0,4.0,301.0,0.0,33.0,13.0,6.0,1.0,,40.86486486486487,0.0,0.010154605945945945,0.0,0.02484923412698413,0.02484923412698413,0.0,0.13227513227513227
138534,Raheem Sterling,Forward,1910.0,6.0,3.0,1024.0,6.2075,3.19301673769,42,18.0,39.0,34.0,18.0,10.0,2.0,66.0,0.0,3.0,94.0,136.0,50.0,,48.25130890052357,0.2925,0.1504562860691623,0.606201171875,0.31181804079003905,0.918019212665039,4.1015625,3.3203125
138546,Ludwig Augustinsson,Defender,76.0,0.0,0.0,52.0,0.0837,0.00959984,2,2.0,0.0,0.0,1.0,1.0,0.0,9.0,0.0,1.0,8.0,3.0,0.0,,61.578947368421055,0.09911842105263158,0.011368231578947369,0.16096153846153843,0.018461230769230768,0.17942276923076922,3.8461538461538463,0.0
138573,Pablo Sarabia,Midfielder,770.0,1.0,0.0,477.0,3.0814,0.80851141,20,5.0,2.0,11.0,12.0,6.0,2.0,42.0,0.0,4.0,25.0,56.0,14.0,,55.753246753246756,0.36016363636363635,0.09450133363636364,0.6459958071278826,0.16949924737945493,0.8154950545073375,4.1928721174004195,2.3060796645702304
138892,João Cancelo,Defender,1278.0,2.0,1.0,1432.0,0.8173,1.51765127,17,3.0,30.0,12.0,29.0,21.0,19.0,80.0,1.0,6.0,104.0,67.0,14.0,,100.8450704225352,0.057556338028169014,0.10687685000000001,0.057074022346368714,0.10598123393854748,0.1630552562849162,1.1871508379888267,0.8379888268156425
139227,Kurt Zouma,Defender,1996.0,2.0,0.0,1063.0,2.2246,0.12702723,19,6.0,2.0,1.0,9.0,4.0,30.0,84.0,14.0,117.0,72.0,34.0,1.0,,47.93086172344689,0.10030761523046092,0.005727680711422845,0.20927563499529636,0.01194988052681091,0.22122551552210723,1.7873941674506115,0.09407337723424271
139310,Willy Boly,Defender,687.0,0.0,1.0,364.0,0.0439,0.27184011,2,1.0,1.0,1.0,13.0,6.0,12.0,40.0,4.0,45.0,34.0,19.0,0.0,,47.68558951965066,0.005751091703056769,0.03561224148471616,0.01206043956043956,0.07468134890109891,0.08674178846153846,0.5494505494505495,0.27472527472527475
143047,Matt Doherty,Defender,666.0,1.0,0.0,515.0,0.7536,0.2884634,10,2.0,6.0,6.0,15.0,10.0,8.0,31.0,6.0,13.0,45.0,34.0,3.0,,69.5945945945946,0.10183783783783784,0.03898154054054054,0.14633009708737865,0.05601231067961165,0.20234240776699028,1.9417475728155338,1.1650485436893203
143334,Victor Lindelöf,Defender,1380.0,0.0,0.0,1088.0,0.2798,0.39996538000000004,3,0.0,2.0,3.0,22.0,17.0,21.0,84.0,9.0,63.0,61.0,41.0,2.0,,70.95652173913044,0.01824782608695652,0.026084698695652178,0.025716911764705884,0.03676152389705883,0.06247843566176472,0.2757352941176471,0.2757352941176471
143697,Roberto Firmino,Midfielder,1212.0,11.0,4.0,781.0,5.4748,2.15809909,39,25.0,13.0,21.0,17.0,12.0,7.0,64.0,1.0,2.0,51.0,89.0,23.0,,57.9950495049505,0.4065445544554456,0.16025488292079207,0.7009987195902688,0.2763251075544174,0.9773238271446864,4.99359795134443,2.6888604353393086
145188,James Tarkowski,Defender,3420.0,1.0,1.0,2175.0,3.1111999999999997,1.87656796,32,9.0,9.0,15.0,51.0,26.0,51.0,173.0,78.0,196.0,203.0,110.0,5.0,,57.23684210526316,0.0818736842105263,0.04938336736842105,0.14304367816091954,0.08627898666666667,0.22932266482758615,1.471264367816092,0.6896551724137931
146101,Eric Dier,Defender,2823.0,2.0,1.0,2299.0,1.7064,0.5722977,17,4.0,3.0,7.0,30.0,19.0,35.0,140.0,24.0,109.0,123.0,75.0,3.0,,73.29436769394262,0.054401700318809774,0.018245410201912858,0.0742235754675946,0.02489333188342758,0.09911690735102219,0.7394519356241844,0.3044802087864289
148710,Jeffrey Schlupp,Midfielder,2546.0,3.0,1.0,1307.0,3.2354000000000003,0.95389921,28,9.0,30.0,18.0,66.0,46.0,23.0,150.0,8.0,35.0,155.0,164.0,33.0,,46.20188531029065,0.11436999214454045,0.033719924941084056,0.2475439938791125,0.07298387222647285,0.32052786610558537,2.1423106350420813,1.3771996939556235
149380,Harry Maguire,Defender,778.0,0.0,0.0,679.0,0.3464,0.06364501,3,0.0,2.0,1.0,8.0,6.0,13.0,55.0,11.0,41.0,39.0,32.0,0.0,,78.54755784061697,0.0400719794344473,0.007362533290488433,0.051016200294550805,0.009373344624447718,0.060389544918998526,0.4418262150220913,0.14727540500736377
149593,Pierre-Emile Højbjerg,Midfielder,3133.0,4.0,5.0,2762.0,2.0239,3.17379779,33,9.0,31.0,30.0,56.0,30.0,49.0,245.0,17.0,58.0,150.0,132.0,35.0,,79.34248324289818,0.05813948292371528,0.09117197609320139,0.0732766111513396,0.11490940586531498,0.18818601701665458,1.1947863866763215,1.0861694424330195
149663,Nathan Aké,Defender,1881.0,1.0,0.0,1991.0,1.5516999999999999,1.34223205,9,2.0,3.0,9.0,26.0,12.0,20.0,96.0,10.0,47.0,79.0,39.0,0.0,,95.26315789473685,0.07424401913875597,0.06422162918660287,0.07793571069814163,0.06741496986438976,0.1453506805625314,0.45203415369161226,0.45203415369161226
149710,Lucas Moura,Forward,169.0,1.0,0.0,133.0,0.5382,0.41022095999999997,4,1.0,5.0,4.0,8.0,5.0,2.0,9.0,0.0,0.0,21.0,21.0,5.0,,70.82840236686391,0.2866153846153846,0.21846086627218933,0.40466165413533833,0.30843681203007517,0.7130984661654135,3.007518796992481,3.007518796992481
149734,Aymeric Laporte,Defender,993.0,0.0,0.0,1051.0,0.45609999999999995,0.44887886,10,1.0,2.0,5.0,11.0,8.0,3.0,55.0,4.0,30.0,44.0,29.0,0.0,,95.25679758308158,0.04133836858006042,0.04068388459214501,0.04339676498572787,0.04270969172216936,0.08610645670789724,0.9514747859181731,0.47573739295908657
150396,Emil Krafth,Defender,1.0,0.0,0.0,1.0,0.0,0.0,0,0.0,0.0,0.0,0.0,0.0,0.0,0.0,0.0,0.0,0.0,0.0,0.0,,90.0,0.0,0.0,0.0,0.0,0.0,0.0,0.0
151499,Bobby De Cordova-Reid,Midfielder,2480.0,4.0,1.0,1269.0,3.9168000000000003,1.551457035,31,10.0,18.0,19.0,42.0,24.0,20.0,135.0,3.0,26.0,94.0,150.0,32.0,,46.05241935483871,0.14214193548387097,0.05630287627016129,0.30865248226950354,0.12225823758865248,0.43091071985815604,2.442868400315209,1.4972419227738378
151545,Virgil van Dijk,Defender,2835.0,3.0,1.0,2893.0,2.5958,1.10169796,30,10.0,2.0,7.0,27.0,14.0,31.0,168.0,16.0,135.0,130.0,57.0,0.0,,91.84126984126983,0.0824063492063492,0.03497453841269842,0.08972692706533011,0.03808150570342206,0.12780843276875217,1.0369858278603528,0.24196335983408226
152077,John Stones,Defender,1848.0,2.0,2.0,1711.0,1.0457999999999998,0.9745627800000001,11,3.0,6.0,8.0,23.0,13.0,9.0,90.0,10.0,38.0,70.0,34.0,4.0,,83.32792207792208,0.050931818181818175,0.04746247305194806,0.061122150789012265,0.056958666277030987,0.11808081706604326,0.6428988895382818,0.46756282875511396
153444,Jamaal Lascelles,Defender,227.0,0.0,0.0,121.0,0.1067,0.00909688,2,0.0,0.0,0.0,1.0,0.0,0.0,5.0,2.0,17.0,8.0,9.0,0.0,,47.97356828193833,0.042303964757709256,0.003606692511013216,0.08818181818181818,0.0075180826446281,0.09569990082644628,1.6528925619834711,0.0
155997,Emerson,Defender,1333.0,1.0,0.0,921.0,0.8025,0.8159963100000001,11,5.0,6.0,14.0,26.0,14.0,15.0,66.0,4.0,29.0,65.0,59.0,11.0,,62.183045761440354,0.05418229557389347,0.05509352430607652,0.08713355048859935,0.08859894788273617,0.1757324983713355,1.1943539630836049,1.520086862106406
158213,Riyad Mahrez,Midfielder,1923.0,5.0,10.0,1481.0,5.5549,5.28074004,43,13.0,25.0,52.0,30.0,14.0,9.0,82.0,1.0,2.0,106.0,109.0,27.0,,69.31357254290171,0.25997971918876756,0.24714851981279254,0.37507765023632683,0.356565836596894,0.7316434868332209,2.9034436191762323,3.5111411208642807
158263,Emiliano Martínez,Goalkeeper,3140.0,0.0,0.0,1597.0,0.0,0.2561743535,0,0.0,0.0,2.0,0.0,0.0,1.0,332.0,0.0,29.0,19.0,3.0,0.0,,45.77388535031847,0.0,0.007342577011146497,0.0,0.016040973919849717,0.016040973919849717,0.0,0.12523481527864747
159665,Mohamed Salah,Midfielder,3294.0,19.0,12.0,1789.0,21.677599999999998,7.17103836,125,47.0,50.0,66.0,21.0,12.0,6.0,100.0,0.0,4.0,112.0,213.0,80.0,,48.87978142076503,0.5922841530054644,0.19593000983606557,1.2117160424818334,0.4008406014533259,1.6125566439351595,6.987143655673561,3.6892118501956404
159675,Mohamed Elneny,Midfielder,117.0,0.0,0.0,64.0,0.0,0.04506248,0,0.0,0.0,0.0,1.0,1.0,0.0,10.0,0.0,0.0,2.0,3.0,0.0,,49.23076923076923,0.0,0.03466344615384616,0.0,0.070410125,0.070410125,0.0,0.0
161717,James Ward-Prowse,Midfielder,3372.0,9.0,4.0,2563.0,5.8213,5.30733404,44,20.0,8.0,76.0,65.0,37.0,55.0,222.0,10.0,45.0,136.0,157.0,22.0,,68.40747330960855,0.15537277580071174,0.1416548231316726,0.22712836519703472,0.2070750698400312,0.43420343503706593,1.7167381974248928,2.96527506827936
162653,Nick Pope,Goalkeeper,3262.0,0.0,0.0,1073.0,0.0,0.02847324,0,0.0,0.0,2.0,1.0,0.0,0.0,313.0,0.0,46.0,8.0,3.0,0.0,,29.60453709380748,0.0,0.0007855890864500307,0.0,0.0026536104380242313,0.0026536104380242313,0.0,0.1863932898415657
173827,Jamie Vardy,Forward,1852.0,3.0,4.0,470.0,6.6999,0.66298271,28,15.0,12.0,15.0,10.0,5.0,2.0,41.0,3.0,30.0,76.0,134.0,16.0,,22.840172786177106,0.3255890928725702,0.032218382235421165,1.4255106382978724,0.14106015106382977,1.5665707893617022,5.957446808510639,3.1914893617021276
186809,Emiliano Marcondes,Midfielder,8.0,0.0,0.0,3.0,0.0,0.00103461,0,0.0,0.0,0.0,0.0,0.0,0.0,1.0,0.0,1.0,1.0,0.0,0.0,,33.75,0.0,0.0116393625,0.0,0.034487,0.034487,0.0,0.0
189061,Jack Grealish,Midfielder,2063.0,5.0,7.0,1427.0,4.617900000000001,6.72061209,41,16.0,45.0,50.0,25.0,16.0,7.0,110.0,3.0,7.0,162.0,108.0,29.0,,62.253999030538054,0.20145952496364522,0.2931919961706253,0.3236089698668536,0.470960903293623,0.7945698731604766,2.8731604765241765,3.50385423966363
190405,Leander Dendoncker,Midfielder,932.0,0.0,0.0,508.0,0.7186999999999999,0.17744287,5,2.0,4.0,7.0,23.0,11.0,19.0,52.0,4.0,16.0,40.0,33.0,5.0,,49.05579399141631,0.06940236051502144,0.0171350410944206,0.1414763779527559,0.03492969881889764,0.17640607677165354,0.984251968503937,1.3779527559055118
190839,Luke Shaw,Defender,2555.0,1.0,2.0,2463.0,1.1138,2.88087104,14,4.0,14.0,35.0,55.0,36.0,36.0,189.0,17.0,53.0,142.0,113.0,8.0,,86.75929549902152,0.039233659491193736,0.10147882332681019,0.04522127486804709,0.11696593747462444,0.16218721234267153,0.5684125050751117,1.4210312626877792
190853,Joe Rothwell,Midfielder,1028.0,0.0,1.0,567.0,0.1477,1.48462077,3,2.0,16.0,8.0,20.0,13.0,9.0,56.0,3.0,7.0,40.0,44.0,4.0,,49.64007782101168,0.012930933852140078,0.12997652655642025,0.026049382716049382,0.2618378783068783,0.2878872610229277,0.5291005291005291,1.4109347442680775
190857,Ben Pearson,Midfielder,284.0,0.0,0.0,164.0,0.046,0.03326274,2,1.0,0.0,0.0,7.0,3.0,2.0,19.0,0.0,4.0,11.0,14.0,0.0,,51.971830985915496,0.014577464788732394,0.010541009154929577,0.028048780487804875,0.020282158536585368,0.04833093902439024,1.2195121951219512,0.0
190877,Kenny Tete,Defender,2573.0,1.0,5.0,2016.0,0.6616,1.9164452,13,5.0,21.0,23.0,83.0,46.0,52.0,141.0,17.0,73.0,191.0,116.0,24.0,,70.5169063350175,0.023141857753595025,0.06703461640108822,0.032817460317460315,0.09506176587301587,0.1278792261904762,0.6448412698412698,1.1408730158730158
191176,Anthony Martial,Midfielder,986.0,6.0,2.0,489.0,6.2572,1.42182727,27,13.0,14.0,12.0,5.0,3.0,1.0,20.0,2.0,4.0,43.0,56.0,20.0,,44.63488843813387,0.5711440162271805,0.12978139381338744,1.2795910020449897,0.2907622229038855,1.5703532249488754,5.521472392638037,2.4539877300613497
192144,Aleksandar Mitrović,Forward,2011.0,14.0,1.0,934.0,14.9256,1.32562596,93,35.0,23.0,16.0,14.0,7.0,3.0,55.0,5.0,20.0,177.0,224.0,58.0,,41.80009945300845,0.6679781203381402,0.059326870412729986,1.5980299785867236,0.1419299743040685,1.7399599528907923,9.957173447537473,1.7130620985010707
192442,Raúl Jiménez,Forward,841.0,0.0,1.0,328.0,2.596,0.55336963,20,9.0,5.0,9.0,9.0,6.0,0.0,21.0,0.0,7.0,52.0,60.0,14.0,,35.10107015457788,0.27781212841854935,0.0592191042806183,0.7914634146341464,0.16871025304878048,0.9601736676829268,6.097560975609756,2.7439024390243905
193554,Will Hughes,Midfielder,847.0,1.0,1.0,506.0,0.3445,0.65484659,6,4.0,3.0,6.0,29.0,16.0,16.0,66.0,7.0,8.0,44.0,53.0,10.0,,53.76623376623377,0.03660566706021251,0.06958228229043684,0.06808300395256917,0.12941632213438733,0.1974993260869565,1.185770750988142,1.185770750988142
197428,Danny Ward,Goalkeeper,2340.0,0.0,0.0,1074.0,0.0,0.016970452,0,0.0,0.0,0.0,1.0,1.0,0.0,214.0,0.0,19.0,9.0,2.0,0.0,,41.30769230769231,0.0,0.0006527096923076923,0.0,0.001580116573556797,0.001580116573556797,0.0,0.0
198028,Dele Alli,Midfielder,38.0,0.0,0.0,22.0,0.0,0.00467184,0,0.0,0.0,0.0,0.0,0.0,0.0,2.0,0.0,0.0,2.0,4.0,1.0,,52.10526315789474,0.0,0.011064884210526316,0.0,0.021235636363636363,0.021235636363636363,0.0,0.0
204336,Patrick Bamford,Forward,1526.0,4.0,2.0,605.0,8.5384,0.85621012,50,17.0,11.0,12.0,9.0,6.0,5.0,50.0,5.0,13.0,83.0,121.0,21.0,,35.68152031454784,0.5035753604193971,0.05049732031454784,1.411305785123967,0.14152233388429752,1.5528281190082645,8.264462809917356,1.9834710743801653
205508,Jesse Lingard,Forward,927.0,0.0,0.0,395.0,1.0397,0.47803439999999997,10,2.0,6.0,11.0,4.0,4.0,5.0,39.0,0.0,4.0,20.0,31.0,10.0,,38.349514563106794,0.10094174757281554,0.04641110679611651,0.26321518987341774,0.12102136708860758,0.38423655696202536,2.5316455696202533,2.7848101265822782
210082,Javier Manquillo,Defender,39.0,0.0,0.0,37.0,0.0,0.00580745,0,0.0,0.0,0.0,3.0,2.0,1.0,6.0,0.0,1.0,3.0,0.0,0.0,,85.38461538461539,0.0,0.01340180769230769,0.0,0.01569581081081081,0.01569581081081081,0.0,0.0
216308,Adam Webster,Defender,1996.0,0.0,0.0,1908.0,1.7608000000000001,0.44741331,18,2.0,3.0,6.0,22.0,12.0,19.0,143.0,19.0,51.0,91.0,54.0,5.0,,86.03206412825651,0.07939478957915833,0.020173946843687375,0.09228511530398324,0.02344933490566038,0.11573445020964361,0.9433962264150944,0.3144654088050315
218160,Bertrand Traoré,Forward,233.0,2.0,0.0,129.0,0.7139,0.1229663,9,3.0,1.0,1.0,1.0,1.0,2.0,8.0,0.0,0.0,12.0,19.0,7.0,,49.828326180257505,0.27575536480686696,0.047497712446351925,0.5534108527131782,0.09532271317829458,0.6487335658914729,6.976744186046512,0.7751937984496124
219572,Joël Veltman,Defender,2194.0,1.0,1.0,1807.0,1.8101,1.0559031,15,6.0,5.0,10.0,62.0,32.0,19.0,125.0,8.0,49.0,131.0,82.0,10.0,,74.12488605287146,0.07425205104831357,0.04331416545123063,0.1001715550636414,0.058434039845047046,0.15860559490868845,0.8301051466519093,0.5534034311012728
220315,Manuel Lanzini,Midfielder,270.0,1.0,0.0,199.0,0.5337000000000001,0.29221446,3,1.0,1.0,1.0,2.0,2.0,2.0,21.0,0.0,0.0,6.0,10.0,3.0,,66.33333333333333,0.17790000000000003,0.09740482000000002,0.2681909547738694,0.14684143718592965,0.4150323919597991,1.507537688442211,0.5025125628140703
221200,Ricardo Pereira,Defender,472.0,1.0,1.0,399.0,0.1208,0.6115571181,2,1.0,5.0,7.0,11.0,7.0,4.0,30.0,2.0,18.0,25.0,29.0,3.0,,76.08050847457626,0.023033898305084746,0.11661046743432203,0.030275689223057647,0.15327246067669173,0.18354814989974938,0.5012531328320802,1.7543859649122806
227900,Kevin Mbabu,Defender,141.0,0.0,1.0,120.0,0.0,0.41957903,0,0.0,4.0,2.0,3.0,2.0,3.0,6.0,0.0,2.0,9.0,16.0,2.0,,76.59574468085107,0.0,0.2678164021276596,0.0,0.34964919166666664,0.34964919166666664,0.0,1.6666666666666667
227942,Calum Chambers,Defender,370.0,0.0,0.0,247.0,0.12079999999999999,0.20337577,2,0.0,0.0,2.0,9.0,6.0,7.0,23.0,4.0,10.0,14.0,16.0,1.0,,60.081081081081074,0.029383783783783785,0.0494697818918919,0.04890688259109312,0.08233836842105263,0.13124525101214574,0.8097165991902834,0.8097165991902834
232422,Kepa Arrizabalaga,Goalkeeper,2565.0,0.0,0.0,1207.0,0.0,0.013990009999999999,0,0.0,1.0,0.0,2.0,2.0,1.0,221.0,0.0,31.0,22.0,2.0,0.0,,42.35087719298246,0.0,0.0004908775438596491,0.0,0.001159072908036454,0.001159072908036454,0.0,0.0
234148,N'Golo Kanté,Midfielder,520.0,0.0,1.0,432.0,0.316,0.8098888,8,1.0,12.0,13.0,16.0,10.0,6.0,55.0,0.0,2.0,32.0,22.0,5.0,,74.76923076923077,0.05469230769230769,0.14017306153846154,0.07314814814814816,0.18747425925925926,0.2606224074074074,1.8518518518518516,3.009259259259259
235648,Jonny Otto,Defender,1274.0,1.0,0.0,1052.0,0.2995,0.82851539,9,2.0,14.0,5.0,34.0,15.0,14.0,91.0,5.0,25.0,82.0,76.0,13.0,,74.3171114599686,0.021157770800627942,0.05852934466248037,0.02846958174904943,0.07875621577946768,0.1072257975285171,0.8555133079847909,0.4752851711026616
242211,Felipe,Defender,1419.0,0.0,1.0,853.0,1.1594,0.80976437,13,1.0,14.0,7.0,42.0,23.0,36.0,108.0,13.0,89.0,119.0,69.0,4.0,,54.1014799154334,0.07353488372093023,0.0513592623678647,0.13592028135990622,0.09493134466588511,0.23085162602579135,1.5240328253223916,0.8206330597889802
243585,Fabinho,Midfielder,2677.0,0.0,2.0,2146.0,0.7206,1.8512423199999999,18,4.0,7.0,18.0,65.0,38.0,37.0,180.0,11.0,38.0,126.0,127.0,12.0,,72.14792678371312,0.024226372805379155,0.062238255061636154,0.03357875116495806,0.08626478657968313,0.11984353774464118,0.8387698042870456,0.8387698042870456
243609,Alisson,Goalkeeper,3330.0,0.0,1.0,1647.0,0.0,0.040854952,0,0.0,2.0,1.0,0.0,0.0,0.0,326.0,0.0,37.0,18.0,5.0,0.0,,44.513513513513516,0.0,0.001104187891891892,0.0,0.002480567820279296,0.002480567820279296,0.0,0.060716454159077116
243623,Fred,Midfielder,1259.0,2.0,2.0,1058.0,2.0019,1.7591690800000002,26,5.0,12.0,30.0,47.0,30.0,19.0,127.0,2.0,13.0,92.0,98.0,16.0,,75.63145353455124,0.14310643367752185,0.12575473963463066,0.18921550094517958,0.16627306994328922,0.35548857088846886,2.4574669187145557,2.835538752362949
249437,Hakim Ziyech,Midfielder,653.0,0.0,3.0,544.0,0.622,1.5047944,16,3.0,14.0,15.0,20.0,12.0,5.0,46.0,0.0,5.0,48.0,50.0,13.0,,74.97702909647779,0.08572741194486984,0.20739892189892803,0.11433823529411763,0.2766166176470588,0.3909548529411765,2.941176470588235,2.7573529411764706
250133,Morgan Sanson,Midfielder,10.0,0.0,0.0,12.0,0.0,0.00082549,0,0.0,0.0,0.0,2.0,1.0,0.0,1.0,0.0,0.0,4.0,1.0,0.0,,108.0,0.0,0.00742941,0.0,0.006879083333333334,0.006879083333333334,0.0,0.0
250223,John McGinn,Midfielder,2695.0,1.0,3.0,1496.0,2.3962,3.33429109,42,11.0,45.0,19.0,66.0,36.0,24.0,176.0,4.0,15.0,199.0,148.0,35.0,,49.95918367346939,0.08002152133580705,0.1113492386270872,0.16017379679144383,0.22288042045454542,0.38305421724598926,2.807486631016043,1.2700534759358288
252215,Wout Weghorst,Forward,807.0,0.0,1.0,318.0,2.0225,1.17052178,14,5.0,4.0,14.0,11.0,5.0,7.0,34.0,2.0,9.0,39.0,63.0,12.0,,35.46468401486989,0.22555762081784386,0.1305414624535316,0.6360062893081762,0.3680886100628931,1.0040948993710692,4.40251572327044,4.40251572327044
252669,José Sá,Goalkeeper,3240.0,0.0,0.0,1398.0,0.0,0.018330758,0,0.0,2.0,0.0,1.0,0.0,0.0,298.0,0.0,18.0,17.0,2.0,0.0,,38.83333333333333,0.0,0.0005091877222222222,0.0,0.0013112130185979971,0.0013112130185979971,0.0,0.0
252821,Nélson Semedo,Defender,2651.0,0.0,1.0,1953.0,0.4323,0.94639492,9,0.0,33.0,11.0,71.0,42.0,29.0,167.0,15.0,76.0,158.0,165.0,19.0,,66.30328178046021,0.014676348547717842,0.03212958989060732,0.022135176651305682,0.04845852124935996,0.07059369790066565,0.4608294930875576,0.5632360471070148
254491,Ederson,Goalkeeper,3150.0,0.0,1.0,1358.0,0.0,0.23034086999999998,0,0.0,0.0,1.0,3.0,1.0,1.0,215.0,0.0,22.0,15.0,3.0,0.0,,38.8,0.0,0.0065811677142857145,0.0,0.01696177245949926,0.01696177245949926,0.0,0.07363770250368189
257091,Duje Ćaleta-Car,Defender,945.0,1.0,0.0,702.0,0.8041,0.18106951,5,2.0,2.0,1.0,14.0,10.0,15.0,54.0,11.0,65.0,36.0,27.0,2.0,,66.85714285714286,0.07658095238095239,0.017244715238095235,0.11454415954415954,0.02579337749287749,0.14033753703703702,0.7122507122507122,0.14245014245014245
257433,Jamal Lowe,Forward,11.0,0.0,0.0,4.0,0.0,0.00902507,0,0.0,0.0,0.0,0.0,0.0,0.0,0.0,0.0,0.0,0.0,0.0,0.0,,32.72727272727273,0.0,0.07384148181818181,0.0,0.22562675,0.22562675,0.0,0.0
262911,Andy Robertson,Defender,2589.0,0.0,8.0,2544.0,1.3142,6.50396151,13,4.0,17.0,53.0,38.0,21.0,18.0,174.0,5.0,43.0,87.0,94.0,7.0,,88.43568945538819,0.04568482039397451,0.22609367937427577,0.05165880503144654,0.2556588643867925,0.307317669418239,0.511006289308176,2.083333333333333
268903,Neal Maupay,Forward,1133.0,1.0,0.0,435.0,4.8038,0.26125369,32,16.0,7.0,7.0,11.0,5.0,5.0,26.0,0.0,0.0,54.0,91.0,16.0,,34.55428067078552,0.38159046778464256,0.020752720300088262,1.1043218390804597,0.06005831954022989,1.1643801586206897,7.35632183908046,1.6091954022988506
280439,Maxwel Cornet,Forward,274.0,0.0,0.0,150.0,1.2534,0.12741101999999999,9,2.0,2.0,1.0,7.0,3.0,2.0,15.0,0.0,3.0,17.0,23.0,5.0,,49.27007299270073,0.41170072992700735,0.04185033503649634,0.8356,0.08494067999999999,0.9205406800000001,6.0,0.6666666666666667
280955,Rúben Neves,Midfielder,3023.0,6.0,1.0,2573.0,5.1733,1.54423207,66,16.0,19.0,32.0,79.0,43.0,50.0,237.0,22.0,82.0,141.0,126.0,13.0,,76.60271253721469,0.1540181938471717,0.045974491002315584,0.20106101826661485,0.06001679246016323,0.2610778107267781,2.565099106101827,1.2436844150796735
280979,Gonçalo Guedes,Midfielder,718.0,1.0,1.0,309.0,1.1954,0.45076825000000004,19,6.0,5.0,9.0,8.0,6.0,1.0,34.0,0.0,2.0,44.0,38.0,7.0,,38.73259052924791,0.14984122562674093,0.05650298398328691,0.3868608414239482,0.14587969255663433,0.5327405339805825,6.148867313915858,2.912621359223301
281277,Thilo Kehrer,Defender,2240.0,0.0,2.0,1372.0,0.48619999999999997,0.76754036,8,1.0,8.0,8.0,43.0,24.0,34.0,117.0,6.0,73.0,99.0,96.0,6.0,,55.12500000000001,0.019534821428571426,0.03083867517857143,0.03543731778425655,0.05594317492711371,0.09138049271137028,0.5830903790087464,0.5830903790087464
284441,Ruben Loftus-Cheek,Midfielder,1542.0,0.0,1.0,1152.0,0.8393,1.76250033,9,2.0,32.0,16.0,25.0,14.0,12.0,101.0,2.0,22.0,113.0,90.0,23.0,,67.23735408560312,0.048986381322957205,0.10286966906614785,0.07285590277777779,0.1529948203125,0.22585072309027776,0.78125,1.3888888888888888
285949,Andreas Pereira,Midfielder,2714.0,4.0,6.0,1405.0,7.328,4.08719076,62,23.0,17.0,61.0,18.0,9.0,6.0,117.0,3.0,8.0,75.0,169.0,51.0,,46.59174649963154,0.2430066322770818,0.1355369080324245,0.5215658362989324,0.2909032569395018,0.8124690932384342,4.412811387900356,4.341637010676156
285989,Jaïro Riedewald,Midfielder,72.0,0.0,0.0,56.0,0.0721,0.009078290000000001,1,0.0,0.0,0.0,2.0,1.0,0.0,8.0,0.0,4.0,5.0,3.0,0.0,,70.0,0.090125,0.011347862500000002,0.12875,0.016211232142857145,0.14496123214285714,1.7857142857142856,0.0
286085,Jan Bednarek,Defender,1772.0,0.0,0.0,1231.0,0.4203,0.25691793,8,0.0,1.0,3.0,30.0,24.0,51.0,102.0,28.0,91.0,79.0,38.0,1.0,,62.52257336343116,0.02134706546275395,0.01304887906320542,0.034142973192526405,0.0208706685621446,0.05501364175467101,0.6498781478472786,0.2437043054427295
286165,Adama Traoré,Forward,1491.0,2.0,1.0,816.0,1.3951,3.18482797,19,8.0,49.0,24.0,14.0,7.0,3.0,66.0,1.0,17.0,136.0,112.0,27.0,,49.25553319919517,0.0842112676056338,0.1922431370221328,0.17096813725490195,0.39029754534313726,0.5612656825980392,2.3284313725490198,2.941176470588235
287643,Oleksandr Zinchenko,Defender,2133.0,1.0,2.0,2169.0,1.4041,2.3672624,28,7.0,15.0,20.0,40.0,18.0,22.0,163.0,2.0,31.0,117.0,69.0,15.0,,91.51898734177216,0.05924472573839663,0.0998844894514768,0.06473490087597972,0.10914072844628861,0.17387562932226833,1.2909174734900875,0.9220839096357769
288205,Bruno Fernandes,Midfielder,3318.0,8.0,8.0,2530.0,9.3257,10.734229000000001,92,35.0,32.0,121.0,68.0,42.0,25.0,222.0,5.0,36.0,157.0,195.0,42.0,,68.625678119349,0.2529575045207957,0.2911635352622062,0.3686047430830039,0.4242778260869566,0.7928825691699605,3.6363636363636362,4.782608695652174
290927,Ivan Toney,Forward,2953.0,20.0,4.0,1345.0,18.7923,3.49270669,94,42.0,16.0,27.0,23.0,13.0,14.0,103.0,9.0,35.0,222.0,260.0,47.0,,40.992211310531665,0.5727419573315273,0.10644890013545547,1.3971970260223048,0.259680794795539,1.6568778208178438,6.988847583643122,2.0074349442379185
294593,Álex Moreno,Defender,1335.0,0.0,3.0,1004.0,0.6069,2.58433593,13,3.0,23.0,22.0,23.0,14.0,7.0,69.0,3.0,30.0,66.0,94.0,15.0,,67.68539325842697,0.04091460674157303,0.17422489415730338,0.06044820717131474,0.25740397709163343,0.3178521842629482,1.294820717131474,2.1912350597609564
295123,Paul Onuachu,Forward,409.0,0.0,0.0,172.0,1.2865,0.0687728,11,5.0,9.0,4.0,3.0,2.0,0.0,14.0,1.0,4.0,55.0,59.0,8.0,,37.84841075794621,0.2830929095354523,0.015133378973105134,0.7479651162790698,0.039984186046511626,0.7879493023255814,6.395348837209303,2.3255813953488373
298366,Kieffer Moore,Forward,1280.0,4.0,0.0,586.0,4.412,0.48930049,23,9.0,2.0,5.0,14.0,11.0,1.0,26.0,5.0,26.0,114.0,135.0,31.0,,41.203125,0.31021875,0.034403940703125,0.752901023890785,0.0834983771331058,0.8363994010238907,3.9249146757679183,0.8532423208191127
301288,Solly March,Midfielder,2724.0,7.0,7.0,1799.0,7.2016,6.29342138,74,34.0,58.0,67.0,53.0,31.0,24.0,125.0,3.0,29.0,179.0,171.0,32.0,,59.43832599118942,0.23793832599118941,0.20793242444933918,0.4003112840466926,0.349828870483602,0.7501401545302946,4.113396331295164,3.7242912729294053
303638,Tyrone Mings,Defender,3150.0,1.0,2.0,2268.0,1.1703000000000001,0.93443187,7,2.0,6.0,5.0,15.0,7.0,54.0,174.0,21.0,158.0,104.0,64.0,7.0,,64.8,0.03343714285714286,0.02669805342857143,0.05160052910052911,0.041200699735449736,0.09280122883597884,0.30864197530864196,0.2204585537918871
305278,Diego Llorente,Defender,648.0,0.0,0.0,513.0,0.7217,0.03895992,6,0.0,2.0,0.0,13.0,10.0,15.0,57.0,2.0,24.0,35.0,19.0,1.0,,71.25,0.10023611111111111,0.0054111,0.140682261208577,0.007594526315789474,0.14827678752436646,1.1695906432748537,0.0
307284,Mario Lemina,Midfielder,1303.0,0.0,1.0,825.0,0.2727,0.46510765,9,2.0,11.0,3.0,38.0,24.0,14.0,91.0,8.0,23.0,75.0,52.0,8.0,,56.98388334612433,0.018835763622409823,0.032125624328472754,0.033054545454545455,0.05637668484848485,0.0894312303030303,1.090909090909091,0.36363636363636365
308526,Daniel Amartey,Midfielder,1610.0,0.0,0.0,1289.0,1.0566,0.44802364,6,2.0,2.0,5.0,19.0,8.0,8.0,108.0,17.0,70.0,58.0,41.0,4.0,,72.05590062111801,0.05906459627329193,0.0250447997515528,0.08197051978277735,0.03475745849495733,0.11672797827773466,0.46547711404189296,0.3878975950349108
308764,Daniel Podence,Midfielder,1785.0,6.0,0.0,970.0,3.8826,2.19937531,43,18.0,24.0,36.0,27.0,17.0,7.0,87.0,0.0,5.0,80.0,127.0,30.0,,48.90756302521008,0.1957613445378151,0.11089287277310926,0.40026804123711346,0.2267397226804124,0.6270077639175259,4.43298969072165,3.711340206185567
316148,Thomas Partey,Midfielder,2497.0,3.0,0.0,2357.0,2.2711,2.3566778,28,4.0,35.0,26.0,70.0,40.0,28.0,225.0,5.0,39.0,165.0,115.0,19.0,,84.95394473368042,0.08185782939527433,0.0849423315979175,0.09635553669919389,0.09998633008061093,0.19634186677980484,1.1879507848960544,1.1030971574034791
318927,Joe Gomez,Defender,1471.0,0.0,0.0,1544.0,0.1958,0.6916102,6,2.0,4.0,1.0,28.0,21.0,24.0,126.0,11.0,47.0,82.0,65.0,5.0,,94.46634942216178,0.011979605710401088,0.04231469612508497,0.012681347150259066,0.044793406735751294,0.05747475388601036,0.38860103626943004,0.06476683937823835
318941,Rúben Dias,Defender,1997.0,0.0,0.0,2264.0,1.3323,0.32383927,10,2.0,8.0,3.0,21.0,13.0,18.0,99.0,13.0,54.0,80.0,58.0,4.0,,102.03304957436156,0.060043565348022035,0.014594659138708064,0.05884717314487632,0.0143038546819788,0.07315102782685513,0.441696113074205,0.13250883392226148
322391,Ryan Christie,Midfielder,1848.0,1.0,1.0,1053.0,2.7403,2.03179987,33,9.0,37.0,30.0,34.0,22.0,26.0,132.0,4.0,16.0,132.0,168.0,33.0,,51.28246753246753,0.13345616883116884,0.09895129237012987,0.2602374169040836,0.19295345394112062,0.4531908708452042,3.133903133903134,2.849002849002849
329417,Timothy Castagne,Defender,3256.0,2.0,3.0,2309.0,2.2213,2.19397222,19,6.0,11.0,23.0,87.0,44.0,43.0,202.0,13.0,94.0,168.0,160.0,17.0,,63.823710073710075,0.06139957002457002,0.060644195270270276,0.09620181896925074,0.09501828583802513,0.1912201048072759,0.822867042009528,0.996102208748376
331209,Bernardo Silva,Midfielder,2213.0,4.0,5.0,1844.0,2.176,3.9692852700000003,25,10.0,28.0,32.0,44.0,23.0,16.0,122.0,6.0,6.0,91.0,128.0,31.0,,74.99322187076366,0.08849525530953457,0.16142597121554453,0.11800433839479393,0.21525408188720177,0.3332584202819957,1.3557483731019524,1.735357917570499
331737,Youri Tielemans,Midfielder,2350.0,3.0,2.0,1960.0,2.4955,3.31053659,31,10.0,26.0,30.0,66.0,39.0,28.0,195.0,8.0,24.0,143.0,102.0,15.0,,75.06382978723404,0.09557234042553192,0.12678650770212765,0.12732142857142859,0.16890492806122448,0.29622635663265307,1.5816326530612244,1.530612244897959
333373,Miguel Almirón,Midfielder,2507.0,11.0,2.0,1395.0,7.9623,3.02755493,69,21.0,34.0,26.0,46.0,30.0,10.0,139.0,2.0,13.0,119.0,116.0,28.0,,50.079776625448744,0.2858424411647387,0.1086876520542481,0.5707741935483871,0.21702902724014336,0.7878032207885305,4.946236559139785,1.8637992831541221
345195,Ayoze Pérez,Forward,386.0,0.0,1.0,271.0,1.1465,0.57657339,8,2.0,6.0,11.0,11.0,8.0,2.0,35.0,0.0,2.0,31.0,45.0,11.0,,63.186528497409334,0.26731865284974093,0.13443421010362694,0.4230627306273063,0.21275770848708486,0.6358204391143911,2.952029520295203,4.059040590405904
347010,Allan Saint-Maximin,Forward,1131.0,1.0,5.0,690.0,1.6135,2.7696536800000002,28,13.0,57.0,31.0,10.0,3.0,5.0,69.0,0.0,0.0,85.0,79.0,30.0,,54.907161803713535,0.12839522546419097,0.22039684456233424,0.2338405797101449,0.40139908405797103,0.635239663768116,4.057971014492753,4.492753623188406
352668,Tosin Adarabioyo,Defender,2084.0,1.0,0.0,1567.0,0.7038,0.4558156,16,4.0,5.0,6.0,30.0,13.0,26.0,110.0,15.0,138.0,99.0,55.0,4.0,,67.67274472168907,0.030394433781190017,0.019684934740882915,0.04491384811742182,0.029088423739629863,0.07400227185705169,1.0210593490746651,0.3828972559029994
352768,Ainsley Maitland-Niles,Defender,1407.0,0.0,0.0,959.0,0.02,0.74518295,1,1.0,17.0,10.0,45.0,24.0,22.0,90.0,7.0,40.0,85.0,57.0,13.0,,61.343283582089555,0.001279317697228145,0.0476662867803838,0.0020855057351407717,0.07770416579770595,0.07978967153284672,0.10427528675703858,1.0427528675703857
352770,Alex Iwobi,Midfielder,3381.0,2.0,7.0,2048.0,2.4607,4.32978665,42,15.0,55.0,64.0,69.0,37.0,25.0,259.0,2.0,28.0,149.0,167.0,42.0,,54.51641526175687,0.0655022182786158,0.11525607763975156,0.12015136718750001,0.21141536376953124,0.33156673095703126,2.05078125,3.125
354808,Saïd Benrahma,Midfielder,2072.0,6.0,3.0,1197.0,7.0218,3.30299047,73,27.0,51.0,48.0,25.0,15.0,9.0,113.0,1.0,11.0,96.0,138.0,43.0,,51.99324324324325,0.30500096525096526,0.1434696632722008,0.5866165413533835,0.2759390534670008,0.8625555948203844,6.098579782790309,4.010025062656641
355152,Demarai Gray,Midfielder,2511.0,4.0,1.0,1326.0,6.2368,3.84715405,59,24.0,33.0,37.0,33.0,24.0,13.0,98.0,3.0,15.0,130.0,190.0,66.0,,47.52688172043011,0.22354121863799284,0.13789082616487455,0.4703469079939668,0.2901322812971342,0.7604791892911009,4.44947209653092,2.790346907993967
355528,Harry Wilson,Midfielder,1133.0,2.0,3.0,603.0,1.9844,1.03940389,18,4.0,12.0,12.0,21.0,13.0,6.0,54.0,2.0,12.0,69.0,60.0,15.0,,47.89938217122683,0.15763106796116505,0.08256518102383054,0.32908789386401327,0.17237212106135988,0.5014600149253731,2.9850746268656714,1.9900497512437811
355796,Jefferson Lerma,Midfielder,3255.0,5.0,0.0,2016.0,2.5519,3.08903349,35,12.0,13.0,18.0,50.0,30.0,47.0,260.0,15.0,88.0,158.0,127.0,17.0,,55.74193548387097,0.0705594470046083,0.08541106423963134,0.12658234126984128,0.1532258675595238,0.2798082088293651,1.7361111111111112,0.8928571428571428
356398,James Maddison,Midfielder,2484.0,10.0,9.0,1606.0,8.679,5.74023055,85,29.0,46.0,69.0,51.0,26.0,13.0,101.0,1.0,4.0,180.0,141.0,31.0,,58.188405797101446,0.31445652173913047,0.2079793677536232,0.5404109589041096,0.35742406911581565,0.8978350280199252,5.292652552926526,4.296388542963885
358108,Scott McKenna,Defender,1573.0,0.0,0.0,891.0,0.0743,0.43296054,2,0.0,5.0,8.0,12.0,7.0,12.0,68.0,14.0,83.0,57.0,37.0,2.0,,50.97902097902098,0.004251112523839797,0.024772058868404324,0.008338945005611673,0.0485926531986532,0.056931598204264876,0.22446689113355783,0.8978675645342313
358218,Harry Toffolo,Defender,956.0,0.0,0.0,516.0,0.2716,0.9373734,6,2.0,3.0,5.0,17.0,8.0,10.0,54.0,8.0,30.0,38.0,38.0,6.0,,48.57740585774059,0.025569037656903763,0.08824644979079498,0.05263565891472868,0.18166151162790697,0.23429717054263569,1.1627906976744187,0.9689922480620154
358694,Marek Rodák,Goalkeeper,180.0,0.0,0.0,69.0,0.0,0.00203396,0,0.0,0.0,0.0,0.0,0.0,0.0,18.0,0.0,2.0,1.0,0.0,0.0,,34.5,0.0,0.00101698,0.0,0.002947768115942029,0.002947768115942029,0.0,0.0
359642,Kelechi Iheanacho,Forward,1131.0,5.0,5.0,521.0,7.1212,1.7992793200000001,39,14.0,20.0,22.0,7.0,2.0,0.0,30.0,1.0,8.0,47.0,109.0,36.0,,41.45888594164456,0.5666737400530504,0.14317872572944298,1.3668330134357005,0.34535111708253363,1.7121841305182344,7.485604606525912,4.222648752399232
359664,Taiwo Awoniyi,Forward,1434.0,10.0,1.0,490.0,6.598199999999999,0.31701625,35,15.0,7.0,10.0,17.0,10.0,4.0,56.0,4.0,20.0,63.0,130.0,29.0,,30.753138075313807,0.414112970711297,0.019896417364016736,1.3465714285714283,0.06469719387755102,1.4112686224489794,7.142857142857142,2.0408163265306123
360396,Yerry Mina,Defender,596.0,2.0,0.0,415.0,1.4554,0.15644947,8,4.0,1.0,1.0,15.0,8.0,6.0,31.0,4.0,28.0,45.0,23.0,0.0,,62.66778523489933,0.2197751677852349,0.023624919966442955,0.3506987951807229,0.03769866746987952,0.38839746265060243,1.9277108433734942,0.24096385542168677
361332,Joshua Onomah,Midfielder,14.0,0.0,0.0,12.0,0.0,0.00382151,0,0.0,0.0,0.0,1.0,0.0,0.0,1.0,0.0,0.0,2.0,2.0,1.0,,77.14285714285714,0.0,0.02456685,0.0,0.03184591666666667,0.03184591666666667,0.0,0.0
361352,Adam Armstrong,Forward,1348.0,2.0,1.0,496.0,2.0817,0.77040995,25,12.0,13.0,11.0,14.0,9.0,5.0,54.0,3.0,5.0,41.0,92.0,23.0,,33.11572700296736,0.1389859050445104,0.051436866097922855,0.41969758064516133,0.1553245866935484,0.5750221673387097,5.040322580645161,2.217741935483871
361420,Dominic Solanke,Forward,2866.0,6.0,7.0,1168.0,9.181000000000001,2.40749493,76,29.0,45.0,21.0,15.0,9.0,6.0,87.0,7.0,43.0,165.0,280.0,74.0,,36.678297278436844,0.28830774598743897,0.07560172494766225,0.7860445205479454,0.2061211412671233,0.9921656618150686,6.506849315068493,1.797945205479452
361696,Wout Faes,Defender,2787.0,1.0,2.0,2227.0,1.2123,0.587624081,13,3.0,9.0,9.0,56.0,33.0,41.0,184.0,37.0,111.0,140.0,87.0,5.0,,71.91603875134554,0.03914854682454252,0.01897601983853606,0.054436461607543785,0.026386352986079924,0.08082281459362371,0.5837449483610238,0.4041311180960934
361790,Donny van de Beek,Midfielder,175.0,0.0,0.0,78.0,0.096,0.14215413,2,0.0,2.0,3.0,0.0,0.0,1.0,3.0,1.0,1.0,7.0,11.0,2.0,,40.114285714285714,0.049371428571428566,0.07310783828571428,0.12307692307692308,0.1822488846153846,0.3053258076923077,2.564102564102564,3.8461538461538463
362682,Joachim Andersen,Defender,2783.0,1.0,0.0,2345.0,1.8312,0.9914304700000001,22,9.0,5.0,12.0,42.0,22.0,24.0,180.0,13.0,187.0,150.0,84.0,3.0,,75.83542939274164,0.0592195472511678,0.032062070535393464,0.07808955223880597,0.04227848486140725,0.12036803710021321,0.9381663113006397,0.511727078891258
364612,João Palhinha,Midfielder,3113.0,3.0,0.0,1834.0,2.8952,0.4178946,39,9.0,14.0,7.0,147.0,83.0,46.0,212.0,5.0,59.0,282.0,192.0,28.0,,53.02280758111147,0.08370318021201413,0.012081758432380341,0.15786259541984732,0.02278596510359869,0.18064856052344602,2.1264994547437297,0.38167938931297707
365772,Naby Keïta,Midfielder,292.0,0.0,0.0,221.0,0.6438,0.205351,10,0.0,3.0,8.0,5.0,4.0,2.0,29.0,0.0,3.0,13.0,29.0,7.0,,68.11643835616438,0.1984315068493151,0.06329311643835617,0.2913122171945701,0.09291900452488688,0.384231221719457,4.524886877828054,3.619909502262444
365802,Harrison Reed,Midfielder,2875.0,3.0,4.0,1646.0,1.8919,2.03822144,20,8.0,10.0,35.0,44.0,27.0,19.0,160.0,12.0,30.0,104.0,147.0,25.0,,51.52695652173913,0.05922469565217391,0.06380519290434783,0.11493924665856622,0.12382876306196841,0.23876800972053464,1.2150668286755772,2.12636695018226
366592,Kieran Tierney,Defender,793.0,0.0,1.0,592.0,0.3517,0.442754459,7,2.0,2.0,4.0,20.0,11.0,11.0,43.0,2.0,20.0,37.0,30.0,0.0,,67.18789407313997,0.039915510718789404,0.050249560290037826,0.05940878378378378,0.07478960456081081,0.13419838834459458,1.1824324324324325,0.6756756756756757
368134,Matt Targett,Defender,630.0,0.0,0.0,486.0,0.0148,0.6779974400000001,1,0.0,2.0,10.0,13.0,10.0,9.0,46.0,3.0,13.0,29.0,38.0,6.0,,69.42857142857143,0.0021142857142857144,0.09685677714285715,0.003045267489711934,0.13950564609053498,0.14255091358024694,0.205761316872428,2.05761316872428
371222,Saša Lukić,Midfielder,416.0,0.0,0.0,269.0,0.14279999999999998,0.14045184,5,1.0,4.0,0.0,8.0,3.0,5.0,28.0,2.0,3.0,26.0,24.0,1.0,,58.19711538461539,0.030894230769230764,0.030386215384615382,0.05308550185873605,0.05221257992565055,0.1052980817843866,1.858736059479554,0.0
372336,Jacob Murphy,Forward,1288.0,4.0,2.0,634.0,3.3016,3.06761239,29,10.0,14.0,20.0,15.0,7.0,7.0,69.0,0.0,2.0,46.0,75.0,23.0,,44.30124223602485,0.23070186335403728,0.2143517974378882,0.5207570977917981,0.4838505347003154,1.0046076324921134,4.574132492113565,3.1545741324921135
372344,Dominic Calvert-Lewin,Forward,1172.0,2.0,1.0,415.0,5.8384,0.76072973,31,10.0,15.0,9.0,4.0,2.0,3.0,28.0,1.0,18.0,99.0,120.0,12.0,,31.868600682593858,0.44834129692832764,0.05841781203071672,1.4068433734939758,0.1833083686746988,1.5901517421686746,7.46987951807229,2.1686746987951806
383560,Manuel Akanji,Defender,2287.0,0.0,1.0,2258.0,1.3032,0.9943574845,15,3.0,6.0,7.0,36.0,25.0,16.0,136.0,9.0,30.0,77.0,77.0,3.0,,88.85876694359422,0.05128465238303454,0.039130814868823784,0.05771479185119574,0.04403708965899026,0.10175188151018599,0.6643046944198405,0.3100088573959256
542472,Rodrigo,Midfielder,1942.0,13.0,1.0,845.0,8.0704,1.2969884600000001,67,27.0,12.0,16.0,24.0,10.0,6.0,66.0,4.0,21.0,81.0,145.0,24.0,,39.16065911431514,0.3740144181256436,0.06010760113285273,0.955076923076923,0.15348975857988167,1.1085666816568047,7.928994082840236,1.8934911242603552
547410,Martin Ødegaard,Midfielder,3144.0,15.0,7.0,2230.0,9.9973,7.9486578,93,33.0,49.0,77.0,36.0,23.0,6.0,178.0,5.0,12.0,124.0,157.0,45.0,,63.83587786259542,0.2861822519083969,0.2275379141221374,0.4483094170403587,0.3564420538116592,0.8047514708520178,4.170403587443946,3.4529147982062782
548050,Saman Ghoddos,Midfielder,177.0,0.0,0.0,105.0,0.0462,0.29995995,1,1.0,0.0,4.0,2.0,1.0,4.0,24.0,1.0,2.0,10.0,12.0,1.0,,53.389830508474574,0.02349152542372881,0.15252200847457625,0.044,0.2856761428571429,0.32967614285714286,0.9523809523809524,3.8095238095238098
548188,Lewis Cook,Midfielder,1720.0,0.0,2.0,973.0,0.22129999999999997,2.31306139,6,0.0,7.0,24.0,37.0,22.0,23.0,129.0,10.0,29.0,61.0,75.0,16.0,,50.91279069767442,0.011579651162790696,0.12103228203488373,0.022744090441932166,0.23772470606372048,0.26046879650565263,0.6166495375128468,2.466598150051387
548660,Philip Billing,Midfielder,2783.0,7.0,1.0,1510.0,4.8736,2.58287237,38,18.0,26.0,26.0,63.0,36.0,31.0,146.0,8.0,50.0,176.0,144.0,35.0,,48.83219547251168,0.1576083363277039,0.08352803208767517,0.32275496688741717,0.17105115033112583,0.49380611721854306,2.5165562913907285,1.7218543046357615
552884,Jarrod Bowen,Midfielder,3248.0,6.0,5.0,1466.0,9.4165,6.00396137,75,24.0,36.0,48.0,39.0,16.0,36.0,152.0,9.0,18.0,178.0,240.0,55.0,,40.621921182266014,0.260925184729064,0.16636592466133004,0.6423260572987721,0.4095471603001364,1.0518732175989085,5.115961800818554,3.2742155525238745
555386,Ollie Watkins,Forward,3134.0,15.0,6.0,1021.0,16.462400000000002,2.666131,86,47.0,18.0,31.0,19.0,13.0,10.0,59.0,4.0,39.0,146.0,218.0,39.0,,29.320357370772175,0.47275558391831535,0.07656406828334397,1.6123800195886389,0.2611293829578844,1.873509402546523,8.423114593535749,3.0362389813907935
555406,James Bree,Defender,368.0,0.0,0.0,217.0,0.0331,0.22680477,1,1.0,2.0,4.0,5.0,3.0,6.0,17.0,1.0,11.0,16.0,9.0,2.0,,53.07065217391305,0.008095108695652173,0.055468557880434775,0.015253456221198154,0.10451832718894008,0.11977178341013824,0.4608294930875576,1.8433179723502304
559036,Gustavo Scarpa,Midfielder,180.0,0.0,0.0,115.0,0.2551,0.04588507,7,1.0,1.0,1.0,5.0,2.0,0.0,12.0,0.0,2.0,15.0,11.0,0.0,,57.49999999999999,0.12755,0.022942535,0.22182608695652173,0.03990006086956522,0.26172614782608694,6.086956521739131,0.8695652173913043
560128,Joelinton,Midfielder,2662.0,6.0,1.0,1860.0,7.0687999999999995,1.89227367,51,20.0,53.0,26.0,70.0,49.0,48.0,198.0,7.0,38.0,223.0,251.0,51.0,,62.88504883546206,0.23899023290758828,0.06397619470323065,0.38004301075268815,0.10173514354838711,0.4817781543010752,2.741935483870968,1.3978494623655915
566102,Davinson Sánchez,Defender,865.0,0.0,0.0,731.0,0.6261,0.21914793,6,2.0,2.0,2.0,24.0,11.0,12.0,45.0,10.0,41.0,58.0,34.0,2.0,,76.05780346820809,0.06514335260115607,0.022801518728323696,0.08564979480164159,0.029979196990424072,0.11562899179206566,0.8207934336525308,0.27359781121751026
576384,Kristoffer Ajer,Defender,766.0,0.0,0.0,431.0,0.0357,0.09342175,1,0.0,1.0,1.0,11.0,8.0,7.0,36.0,5.0,17.0,35.0,35.0,8.0,,50.639686684073105,0.0041945169712793735,0.010976445822454307,0.008283062645011602,0.021675580046403714,0.029958642691415314,0.23201856148491878,0.23201856148491878
580550,Clément Lenglet,Defender,2030.0,0.0,2.0,1704.0,0.9510000000000001,0.81660614,13,2.0,7.0,7.0,38.0,23.0,18.0,119.0,11.0,67.0,105.0,81.0,8.0,,75.54679802955665,0.04216256157635469,0.03620421310344828,0.05580985915492958,0.0479228955399061,0.10373275469483569,0.7629107981220657,0.41079812206572774
581302,Robin Koch,Defender,3177.0,0.0,0.0,2001.0,1.5428,0.4660211,17,4.0,1.0,6.0,53.0,30.0,43.0,192.0,21.0,147.0,182.0,139.0,1.0,,56.68555240793201,0.04370538243626062,0.01320173087818697,0.07710144927536232,0.023289410294852573,0.1003908595702149,0.8495752123938031,0.29985007496251875
581310,David Raya,Goalkeeper,3420.0,0.0,0.0,1882.0,0.1115,0.17615493,1,0.0,1.0,2.0,0.0,0.0,1.0,383.0,0.0,20.0,19.0,4.0,0.0,,49.526315789473685,0.0029342105263157896,0.004635656052631579,0.005924548352816153,0.009359985653560042,0.015284534006376194,0.053134962805526036,0.10626992561105207
583450,Jack Stacey,Defender,308.0,0.0,0.0,182.0,0.0892,0.02647085,1,0.0,3.0,0.0,5.0,4.0,5.0,15.0,1.0,12.0,13.0,19.0,4.0,,53.18181818181819,0.026064935064935065,0.007734988636363637,0.04901098901098902,0.014544423076923076,0.0635554120879121,0.5494505494505495,0.0
599128,Rico Henry,Defender,3243.0,0.0,2.0,1692.0,1.574,2.88366687,22,4.0,26.0,23.0,57.0,31.0,30.0,197.0,8.0,69.0,161.0,166.0,44.0,,46.95652173913043,0.04368177613321,0.08002775772432932,0.0930260047281324,0.17042948404255318,0.2634554887706856,1.3002364066193852,1.3593380614657211
604232,Diego Carlos,Defender,204.0,0.0,0.0,156.0,0.3633,0.10235415,4,0.0,0.0,1.0,1.0,0.0,1.0,14.0,2.0,2.0,7.0,6.0,0.0,,68.8235294117647,0.1602794117647059,0.04515624264705882,0.2328846153846154,0.06561163461538462,0.29849625,2.564102564102564,0.641025641025641
606164,Diogo Jota,Forward,1136.0,7.0,4.0,594.0,6.4956,1.7038575569999999,35,11.0,14.0,17.0,23.0,15.0,3.0,60.0,0.0,9.0,70.0,110.0,19.0,,47.05985915492958,0.5146161971830986,0.134988714903169,1.0935353535353534,0.2868447065656565,1.3803800601010099,5.892255892255893,2.861952861952862
754698,Ben Godfrey,Defender,801.0,0.0,1.0,413.0,1.2313,0.0829182,6,1.0,3.0,3.0,20.0,11.0,8.0,35.0,6.0,31.0,43.0,50.0,3.0,,46.40449438202248,0.13834831460674157,0.009316651685393258,0.298135593220339,0.020077046004842617,0.3182126392251816,1.4527845036319613,0.7263922518159807
758168,Moussa Niakhaté,Defender,1162.0,0.0,0.0,542.0,0.6144000000000001,0.15662486,6,3.0,0.0,1.0,18.0,9.0,19.0,71.0,8.0,54.0,43.0,42.0,1.0,,41.97934595524957,0.047586919104991396,0.012131013253012048,0.1133579335793358,0.028897575645756457,0.14225550922509225,1.107011070110701,0.18450184501845018
758608,Çağlar Söyüncü,Defender,534.0,1.0,0.0,395.0,0.4155,0.02431503,5,2.0,1.0,1.0,14.0,9.0,7.0,42.0,8.0,29.0,43.0,26.0,0.0,,66.57303370786516,0.07002808988764044,0.004098038764044944,0.10518987341772153,0.006155703797468355,0.11134557721518988,1.2658227848101267,0.25316455696202533
770677,Denis Zakaria,Midfielder,413.0,0.0,0.0,239.0,0.189,0.0683053,2,0.0,6.0,1.0,9.0,5.0,3.0,21.0,1.0,8.0,17.0,25.0,9.0,,52.082324455205814,0.041186440677966105,0.014884932203389831,0.07907949790794978,0.02857962343096234,0.10765912133891214,0.8368200836820083,0.41841004184100417
773409,Che Adams,Forward,1997.0,5.0,3.0,793.0,6.6287,2.20815145,47,15.0,16.0,24.0,17.0,13.0,4.0,53.0,4.0,22.0,121.0,183.0,28.0,,35.7386079118678,0.2987396094141212,0.0995160893840761,0.8359016393442622,0.2784554161412358,1.1143570554854982,5.926860025220681,3.0264817150063053
781544,Mason Holgate,Defender,508.0,0.0,0.0,293.0,1.0053,0.17374512,4,1.0,3.0,6.0,11.0,7.0,7.0,23.0,3.0,26.0,27.0,26.0,0.0,,51.90944881889764,0.1781043307086614,0.0307816157480315,0.34310580204778157,0.059298675767918085,0.40240447781569966,1.3651877133105803,2.04778156996587
783126,Emiliano Buendía,Midfielder,2421.0,5.0,2.0,1463.0,6.3603,4.18924967,49,12.0,28.0,42.0,51.0,23.0,20.0,138.0,2.0,13.0,146.0,235.0,58.0,,54.38661710037175,0.2364423791821561,0.15573418847583642,0.43474367737525627,0.2863465256322624,0.7210902030075188,3.349282296650718,2.8708133971291865
786028,Kalvin Phillips,Midfielder,307.0,0.0,0.0,359.0,0.3256,0.122114392,6,0.0,1.0,3.0,6.0,4.0,5.0,19.0,3.0,8.0,14.0,21.0,1.0,,105.24429967426711,0.0954527687296417,0.0357990074267101,0.09069637883008357,0.03401515097493036,0.12471152980501393,1.6713091922005572,0.8356545961002786
786186,Hwang Hee-chan,Forward,1139.0,3.0,1.0,470.0,2.9352,0.6350548500000001,18,7.0,13.0,10.0,20.0,9.0,5.0,45.0,2.0,4.0,59.0,96.0,20.0,,37.13784021071115,0.2319297629499561,0.05017992669007902,0.6245106382978723,0.13511805319148937,0.7596286914893617,3.829787234042553,2.127659574468085
786259,Kostas Tsimikas,Defender,783.0,0.0,4.0,743.0,0.6448,1.29744591,7,2.0,4.0,18.0,14.0,9.0,12.0,50.0,1.0,14.0,34.0,41.0,7.0,,85.40229885057471,0.07411494252873563,0.14913171379310344,0.08678331090174966,0.174622598923284,0.26140590982503364,0.9421265141318977,2.4226110363391657
787885,Wilfred Ndidi,Midfielder,1681.0,0.0,0.0,1181.0,0.1983,0.199641579,7,2.0,10.0,3.0,61.0,42.0,38.0,146.0,14.0,42.0,110.0,90.0,10.0,,63.23022010707912,0.010616894705532422,0.010688722254610351,0.016790855207451313,0.016904452074513125,0.03369530728196444,0.5927180355630821,0.2540220152413209
788134,Dean Henderson,Goalkeeper,1620.0,0.0,0.0,772.0,0.0,0.02549519,0,0.0,0.0,0.0,0.0,0.0,0.0,156.0,0.0,20.0,2.0,1.0,0.0,,42.888888888888886,0.0,0.0014163994444444444,0.0,0.0033024857512953367,0.0033024857512953367,0.0,0.0
790833,Sergi Canós,Midfielder,90.0,0.0,0.0,62.0,0.0727,0.03265095,1,0.0,4.0,1.0,0.0,0.0,0.0,6.0,1.0,1.0,7.0,7.0,0.0,,62.0,0.0727,0.03265095,0.11725806451612904,0.052662822580645155,0.1699208870967742,1.6129032258064515,1.6129032258064515
791190,Rodrigo Bentancur,Midfielder,1504.0,5.0,2.0,1128.0,2.2718,0.67704201,15,9.0,21.0,11.0,45.0,28.0,20.0,128.0,15.0,21.0,89.0,80.0,17.0,,67.5,0.13594547872340426,0.04051448198138298,0.20140070921985812,0.060021454787234044,0.2614221640070922,1.3297872340425532,0.975177304964539
793228,Rob Holding,Defender,587.0,1.0,0.0,508.0,0.3315,0.1474724,5,2.0,1.0,0.0,8.0,5.0,3.0,39.0,5.0,26.0,33.0,24.0,0.0,,77.88756388415673,0.05082623509369677,0.022610759795570697,0.06525590551181103,0.02903,0.09428590551181103,0.984251968503937,0.0
793988,Orel Mangala,Midfielder,1556.0,1.0,1.0,705.0,0.5837,0.48460447999999995,9,3.0,16.0,3.0,28.0,20.0,23.0,88.0,7.0,14.0,78.0,69.0,9.0,,40.77763496143959,0.033761568123393315,0.028029822107969147,0.08279432624113475,0.06873822411347516,0.1515325503546099,1.276595744680851,0.425531914893617
794298,Deniz Undav,Forward,640.0,5.0,0.0,248.0,4.7287,1.13226351,27,12.0,4.0,8.0,7.0,4.0,0.0,21.0,1.0,1.0,20.0,37.0,8.0,,34.875,0.6649734375,0.15922455609375,1.9067338709677422,0.4565578669354839,2.363291737903226,10.887096774193548,3.225806451612903
794839,Gabriel Jesus,Forward,2074.0,11.0,6.0,1238.0,14.1556,2.90391716,77,32.0,45.0,32.0,33.0,25.0,11.0,79.0,3.0,13.0,178.0,249.0,65.0,,53.72227579556413,0.6142738669238187,0.12601376297010608,1.1434248788368335,0.2345651987075929,1.3779900775444265,6.219709208400646,2.5848142164781907
794939,Marc Cucurella,Defender,1676.0,0.0,2.0,1535.0,0.3995,0.94827198,7,0.0,5.0,11.0,66.0,33.0,16.0,120.0,8.0,37.0,108.0,71.0,6.0,,82.42840095465394,0.021452863961813846,0.050921526372315035,0.02602605863192183,0.06177667622149837,0.0878027348534202,0.4560260586319218,0.7166123778501629
794962,Maximilian Wöber,Defender,1263.0,0.0,0.0,872.0,0.7577,0.3785192,9,2.0,0.0,6.0,25.0,18.0,27.0,76.0,14.0,64.0,53.0,47.0,2.0,,62.13776722090262,0.05399287410926366,0.026972864608076012,0.08689220183486239,0.043408165137614675,0.13030036697247707,1.0321100917431194,0.6880733944954129
795058,Tom Davies,Midfielder,539.0,0.0,0.0,329.0,1.151,0.25030634,9,2.0,3.0,2.0,15.0,9.0,4.0,28.0,1.0,7.0,31.0,36.0,4.0,,54.935064935064936,0.19218923933209647,0.04179512170686457,0.3498480243161094,0.07608095440729483,0.4259289787234043,2.735562310030395,0.60790273556231
795064,Trent Alexander-Arnold,Defender,2940.0,2.0,9.0,3267.0,2.3702,9.09211326,40,8.0,30.0,72.0,57.0,40.0,43.0,239.0,7.0,36.0,113.0,106.0,21.0,,100.01020408163264,0.07255714285714286,0.27832999775510203,0.0725497398224671,0.2783015996326905,0.3508513394551576,1.2243648607284972,2.203856749311295
795228,Odsonne Édouard,Forward,1827.0,5.0,2.0,749.0,4.2089,0.79490556,39,15.0,16.0,17.0,25.0,13.0,3.0,55.0,5.0,22.0,99.0,187.0,51.0,,36.896551724137936,0.20733497536945814,0.03915790935960591,0.561935914552737,0.1061289132176235,0.6680648277703605,5.2069425901201605,2.2696929238985315
796986,Daniel Iversen,Goalkeeper,1080.0,0.0,0.0,443.0,0.0,0.00847095,0,0.0,0.0,0.0,0.0,0.0,0.0,84.0,0.0,9.0,3.0,0.0,0.0,,36.91666666666667,0.0,0.0007059124999999999,0.0,0.0019121783295711061,0.0019121783295711061,0.0,0.0
797893,Lyanco,Defender,1203.0,1.0,1.0,757.0,0.5506,0.14227123,12,4.0,8.0,4.0,24.0,16.0,20.0,83.0,25.0,61.0,67.0,47.0,4.0,,56.633416458852864,0.041192019950124684,0.010643732917705736,0.07273447820343461,0.018794085865257597,0.0915285640686922,1.5852047556142668,0.5284015852047557
799041,Tomáš Souček,Midfielder,2825.0,2.0,3.0,1412.0,4.0496,1.06251048,34,13.0,2.0,15.0,77.0,37.0,53.0,142.0,17.0,68.0,208.0,197.0,18.0,,44.98407079646018,0.1290138053097345,0.03384989139823009,0.2867988668555241,0.07524861756373938,0.36204748441926343,2.4079320113314444,1.0623229461756374
799251,Mathias Jensen,Midfielder,2829.0,5.0,6.0,1979.0,2.149,4.7061676,23,7.0,24.0,50.0,70.0,35.0,32.0,175.0,5.0,23.0,130.0,172.0,32.0,,62.95864262990456,0.06836691410392365,0.14971901166489923,0.10859019706922687,0.23780533602829712,0.34639553309752397,1.1622031328954017,2.526528549772612
800419,Tyler Adams,Midfielder,2157.0,0.0,0.0,1695.0,0.11560000000000001,1.01878659,4,0.0,7.0,24.0,89.0,46.0,35.0,198.0,8.0,25.0,143.0,109.0,18.0,,70.72322670375522,0.00482336578581363,0.042508480806675936,0.006820058997050148,0.06010540353982301,0.06692546253687315,0.2359882005899705,1.415929203539823
802695,Ben Chilwell,Defender,1416.0,2.0,2.0,1193.0,1.447,2.35306409,16,4.0,8.0,21.0,21.0,17.0,18.0,68.0,2.0,23.0,77.0,74.0,18.0,,75.82627118644068,0.09197033898305086,0.14955915826271188,0.12129086336965633,0.1972392363788768,0.31853009974853314,1.341156747694887,1.760268231349539
803174,Antonee Robinson,Defender,3089.0,0.0,1.0,2370.0,0.0807,1.83595066,3,0.0,39.0,21.0,62.0,38.0,53.0,235.0,13.0,76.0,164.0,130.0,20.0,,69.05147296859826,0.0023512463580446746,0.05349160226610553,0.0034050632911392406,0.07746627257383966,0.0808713358649789,0.12658227848101267,0.8860759493670887
804434,Takehiro Tomiyasu,Defender,680.0,0.0,1.0,571.0,0.2007,0.23193995991,3,0.0,1.0,4.0,27.0,18.0,14.0,42.0,0.0,14.0,48.0,37.0,4.0,,75.57352941176471,0.026563235294117644,0.030697935870441173,0.03514886164623467,0.04061995795271453,0.07576881959894921,0.5253940455341506,0.7005253940455342
805123,Yoane Wissa,Forward,1608.0,7.0,3.0,580.0,5.6468,1.0332479399999999,32,15.0,20.0,13.0,17.0,12.0,6.0,69.0,0.0,14.0,87.0,93.0,25.0,,32.462686567164184,0.3160522388059701,0.057831041417910435,0.9735862068965517,0.17814619655172412,1.1517324034482757,5.517241379310345,2.2413793103448274
805465,Pervis Estupiñán,Midfielder,2690.0,1.0,5.0,2298.0,1.741,4.07334877,29,5.0,19.0,51.0,61.0,31.0,37.0,191.0,8.0,35.0,142.0,142.0,29.0,,76.88475836431226,0.05824907063197027,0.13628304434944238,0.07576153176675371,0.17725625630983463,0.25301778807658837,1.2619669277632724,2.219321148825065
807301,Gianluca Scamacca,Forward,928.0,3.0,0.0,311.0,2.4651,0.5216677,30,10.0,6.0,13.0,10.0,5.0,4.0,23.0,0.0,5.0,43.0,61.0,18.0,,30.16163793103448,0.23907219827586207,0.05059277262931034,0.7926366559485531,0.16773881028938906,0.9603754662379421,9.646302250803858,4.180064308681672
808590,Leon Bailey,Midfielder,1983.0,4.0,4.0,915.0,5.3366,4.81107093,51,14.0,41.0,31.0,14.0,6.0,6.0,72.0,0.0,11.0,101.0,198.0,53.0,,41.52798789712557,0.2422057488653555,0.21835420257186078,0.5832349726775956,0.5258001016393442,1.10903507431694,5.573770491803279,3.3879781420765025
808680,Harry Souttar,Defender,991.0,0.0,1.0,674.0,1.4348,0.10122682599999999,8,2.0,3.0,3.0,15.0,9.0,12.0,45.0,12.0,45.0,61.0,22.0,0.0,,61.2108980827447,0.13030474268415743,0.009193152714429869,0.21287833827893177,0.015018816913946586,0.22789715519287834,1.1869436201780417,0.44510385756676557
814590,Marcus Rashford,Forward,2888.0,17.0,5.0,1330.0,15.4726,2.75497918,108,50.0,54.0,30.0,20.0,10.0,7.0,100.0,4.0,13.0,117.0,185.0,44.0,,41.44736842105263,0.4821793628808864,0.08585461433518005,1.1633533834586465,0.2071412917293233,1.3704946751879699,8.1203007518797,2.2556390977443606
814873,Vitaly Janelt,Midfielder,2207.0,3.0,1.0,1293.0,2.3673,1.5139755620000002,14,5.0,9.0,16.0,54.0,27.0,29.0,159.0,9.0,23.0,116.0,95.0,11.0,,52.72768463978251,0.09653692795650205,0.061738921875849576,0.18308584686774942,0.11709014400618717,0.3001759908739366,1.082753286929621,1.237432327919567
816763,Pablo Fornals,Midfielder,1521.0,3.0,1.0,960.0,2.2218,2.03163682,27,7.0,10.0,20.0,30.0,15.0,14.0,130.0,2.0,8.0,58.0,85.0,15.0,,56.80473372781065,0.13146745562130177,0.12021519644970415,0.2314375,0.2116288354166667,0.4430663354166667,2.8125,2.083333333333333
817567,Sam Surridge,Forward,346.0,1.0,0.0,149.0,1.7893,0.02814053,9,2.0,2.0,1.0,5.0,0.0,0.0,17.0,2.0,7.0,30.0,35.0,4.0,,38.75722543352601,0.46542485549132945,0.007319791040462428,1.2008724832214763,0.018886261744966444,1.2197587449664429,6.0402684563758395,0.6711409395973155
817957,Christian Pulišić,Forward,830.0,1.0,1.0,467.0,1.6798,0.386650698,19,6.0,13.0,12.0,11.0,6.0,4.0,31.0,1.0,4.0,44.0,63.0,13.0,,50.638554216867476,0.18214698795180723,0.04192597930120482,0.3597002141327623,0.08279458201284798,0.4424947961456103,4.068522483940043,2.569593147751606
818073,Joe Aribo,Midfielder,1228.0,2.0,0.0,617.0,1.5336,0.45906723,14,8.0,17.0,9.0,31.0,20.0,10.0,76.0,1.0,11.0,91.0,104.0,22.0,,45.21986970684039,0.11239739413680783,0.033644992426710096,0.24855753646677473,0.07440311669367909,0.32296065316045386,2.2690437601296596,1.4586709886547813
823085,Kyle Walker-Peters,Defender,2652.0,1.0,0.0,1820.0,1.0196,2.48618572,13,5.0,49.0,15.0,61.0,32.0,27.0,156.0,8.0,41.0,167.0,153.0,43.0,,61.76470588235294,0.03460180995475113,0.0843728185520362,0.056021978021978024,0.13660361098901097,0.192625589010989,0.7142857142857143,0.8241758241758242
823941,Alexander Isak,Forward,1523.0,10.0,1.0,650.0,8.289,1.36898716,51,25.0,32.0,16.0,18.0,8.0,4.0,38.0,2.0,8.0,87.0,120.0,25.0,,38.41103086014445,0.4898292843072883,0.0808987816152331,1.2752307692307692,0.21061340923076924,1.4858441784615384,7.846153846153846,2.4615384615384617
825719,Issa Diop,Defender,2009.0,1.0,0.0,1632.0,0.2821,0.47549871,3,2.0,3.0,2.0,28.0,19.0,35.0,116.0,17.0,86.0,72.0,56.0,1.0,,73.11100049776009,0.012637630662020906,0.02130158481831757,0.017285539215686277,0.02913595036764706,0.046421489583333336,0.1838235294117647,0.12254901960784313
825839,Tyrell Malacia,Defender,1393.0,0.0,0.0,1020.0,0.2495,0.7163352270000001,5,2.0,6.0,9.0,46.0,33.0,25.0,90.0,3.0,44.0,73.0,74.0,8.0,,65.90093323761666,0.01611988513998564,0.046281529382627425,0.02446078431372549,0.07022894382352943,0.09468972813725492,0.49019607843137253,0.8823529411764706
826057,Mads Roerslev,Defender,1135.0,0.0,0.0,441.0,0.3221,0.80768797,3,1.0,3.0,8.0,22.0,12.0,9.0,48.0,5.0,32.0,36.0,45.0,9.0,,34.969162995594715,0.025540969162995593,0.06404574211453745,0.07303854875283447,0.18314919954648526,0.25618774829931973,0.6802721088435374,1.8140589569160999
826134,Trevoh Chalobah,Defender,1640.0,0.0,0.0,1400.0,0.8553,0.33600790999999997,9,2.0,8.0,4.0,31.0,20.0,24.0,86.0,7.0,55.0,78.0,60.0,5.0,,76.82926829268293,0.046937195121951214,0.018439458475609755,0.06109285714285714,0.024000564999999998,0.08509342214285713,0.6428571428571428,0.2857142857142857
826139,Reiss Nelson,Midfielder,225.0,3.0,2.0,175.0,1.091,1.0006994900000001,12,7.0,7.0,9.0,4.0,1.0,0.0,16.0,0.0,4.0,17.0,26.0,9.0,,70.0,0.4364,0.400279796,0.6234285714285714,0.5718282800000001,1.1952568514285713,6.857142857142858,5.142857142857142
826202,Yan Valery,Defender,45.0,0.0,0.0,31.0,0.0,0.00298263,0,0.0,0.0,0.0,0.0,0.0,0.0,2.0,0.0,3.0,1.0,3.0,3.0,,62.0,0.0,0.00596526,0.0,0.009621387096774193,0.009621387096774193,0.0,0.0
826204,Boubacar Kamara,Midfielder,1783.0,0.0,1.0,1212.0,0.1904,0.74715968,4,1.0,16.0,7.0,58.0,25.0,19.0,126.0,12.0,23.0,127.0,104.0,14.0,,61.177790241166576,0.009610768367919239,0.037714173415591704,0.01570957095709571,0.06164683828382839,0.0773564092409241,0.33003300330033003,0.5775577557755776
826215,Ibrahima Konaté,Defender,1551.0,0.0,0.0,1359.0,1.2274,0.77975426,11,3.0,10.0,1.0,38.0,26.0,26.0,107.0,5.0,56.0,109.0,60.0,4.0,,78.8588007736944,0.07122243713733076,0.04524686228239846,0.09031640912435615,0.057377061074319356,0.1476934701986755,0.8094186902133923,0.07358351729212656
827064,Arnaut Danjuma,Forward,170.0,1.0,0.0,79.0,0.8139000000000001,0.056675539999999996,6,3.0,3.0,1.0,2.0,0.0,0.0,1.0,0.0,0.0,7.0,8.0,3.0,,41.82352941176471,0.43088823529411774,0.030004697647058824,1.0302531645569621,0.07174118987341772,1.1019943544303796,7.59493670886076,1.2658227848101267
827362,Caoimhin Kelleher,Goalkeeper,90.0,0.0,0.0,31.0,0.0,0.00082883,0,0.0,0.0,0.0,0.0,0.0,0.0,7.0,0.0,0.0,0.0,0.0,0.0,,31.0,0.0,0.00082883,0.0,0.0026736451612903223,0.0026736451612903223,0.0,0.0
827519,Romain Perraud,Defender,1849.0,2.0,2.0,1206.0,1.2902,1.89154034,30,6.0,10.0,15.0,54.0,33.0,20.0,97.0,6.0,34.0,93.0,117.0,14.0,,58.70200108166576,0.06280043266630611,0.0920706493239589,0.10698175787728027,0.15684414096185736,0.26382589883913765,2.4875621890547266,1.2437810945273633
827606,Rodri,Midfielder,2920.0,2.0,6.0,3363.0,4.6139,3.50263764,50,14.0,25.0,33.0,67.0,41.0,33.0,301.0,14.0,42.0,184.0,130.0,19.0,,103.6541095890411,0.14220924657534248,0.10795800945205479,0.1371959559916741,0.10415217484388939,0.24134813083556353,1.486767766874814,0.9812667261373774
827679,Ezri Konsa,Defender,3323.0,0.0,0.0,2264.0,1.0537,0.72014207,8,0.0,5.0,8.0,42.0,20.0,26.0,164.0,23.0,114.0,166.0,65.0,5.0,,61.3180860668071,0.028538368943725554,0.01950429921757448,0.046541519434628975,0.031808395318021196,0.07834991475265018,0.35335689045936397,0.35335689045936397
827681,James Justin,Defender,1254.0,0.0,0.0,1021.0,0.30770000000000003,0.47170703999999997,5,0.0,4.0,7.0,20.0,18.0,15.0,64.0,6.0,36.0,76.0,62.0,6.0,,73.2775119617225,0.02208373205741627,0.033854572248803824,0.03013712047012733,0.046200493633692455,0.07633761410381978,0.4897159647404506,0.6856023506366308
828639,Daniel James,Midfielder,812.0,2.0,1.0,354.0,1.96,0.7701487,17,4.0,6.0,9.0,15.0,7.0,3.0,42.0,1.0,6.0,42.0,47.0,14.0,,39.23645320197045,0.21724137931034485,0.0853613091133005,0.5536723163841808,0.21755612994350282,0.7712284463276836,4.80225988700565,2.5423728813559325
829570,Jack Harrison,Forward,2724.0,5.0,7.0,1703.0,5.4549,5.0536085,39,14.0,48.0,55.0,40.0,16.0,22.0,174.0,2.0,22.0,130.0,239.0,61.0,,56.26651982378855,0.18022797356828196,0.16696944383259912,0.3203112155020552,0.2967474163241339,0.6170586318261891,2.2900763358778624,3.2295948326482677
829932,Cristian Romero,Defender,2365.0,0.0,1.0,1972.0,1.4821,1.0097485,11,2.0,13.0,8.0,68.0,36.0,44.0,173.0,18.0,97.0,150.0,103.0,10.0,,75.04439746300211,0.05640126849894291,0.038425947145877375,0.07515720081135903,0.05120428498985801,0.126361485801217,0.5578093306288032,0.4056795131845842
830659,Marcos Senesi,Defender,2495.0,2.0,0.0,1691.0,1.6264,0.36796997,8,3.0,8.0,5.0,50.0,35.0,43.0,168.0,20.0,140.0,97.0,79.0,4.0,,60.99799599198397,0.05866773547094188,0.013273465851703407,0.09617977528089888,0.021760494973388528,0.11794027025428741,0.4730928444707274,0.29568302779420463
833956,Matty Cash,Defender,1820.0,0.0,1.0,1274.0,0.202,0.93986825,7,1.0,16.0,8.0,55.0,32.0,26.0,108.0,5.0,37.0,98.0,61.0,7.0,,62.99999999999999,0.00998901098901099,0.04647700137362637,0.015855572998430142,0.07377301805337519,0.08962859105180533,0.5494505494505495,0.6279434850863422
836070,Luis Sinisterra,Forward,882.0,5.0,0.0,523.0,3.7264999999999997,0.8783143499999999,28,11.0,19.0,9.0,21.0,14.0,8.0,65.0,1.0,2.0,70.0,80.0,23.0,,53.367346938775505,0.38025510204081625,0.08962391326530611,0.7125239005736137,0.1679377342256214,0.8804616347992351,5.353728489483748,1.7208413001912046
836675,Pascal Struijk,Defender,2204.0,2.0,1.0,1678.0,1.3648,1.20939253,16,7.0,9.0,14.0,84.0,57.0,32.0,139.0,12.0,64.0,165.0,117.0,12.0,,68.52087114337569,0.05573139745916515,0.049385357395644286,0.08133492252681764,0.07207345232419546,0.1534083748510131,0.9535160905840285,0.834326579261025
836693,Japhet Tanganga,Defender,152.0,0.0,0.0,117.0,0.0,0.01675064,0,0.0,1.0,0.0,3.0,2.0,2.0,8.0,0.0,6.0,13.0,11.0,1.0,,69.27631578947368,0.0,0.009918142105263159,0.0,0.014316786324786326,0.014316786324786326,0.0,0.0
836694,Mason Mount,Forward,1656.0,3.0,2.0,1051.0,2.0005,2.79030432,33,9.0,16.0,30.0,33.0,19.0,8.0,85.0,6.0,6.0,85.0,97.0,29.0,,57.11956521739131,0.10872282608695653,0.1516469739130435,0.19034253092293058,0.2654904205518554,0.455832951474786,3.139866793529972,2.8544243577545196
836698,Ryan Sessegnon,Defender,811.0,2.0,0.0,510.0,1.659,1.10631801,18,6.0,5.0,6.0,16.0,11.0,6.0,49.0,1.0,16.0,37.0,45.0,10.0,,56.596794081381006,0.18410604192355118,0.12277265215782986,0.32529411764705884,0.2169251,0.5422192176470588,3.5294117647058822,1.1764705882352942
836705,Kai Havertz,Forward,2578.0,7.0,1.0,1346.0,11.5896,2.7624083,71,33.0,18.0,38.0,34.0,16.0,7.0,81.0,0.0,39.0,156.0,208.0,36.0,,46.98991466252909,0.4046020170674942,0.09643783824670288,0.8610401188707281,0.20523092867756315,1.0662710475482915,5.274888558692422,2.823179791976226
838399,Joe Worrall,Defender,2222.0,1.0,0.0,1429.0,0.7728,0.56911635,7,2.0,3.0,5.0,53.0,25.0,26.0,123.0,23.0,108.0,115.0,75.0,4.0,,57.88028802880287,0.0313015301530153,0.023051517326732676,0.054079776067179855,0.039826196641007706,0.09390597270818754,0.489853044086774,0.34989503149055284
839410,Aaron Ramsdale,Goalkeeper,3426.0,0.0,0.0,1275.0,0.0,0.0488480274,0,0.0,1.0,0.0,1.0,1.0,0.0,261.0,0.0,34.0,12.0,0.0,0.0,,33.4938704028021,0.0,0.0012832231366024518,0.0,0.0038312178352941173,0.0038312178352941173,0.0,0.0
839956,Erling Haaland,Forward,2776.0,36.0,8.0,830.0,28.5899,3.13040369,123,60.0,11.0,31.0,3.0,2.0,3.0,37.0,4.0,14.0,88.0,129.0,26.0,,26.909221902017293,0.9269059798270894,0.10149003317723343,3.444566265060241,0.3771570710843373,3.821723336144579,14.819277108433734,3.734939759036145
839981,Lucas Paquetá,Midfielder,2169.0,4.0,3.0,1601.0,4.4022,2.63331576,53,16.0,33.0,32.0,71.0,53.0,16.0,144.0,4.0,31.0,170.0,186.0,44.0,,66.43153526970954,0.18266390041493777,0.10926621410788381,0.27496564647095567,0.16447943535290444,0.43944508182386005,3.3104309806371015,1.9987507807620237
840217,Richarlison,Forward,1023.0,1.0,3.0,490.0,3.2995,1.463653653,27,14.0,12.0,16.0,21.0,16.0,5.0,52.0,1.0,9.0,73.0,94.0,18.0,,43.10850439882698,0.2902785923753666,0.1287671835483871,0.6733673469387755,0.2987048271428571,0.9720721740816327,5.510204081632653,3.2653061224489797
843200,Diogo Dalot,Defender,2165.0,1.0,2.0,1724.0,2.4729,1.53268422,22,7.0,21.0,29.0,54.0,41.0,37.0,152.0,7.0,52.0,117.0,63.0,5.0,,71.66743648960738,0.10279953810623557,0.06371435556581986,0.14343967517401393,0.0889027969837587,0.23234247215777265,1.2761020881670533,1.6821345707656612
844424,Emmanuel Dennis,Forward,733.0,2.0,2.0,401.0,1.8625,0.39930572999999997,21,7.0,19.0,7.0,17.0,11.0,2.0,38.0,1.0,3.0,78.0,89.0,25.0,,49.23601637107777,0.22868349249658937,0.04902798867667121,0.4644638403990025,0.09957748877805486,0.5640413291770573,5.236907730673317,1.7456359102244388
844842,Yves Bissouma,Midfielder,1029.0,0.0,0.0,854.0,0.1703,0.37450907,6,0.0,7.0,8.0,16.0,13.0,12.0,68.0,6.0,10.0,39.0,44.0,8.0,,74.6938775510204,0.014895043731778426,0.032755895335276966,0.01994145199063232,0.043853521077283374,0.06379497306791569,0.702576112412178,0.936768149882904
845074,Edouard Mendy,Goalkeeper,855.0,0.0,0.0,334.0,0.0,0.00511586,0,0.0,0.0,0.0,0.0,0.0,0.0,74.0,0.0,7.0,5.0,1.0,0.0,,35.15789473684211,0.0,0.0005385115789473684,0.0,0.001531694610778443,0.001531694610778443,0.0,0.0
846036,Ben White,Defender,3079.0,2.0,5.0,2592.0,1.3304,3.65676118,10,3.0,8.0,27.0,60.0,31.0,22.0,155.0,11.0,75.0,131.0,118.0,7.0,,75.76485872036376,0.0388879506333225,0.1068881150373498,0.05132716049382716,0.14107874922839508,0.19240590972222224,0.38580246913580246,1.0416666666666665
846252,Ryan Yates,Midfielder,1839.0,0.0,2.0,861.0,2.2706,0.43523692999999997,26,5.0,5.0,7.0,38.0,19.0,10.0,111.0,8.0,44.0,125.0,94.0,15.0,,42.13703099510604,0.11112234910277324,0.021300339151712887,0.2637166085946574,0.05055016608594657,0.31426677468060393,3.0197444831591174,0.8130081300813009
846441,Rúben Vinagre,Defender,30.0,0.0,0.0,33.0,0.0,0.00204031,0,0.0,1.0,0.0,2.0,2.0,0.0,4.0,0.0,1.0,6.0,3.0,1.0,,99.00000000000001,0.0,0.006120929999999999,0.0,0.006182757575757576,0.006182757575757576,0.0,0.0
847128,Marc Roca,Midfielder,2345.0,1.0,2.0,1650.0,2.1456,2.55373496,35,13.0,17.0,33.0,66.0,40.0,23.0,169.0,10.0,23.0,130.0,134.0,26.0,,63.32622601279317,0.08234712153518123,0.09801114985074627,0.13003636363636364,0.15477181575757576,0.2848081793939394,2.1212121212121215,2.0
848276,Jean-Philippe Mateta,Forward,780.0,2.0,0.0,293.0,3.3804000000000003,0.16417178999999998,27,7.0,3.0,5.0,7.0,1.0,3.0,23.0,1.0,18.0,44.0,83.0,18.0,,33.80769230769231,0.3900461538461539,0.018942898846153845,1.1537201365187715,0.05603132764505119,1.2097514641638227,9.215017064846416,1.7064846416382253
851100,Jadon Sancho,Midfielder,1698.0,6.0,3.0,1045.0,4.261,4.11152615,21,11.0,34.0,44.0,16.0,10.0,7.0,109.0,2.0,5.0,62.0,100.0,20.0,,55.3886925795053,0.22584805653710247,0.21792541431095408,0.4077511961722488,0.39344747846889955,0.8011986746411484,2.0095693779904304,4.2105263157894735
851150,Renan Lodi,Defender,2220.0,0.0,1.0,1216.0,0.9589,1.31836429,15,0.0,16.0,13.0,52.0,39.0,33.0,153.0,6.0,60.0,128.0,108.0,13.0,,49.29729729729729,0.038874324324324326,0.05344720094594595,0.07885690789473684,0.10841811595394737,0.18727502384868422,1.2335526315789473,1.069078947368421
851671,João Félix,Forward,948.0,4.0,0.0,555.0,4.8946000000000005,0.99365853,46,16.0,22.0,7.0,14.0,7.0,1.0,23.0,0.0,1.0,68.0,70.0,8.0,,52.68987341772152,0.4646772151898735,0.09433467056962026,0.8819099099099101,0.17903757297297299,1.060947482882883,8.288288288288289,1.2612612612612613
855647,Harvey Barnes,Forward,2718.0,13.0,1.0,1240.0,8.9329,2.18187977,72,34.0,27.0,19.0,26.0,14.0,8.0,101.0,1.0,10.0,119.0,216.0,42.0,,41.05960264900662,0.2957913907284768,0.07224767450331127,0.7203951612903225,0.17595804596774192,0.8963532072580647,5.806451612903226,1.532258064516129
855731,David Brooks,Midfielder,171.0,0.0,0.0,101.0,0.2559,0.20341847999999998,5,1.0,2.0,2.0,1.0,0.0,2.0,4.0,0.0,4.0,6.0,18.0,4.0,,53.15789473684211,0.1346842105263158,0.10706235789473684,0.2533663366336634,0.20140443564356436,0.4547707722772277,4.9504950495049505,1.9801980198019802
855835,Sergio Gómez,Defender,350.0,0.0,1.0,368.0,0.36129999999999995,1.0682044,7,0.0,0.0,5.0,9.0,4.0,2.0,19.0,3.0,8.0,14.0,20.0,3.0,,94.62857142857142,0.09290571428571427,0.2746811314285714,0.09817934782608694,0.2902729347826087,0.38845228260869563,1.9021739130434785,1.358695652173913
855864,Ethan Pinnock,Defender,2700.0,3.0,0.0,1580.0,3.0484999999999998,1.12566435,15,9.0,2.0,9.0,52.0,28.0,35.0,123.0,31.0,214.0,169.0,71.0,7.0,,52.666666666666664,0.10161666666666666,0.03752214500000001,0.19294303797468354,0.07124457911392405,0.26418761708860755,0.949367088607595,0.569620253164557
856123,Emerson Royal,Defender,1746.0,2.0,1.0,1395.0,1.6597,0.99376443,17,7.0,15.0,9.0,54.0,33.0,18.0,102.0,3.0,65.0,130.0,88.0,19.0,,71.90721649484537,0.08555154639175258,0.0512249706185567,0.11897491039426523,0.0712375935483871,0.19021250394265235,1.2186379928315414,0.6451612903225806
856260,Josh Dasilva,Midfielder,1411.0,4.0,2.0,846.0,1.5343,1.56552877,18,6.0,32.0,13.0,18.0,9.0,5.0,66.0,6.0,6.0,79.0,73.0,28.0,,53.961729270021266,0.09786463501063075,0.09985654805102764,0.18135933806146573,0.1850506820330969,0.3664100200945627,2.127659574468085,1.5366430260047281
856714,Declan Rice,Midfielder,3278.0,4.0,2.0,2586.0,2.3978,1.8716293,36,9.0,35.0,37.0,79.0,38.0,63.0,334.0,15.0,55.0,162.0,117.0,27.0,,71.00061012812691,0.0658334350213545,0.05138701555826723,0.09272235112142306,0.07237545630317092,0.16509780742459398,1.3921113689095126,1.4307811291569992
856720,Mark Travers,Goalkeeper,1035.0,0.0,0.0,423.0,0.0,0.01203432,0,0.0,0.0,0.0,0.0,0.0,0.0,78.0,0.0,11.0,4.0,0.0,0.0,,36.78260869565218,0.0,0.001046462608695652,0.0,0.0028449929078014184,0.0028449929078014184,0.0,0.0
858194,Eddie Nketiah,Forward,1099.0,4.0,1.0,457.0,8.2483,1.28249967,41,14.0,15.0,9.0,13.0,9.0,1.0,30.0,1.0,6.0,63.0,97.0,20.0,,37.424931756141945,0.6754749772520474,0.10502727051865332,1.8048796498905908,0.28063450109409194,2.085514150984683,8.971553610503284,1.9693654266958425
859765,Phil Foden,Midfielder,1863.0,11.0,5.0,1414.0,5.9179,4.7520753099999995,46,22.0,40.0,44.0,16.0,10.0,5.0,91.0,2.0,11.0,104.0,106.0,29.0,,68.30917874396135,0.2858888888888889,0.22956885555555553,0.41852192362093354,0.33607321852899574,0.7545951421499293,3.253182461103253,3.1117397454031117
859901,Oliver Skipp,Midfielder,1502.0,1.0,0.0,958.0,0.2715,0.38960789,7,3.0,11.0,10.0,34.0,17.0,17.0,107.0,8.0,18.0,69.0,84.0,16.0,,57.4034620505992,0.016268308921438084,0.023345346271637816,0.028340292275574115,0.04066888204592902,0.06900917432150314,0.7306889352818371,1.0438413361169103
859999,Lisandro Martínez,Defender,2115.0,1.0,0.0,1850.0,0.5214,1.01331476,10,1.0,14.0,6.0,54.0,28.0,33.0,164.0,27.0,97.0,110.0,73.0,9.0,,78.72340425531915,0.02218723404255319,0.0431197770212766,0.028183783783783785,0.054773770810810814,0.0829575545945946,0.5405405405405406,0.3243243243243243
861970,Kiernan Dewsbury-Hall,Midfielder,2315.0,2.0,2.0,1603.0,2.3766,2.58251784,26,6.0,40.0,39.0,53.0,29.0,28.0,149.0,13.0,21.0,143.0,132.0,32.0,,62.31965442764579,0.09239481641468682,0.10040026159827213,0.14825951341235183,0.1611052925764192,0.30936480598877103,1.6219588271990018,2.432938240798503
862223,Manor Solomon,Forward,581.0,4.0,0.0,331.0,1.2326,0.68335083,11,7.0,19.0,6.0,21.0,12.0,5.0,46.0,0.0,2.0,47.0,41.0,11.0,,51.2736660929432,0.19093631669535283,0.10585468967297762,0.37238670694864046,0.2064504018126888,0.5788371087613293,3.3232628398791544,1.812688821752266
862967,Cody Gakpo,Midfielder,1465.0,7.0,2.0,670.0,6.2212,1.88560498,39,13.0,23.0,23.0,26.0,15.0,4.0,57.0,1.0,2.0,108.0,122.0,36.0,,41.160409556313994,0.38218976109215014,0.11583921378839591,0.9285373134328357,0.28143357910447764,1.2099708925373134,5.820895522388059,3.4328358208955225
863653,Aaron Wan-Bissaka,Defender,1442.0,0.0,0.0,1068.0,1.1842,0.93809552,10,2.0,17.0,15.0,40.0,25.0,22.0,73.0,8.0,35.0,72.0,58.0,10.0,,66.65742024965326,0.07390984743411927,0.05854965104022191,0.11088014981273407,0.08783665917602997,0.19871680898876404,0.9363295880149813,1.4044943820224718
864921,Eberechi Eze,Midfielder,2642.0,10.0,4.0,1699.0,7.3165,3.0989430700000002,71,26.0,71.0,57.0,42.0,24.0,13.0,180.0,0.0,8.0,189.0,174.0,54.0,,57.87660862982589,0.24923732021196063,0.10556581237698713,0.4306356680400235,0.18239806180105944,0.6130337298410831,4.178928781636257,3.3549146556798117
865057,Patson Daka,Forward,1189.0,4.0,4.0,483.0,3.5341,1.69921649,30,16.0,7.0,17.0,14.0,8.0,7.0,36.0,2.0,7.0,62.0,102.0,19.0,,36.560134566862914,0.26750967199327164,0.12862025576114383,0.7316977225672877,0.35180465631469976,1.0835023788819875,6.211180124223603,3.5196687370600417
865167,Lloyd Kelly,Defender,2041.0,0.0,2.0,1409.0,0.1875,0.81436021,3,0.0,1.0,7.0,33.0,18.0,26.0,131.0,15.0,99.0,75.0,51.0,4.0,,62.131308182263595,0.008268005879470847,0.035910053356197943,0.013307310149041874,0.05779703406671398,0.07110434421575586,0.21291696238466998,0.49680624556423
865740,Chris Mepham,Defender,2198.0,0.0,0.0,1365.0,0.9197,0.58129674,8,4.0,3.0,4.0,45.0,22.0,30.0,85.0,27.0,146.0,108.0,65.0,3.0,,55.89171974522293,0.03765832575068243,0.0238019593266606,0.06737728937728937,0.04258584175824176,0.10996313113553113,0.5860805860805861,0.29304029304029305
865912,Morgan Gibbs-White,Midfielder,3157.0,5.0,8.0,1700.0,6.7524,6.36228139,62,23.0,50.0,69.0,29.0,15.0,15.0,161.0,4.0,11.0,168.0,263.0,45.0,,48.46373139056066,0.19249794108330692,0.18137640959771936,0.3972,0.37425184647058823,0.7714518464705883,3.6470588235294117,4.0588235294117645
866191,Sean Longstaff,Midfielder,2515.0,1.0,4.0,1511.0,3.6303,2.58459909,33,7.0,8.0,23.0,42.0,21.0,16.0,141.0,8.0,22.0,112.0,132.0,29.0,,54.07157057654076,0.1299113320079523,0.09249062349900597,0.24025810721376573,0.17105222303110526,0.411310330244871,2.183984116479153,1.5221707478491064
866469,Bruno Guimarães,Midfielder,2733.0,4.0,5.0,2189.0,2.8087999999999997,3.88431497,28,8.0,45.0,43.0,78.0,40.0,36.0,233.0,4.0,19.0,225.0,169.0,60.0,,72.08562019758507,0.09249615806805707,0.12791377508232712,0.12831429876656006,0.17744700639561445,0.3057613051621745,1.2791228871630882,1.9643672910004568
867445,Emile Smith Rowe,Midfielder,179.0,0.0,2.0,109.0,0.265,0.55296905,4,1.0,2.0,6.0,1.0,1.0,0.0,8.0,0.0,1.0,4.0,12.0,4.0,,54.80446927374302,0.13324022346368716,0.2780291312849162,0.24311926605504589,0.5073110550458716,0.7504303211009175,3.669724770642202,5.5045871559633035
867887,Douglas Luiz,Midfielder,2933.0,6.0,6.0,2244.0,2.8337,2.93474702,34,12.0,24.0,46.0,73.0,42.0,40.0,197.0,7.0,21.0,164.0,149.0,33.0,,68.85782475281282,0.08695294919877258,0.0900536078418002,0.1262789661319073,0.13078195276292334,0.2570609188948306,1.5151515151515151,2.049910873440285
869792,Gabriel Magalhães,Defender,3417.0,3.0,0.0,2828.0,5.0819,0.63448472,32,10.0,2.0,5.0,48.0,30.0,32.0,190.0,26.0,120.0,190.0,114.0,4.0,,74.486391571554,0.13385162423178226,0.016711625636523265,0.1796994342291372,0.02243581046676096,0.20213524469589816,1.1315417256011315,0.1768033946251768
869910,Moussa Djenepo,Forward,715.0,0.0,2.0,397.0,0.1738,0.43481739,3,2.0,19.0,9.0,19.0,11.0,11.0,56.0,2.0,7.0,60.0,58.0,7.0,,49.97202797202797,0.02187692307692308,0.054732258881118885,0.043778337531486154,0.10952579093198994,0.15330412846347607,0.7556675062972292,2.2670025188916876
870038,Saša Kalajdžić,Forward,45.0,0.0,0.0,8.0,0.267,3.73e-06,1,0.0,0.0,0.0,0.0,0.0,1.0,2.0,0.0,0.0,1.0,0.0,0.0,,16.0,0.534,7.46e-06,3.3375000000000004,4.6624999999999995e-05,3.337546625,12.5,0.0
875295,Matías Viña,Defender,468.0,2.0,0.0,321.0,0.8704999999999999,0.10318614,9,6.0,10.0,2.0,19.0,11.0,4.0,28.0,1.0,17.0,44.0,46.0,6.0,,61.73076923076923,0.16740384615384615,0.01984348846153846,0.2711838006230529,0.03214521495327103,0.30332901557632397,2.803738317757009,0.6230529595015576
876643,Vitaliy Mykolenko,Defender,2662.0,0.0,0.0,1680.0,0.5221,0.93621351,10,3.0,11.0,19.0,58.0,34.0,46.0,150.0,16.0,89.0,115.0,108.0,8.0,,56.79939894815928,0.01765176558978212,0.03165259800901578,0.03107738095238095,0.05572699464285714,0.0868043755952381,0.5952380952380952,1.130952380952381
877102,Nayef Aguerd,Defender,1595.0,2.0,0.0,976.0,2.2276,0.26367883999999997,12,2.0,4.0,6.0,27.0,18.0,18.0,105.0,24.0,78.0,71.0,53.0,7.0,,55.072100313479616,0.12569529780564262,0.014878429843260188,0.22823770491803277,0.027016274590163928,0.25525397950819667,1.2295081967213115,0.6147540983606558
877994,Marc Guéhi,Defender,3329.0,1.0,0.0,2630.0,1.4633,0.84124917,14,6.0,14.0,10.0,52.0,27.0,45.0,241.0,24.0,132.0,160.0,93.0,7.0,,71.10243316311204,0.039560528687293484,0.022743293872033644,0.055638783269961974,0.03198666045627376,0.08762544372623575,0.532319391634981,0.38022813688212925
879346,Scott McTominay,Midfielder,1165.0,1.0,0.0,672.0,1.9412,0.995246702,13,6.0,13.0,8.0,32.0,19.0,14.0,78.0,6.0,45.0,95.0,88.0,19.0,,51.91416309012875,0.14996394849785408,0.07688601131330472,0.28886904761904764,0.14810218779761902,0.4369712354166667,1.9345238095238095,1.1904761904761905
879349,Pedro Neto,Midfielder,974.0,0.0,0.0,560.0,1.1026,1.6360308399999999,17,3.0,18.0,21.0,11.0,6.0,4.0,51.0,1.0,3.0,44.0,67.0,13.0,,51.74537987679671,0.1018829568788501,0.15117328090349075,0.19689285714285715,0.2921483642857143,0.4890412214285714,3.0357142857142856,3.75
879810,Flynn Downes,Midfielder,764.0,0.0,0.0,425.0,0.4335,0.12914076,4,1.0,1.0,2.0,16.0,9.0,7.0,44.0,2.0,4.0,38.0,32.0,6.0,,50.065445026178004,0.05106675392670157,0.015212916753926702,0.10200000000000001,0.030386061176470587,0.1323860611764706,0.9411764705882352,0.4705882352941176
881132,Enock Mwepu,Midfielder,216.0,0.0,1.0,125.0,0.2213,0.24321301,2,1.0,1.0,3.0,10.0,5.0,1.0,9.0,1.0,1.0,12.0,19.0,5.0,,52.083333333333336,0.09220833333333334,0.10133875416666667,0.17703999999999998,0.194570408,0.371610408,1.6,2.4
881931,Weston McKennie,Midfielder,1439.0,0.0,1.0,847.0,0.7916,0.54704419,13,2.0,11.0,13.0,29.0,13.0,22.0,95.0,3.0,26.0,70.0,93.0,25.0,,52.974287699791525,0.04950938151494093,0.034214021612230715,0.09345926800472255,0.06458609090909091,0.15804535891381347,1.5348288075560803,1.5348288075560803
883537,Luis Díaz,Midfielder,997.0,4.0,2.0,711.0,2.4865,1.32090117,27,8.0,32.0,13.0,17.0,11.0,6.0,50.0,0.0,1.0,81.0,110.0,37.0,,64.1825476429288,0.22445837512537614,0.11923882176529588,0.34971870604781996,0.1857807552742616,0.5354994613220815,3.79746835443038,1.8284106891701828
885864,Frank Onyeka,Midfielder,857.0,0.0,2.0,425.0,1.0206,0.80324226,9,4.0,11.0,7.0,19.0,14.0,10.0,50.0,3.0,16.0,63.0,66.0,10.0,,44.63243873978997,0.10718086347724622,0.08435449638273045,0.24014117647058825,0.1889981788235294,0.4291393552941176,2.1176470588235294,1.647058823529412
885908,Reece James,Defender,1244.0,1.0,1.0,1245.0,1.0228,2.91156095,16,4.0,22.0,21.0,31.0,20.0,12.0,89.0,2.0,20.0,94.0,53.0,14.0,,90.07234726688102,0.0739967845659164,0.21064347709003214,0.08215261044176707,0.2338603172690763,0.3160129277108434,1.285140562248996,1.6867469879518073
886363,Matheus Cunha,Forward,983.0,2.0,0.0,432.0,2.012,0.17894308,26,7.0,26.0,7.0,7.0,4.0,9.0,50.0,3.0,9.0,61.0,86.0,13.0,,39.55239064089522,0.18421159715157678,0.01638339491353001,0.4657407407407408,0.041422009259259256,0.5071627499999999,6.018518518518518,1.6203703703703702
886532,Siriki Dembélé,Midfielder,116.0,0.0,0.0,83.0,0.1888,0.2138353,2,2.0,6.0,4.0,3.0,1.0,1.0,9.0,0.0,1.0,11.0,14.0,5.0,,64.39655172413794,0.14648275862068966,0.16590669827586207,0.2274698795180723,0.25763289156626507,0.48510277108433736,2.4096385542168677,4.819277108433735
887581,Boubakary Soumaré,Midfielder,1640.0,0.0,0.0,1159.0,0.0307,0.46469436999999997,1,0.0,12.0,11.0,57.0,34.0,33.0,119.0,4.0,26.0,109.0,93.0,22.0,,63.603658536585364,0.0016847560975609757,0.025501520304878046,0.0026488352027610007,0.04009442364106988,0.042743258843830886,0.08628127696289906,0.9490940465918896
888550,Joe Willock,Midfielder,2577.0,3.0,6.0,1420.0,7.0014,4.351843290000001,58,17.0,37.0,40.0,51.0,30.0,25.0,136.0,8.0,15.0,127.0,154.0,27.0,,49.59254947613504,0.24451920838183938,0.15198521385331784,0.49305633802816906,0.3064678373239437,0.7995241753521127,4.084507042253521,2.8169014084507045
891803,Jamal Lewis,Midfielder,13.0,0.0,0.0,15.0,0.0,0.00088868,0,0.0,0.0,0.0,0.0,0.0,0.0,2.0,0.0,0.0,0.0,1.0,0.0,,103.84615384615384,0.0,0.006152400000000001,0.0,0.005924533333333333,0.005924533333333333,0.0,0.0
891920,Carlos Vinícius,Forward,1144.0,5.0,2.0,369.0,3.3079,0.79455401,21,12.0,5.0,8.0,4.0,1.0,0.0,22.0,0.0,9.0,51.0,116.0,23.0,,29.02972027972028,0.2602368881118881,0.06250861966783217,0.8964498644986449,0.21532628997289974,1.1117761544715448,5.691056910569105,2.168021680216802
892111,Shandon Baptiste,Midfielder,612.0,0.0,1.0,395.0,0.3563,0.54515001,4,1.0,6.0,10.0,15.0,9.0,7.0,45.0,2.0,10.0,39.0,38.0,8.0,,58.08823529411765,0.05239705882352941,0.08016911911764706,0.09020253164556963,0.13801266075949364,0.2282151924050633,1.0126582278481013,2.5316455696202533
892924,Hamed Junior Traorè,Midfielder,429.0,0.0,0.0,283.0,0.9135,1.10542225,6,0.0,16.0,15.0,17.0,11.0,2.0,33.0,0.0,1.0,40.0,39.0,13.0,,59.370629370629366,0.19164335664335663,0.23190676573426575,0.32279151943462897,0.3906085689045936,0.7134000883392226,2.1201413427561837,5.30035335689046
894474,Max Kilman,Defender,3308.0,0.0,0.0,2527.0,1.3435,0.573344262,14,1.0,19.0,4.0,36.0,20.0,19.0,219.0,42.0,163.0,153.0,89.0,9.0,,68.7515114873035,0.03655229746070133,0.01559884630592503,0.053165809259992085,0.022688732172536606,0.07585454143252869,0.554016620498615,0.15829046299960428
895324,Alexis Mac Allister,Midfielder,2886.0,10.0,2.0,2321.0,12.0785,4.376471,86,34.0,42.0,47.0,70.0,39.0,22.0,213.0,2.0,10.0,194.0,143.0,36.0,,72.38045738045739,0.37666839916839917,0.1364803846153846,0.5204006893580354,0.18855971563981042,0.7089604049978457,3.705299439896596,2.0249892287806976
895576,Marcus Tavernier,Midfielder,1749.0,5.0,4.0,1114.0,3.1331,1.29816727,37,15.0,45.0,19.0,33.0,22.0,9.0,124.0,4.0,17.0,123.0,158.0,40.0,,57.32418524871355,0.16122298456260722,0.0668010602058319,0.28124775583482947,0.11653207091561939,0.3977798267504489,3.321364452423698,1.7055655296229804
901892,Albert Sambi Lokonga,Midfielder,738.0,0.0,0.0,501.0,0.167,0.17093494,2,1.0,2.0,2.0,14.0,11.0,12.0,48.0,3.0,11.0,41.0,36.0,7.0,,61.09756097560975,0.020365853658536586,0.020845724390243903,0.03333333333333334,0.034118750499001996,0.06745208383233534,0.39920159680638717,0.39920159680638717
904827,Benoît Badiashile,Defender,912.0,1.0,0.0,963.0,1.1813,0.1958221,6,2.0,1.0,3.0,14.0,8.0,16.0,76.0,2.0,33.0,56.0,32.0,3.0,,95.03289473684211,0.11657565789473684,0.01932454934210526,0.122668743509865,0.02033458982346833,0.14300333333333334,0.6230529595015576,0.3115264797507788
904835,Fábio Vieira,Midfielder,522.0,1.0,2.0,376.0,0.8497,1.4120908300000001,15,2.0,6.0,12.0,6.0,4.0,4.0,34.0,0.0,2.0,20.0,29.0,8.0,,64.82758620689656,0.14650000000000002,0.24346393620689658,0.2259840425531915,0.3755560718085107,0.6015401143617022,3.9893617021276597,3.1914893617021276
904970,Conor Gallagher,Midfielder,1636.0,3.0,1.0,1228.0,2.4796,1.7274977599999999,28,11.0,23.0,21.0,46.0,33.0,23.0,93.0,10.0,14.0,123.0,148.0,36.0,,67.55501222493888,0.13640831295843522,0.09503349535452323,0.20192182410423454,0.14067571335504886,0.34259753745928334,2.2801302931596092,1.710097719869707
906047,Cheick Doucouré,Midfielder,2784.0,0.0,3.0,1647.0,1.4392,1.2125088099999999,36,7.0,15.0,26.0,77.0,46.0,56.0,220.0,13.0,47.0,135.0,115.0,20.0,,53.24353448275862,0.04652586206896552,0.03919748308189655,0.08738312082574379,0.07361923557984214,0.1610023564055859,2.185792349726776,1.5786278081360048
906076,Illan Meslier,Goalkeeper,3060.0,0.0,0.0,1241.0,0.1181,0.02966974,1,1.0,0.0,0.0,2.0,1.0,1.0,304.0,0.0,52.0,18.0,7.0,1.0,,36.5,0.003473529411764706,0.0008726394117647059,0.009516518936341659,0.0023907929089444,0.011907311845286058,0.08058017727639001,0.0
907072,Mikkel Damsgaard,Midfielder,990.0,0.0,0.0,564.0,2.6083,1.33056139,12,6.0,9.0,11.0,31.0,21.0,10.0,70.0,2.0,10.0,61.0,63.0,6.0,,51.27272727272727,0.2371181818181818,0.12096012636363636,0.46246453900709217,0.23591514007092196,0.6983796790780141,2.127659574468085,1.950354609929078
907668,Billy Gilmour,Midfielder,521.0,0.0,1.0,462.0,0.5234,0.81595012,6,1.0,2.0,2.0,5.0,2.0,6.0,35.0,2.0,5.0,15.0,26.0,5.0,,79.80806142034548,0.09041458733205374,0.1409510763915547,0.11329004329004327,0.1766125800865801,0.28990262337662337,1.2987012987012987,0.4329004329004329
910026,Bryan Gil,Midfielder,161.0,0.0,1.0,88.0,0.0981,0.079407906,2,1.0,2.0,2.0,3.0,1.0,1.0,3.0,0.0,1.0,7.0,13.0,3.0,,49.192546583850934,0.05483850931677019,0.04438951267080746,0.11147727272727273,0.09023625681818181,0.20171352954545455,2.272727272727273,2.272727272727273
910046,Sven Botman,Defender,3129.0,0.0,0.0,2104.0,2.503,1.11875531,22,7.0,1.0,9.0,38.0,24.0,34.0,182.0,24.0,120.0,126.0,63.0,2.0,,60.51773729626079,0.07199424736337488,0.03217896385426654,0.11896387832699619,0.05317278089353612,0.1721366592205323,1.0456273764258555,0.42775665399239543
913654,Pedro Porro,Defender,1134.0,3.0,3.0,863.0,1.8294000000000001,2.2888491,26,7.0,14.0,25.0,25.0,16.0,15.0,85.0,2.0,20.0,56.0,78.0,7.0,,68.4920634920635,0.1451904761904762,0.1816546904761905,0.211981460023175,0.2652200579374276,0.47720151796060256,3.0127462340672073,2.8968713789107765
914412,Ben Johnson,Defender,862.0,0.0,0.0,653.0,0.0542,0.41232595000000005,2,1.0,8.0,3.0,20.0,14.0,9.0,67.0,4.0,24.0,49.0,31.0,7.0,,68.1786542923434,0.005658932714617169,0.04305027320185615,0.008300153139356815,0.06314333078101073,0.07144348392036755,0.3062787136294028,0.45941807044410415
914691,Tariq Lamptey,Defender,452.0,0.0,0.0,395.0,0.1988,0.65304444,5,0.0,8.0,4.0,11.0,6.0,7.0,31.0,3.0,2.0,35.0,30.0,2.0,,78.6504424778761,0.039584070796460175,0.13003097256637167,0.050329113924050636,0.16532770632911392,0.21565682025316452,1.2658227848101267,1.0126582278481013
914835,Junior Firpo,Defender,1376.0,1.0,1.0,827.0,0.1114,0.7463961100000001,2,1.0,6.0,8.0,47.0,25.0,24.0,87.0,7.0,29.0,78.0,79.0,9.0,,54.09156976744186,0.007286337209302326,0.04881951300872093,0.013470374848851269,0.09025345949214027,0.10372383434099153,0.24183796856106407,0.9673518742442563
914902,Anthony Gordon,Forward,1587.0,4.0,0.0,814.0,4.9725,1.3692634,34,18.0,18.0,14.0,48.0,34.0,6.0,81.0,1.0,10.0,98.0,155.0,28.0,,46.16257088846881,0.28199432892249526,0.07765198865784499,0.6108722358722358,0.1682141769041769,0.7790864127764128,4.176904176904177,1.71990171990172
917005,Crysencio Summerville,Midfielder,1429.0,4.0,2.0,724.0,2.8585000000000003,1.10683461,29,9.0,24.0,16.0,30.0,20.0,13.0,90.0,2.0,8.0,100.0,108.0,36.0,,45.59832050384884,0.18003149055283416,0.06970966752974107,0.3948204419889503,0.1528777085635359,0.5476981505524862,4.005524861878453,2.209944751381215
920393,Nathaniel Phillips,Defender,71.0,0.0,0.0,90.0,0.0433,0.01053574,1,0.0,0.0,0.0,2.0,1.0,2.0,14.0,0.0,1.0,6.0,1.0,0.0,,114.08450704225353,0.05488732394366197,0.01335516338028169,0.04811111111111111,0.011706377777777778,0.05981748888888889,1.1111111111111112,0.0
920546,Robert Sánchez,Goalkeeper,2070.0,0.0,0.0,867.0,0.0,0.02096513,0,0.0,0.0,0.0,1.0,0.0,3.0,169.0,0.0,14.0,8.0,1.0,0.0,,37.69565217391305,0.0,0.0009115273913043477,0.0,0.002418123414071511,0.002418123414071511,0.0,0.0
920936,Lewis O'Brien,Midfielder,587.0,1.0,0.0,318.0,0.3441,0.19498719,7,2.0,7.0,4.0,16.0,9.0,5.0,51.0,2.0,8.0,40.0,27.0,7.0,,48.75638841567291,0.05275809199318569,0.029895821294718912,0.10820754716981133,0.061316726415094336,0.16952427358490568,2.20125786163522,1.257861635220126
921789,Rasmus Kristensen,Defender,1961.0,3.0,1.0,1309.0,0.8258,0.89857188,13,5.0,7.0,9.0,62.0,35.0,35.0,119.0,14.0,55.0,109.0,92.0,5.0,,60.07649158592555,0.037900050994390616,0.04123991290158083,0.06308632543926662,0.06864567456073338,0.13173200000000002,0.9931245225362872,0.6875477463712758
922573,Gabriel Martinelli,Forward,2805.0,15.0,5.0,1636.0,9.3279,6.96160164,79,32.0,59.0,59.0,31.0,18.0,9.0,102.0,1.0,9.0,141.0,226.0,56.0,,52.49197860962567,0.2992909090909091,0.22336689754010694,0.5701650366748165,0.4255257726161369,0.9956908092909534,4.8288508557457215,3.606356968215159
923894,Wesley Fofana,Defender,1367.0,1.0,0.0,1221.0,0.828,0.30385808,8,3.0,10.0,2.0,34.0,20.0,29.0,77.0,11.0,37.0,104.0,58.0,6.0,,80.38771031455742,0.054513533284564736,0.02000528690563277,0.06781326781326781,0.02488600163800164,0.09269926945126945,0.6552006552006553,0.16380016380016382
923973,Amadou Onana,Midfielder,2504.0,1.0,2.0,1398.0,3.0066,1.67057239,34,6.0,18.0,22.0,72.0,43.0,37.0,150.0,6.0,37.0,199.0,150.0,17.0,,50.24760383386581,0.108064696485623,0.06004453478434505,0.21506437768240347,0.11949730972818312,0.33456168741058656,2.432045779685265,1.5736766809728182
924871,Darwin Núñez,Forward,1699.0,9.0,3.0,691.0,12.1569,2.80663303,84,37.0,18.0,28.0,11.0,5.0,3.0,44.0,0.0,12.0,82.0,132.0,27.0,,36.603884638022365,0.6439793996468511,0.1486739097704532,1.7593198263386396,0.40616975832127356,2.1654895846599134,12.156295224312592,4.052098408104197
927083,Bryan Mbeumo,Forward,2929.0,9.0,8.0,1451.0,9.7098,5.58311801,71,33.0,45.0,53.0,26.0,18.0,13.0,135.0,1.0,17.0,129.0,213.0,54.0,,44.58518265619665,0.2983550699897576,0.17155364318880162,0.6691798759476223,0.3847772577532736,1.0539571337008957,4.893177119228119,3.652653342522398
927353,Curtis Jones,Midfielder,1051.0,3.0,1.0,871.0,1.1717,1.3917804200000001,15,5.0,11.0,14.0,34.0,17.0,3.0,56.0,2.0,9.0,64.0,74.0,29.0,,74.58610846812559,0.10033587059942911,0.11918195794481447,0.1345235361653272,0.1597910929965557,0.2943146291618829,1.7221584385763489,1.6073478760045925
927356,Neco Williams,Defender,1895.0,1.0,0.0,1234.0,1.2631000000000001,1.23455464,25,7.0,19.0,15.0,72.0,47.0,33.0,127.0,8.0,37.0,135.0,139.0,17.0,,58.60686015831134,0.05998891820580475,0.05863320189973615,0.1023581847649919,0.1000449465153971,0.202403131280389,2.025931928687196,1.2155591572123177
927361,James Garner,Midfielder,803.0,0.0,1.0,463.0,0.7646999999999999,0.5003444699999999,9,3.0,7.0,7.0,16.0,13.0,12.0,68.0,1.0,13.0,45.0,44.0,3.0,,51.89290161892902,0.08570734744707346,0.05607845865504358,0.1651619870410367,0.10806576025917924,0.27322774730021593,1.9438444924406046,1.511879049676026
928124,Dejan Kulusevski,Midfielder,2085.0,2.0,7.0,1181.0,2.5451,4.76252356,43,10.0,52.0,47.0,38.0,15.0,13.0,145.0,0.0,7.0,118.0,172.0,52.0,,50.978417266187044,0.10986043165467627,0.2055765565467626,0.2155038103302286,0.4032619441151566,0.6187657544453853,3.6409822184589333,3.979678238780694
930775,Halil Dervişoğlu,Forward,10.0,0.0,0.0,2.0,0.0271,0.0,1,0.0,0.0,0.0,0.0,0.0,0.0,0.0,0.0,0.0,0.0,2.0,1.0,,18.0,0.24389999999999998,0.0,1.355,0.0,1.355,50.0,0.0
931257,Conor Coventry,Midfielder,1.0,0.0,0.0,0.0,0.0,0.0,0,0.0,0.0,0.0,0.0,0.0,0.0,0.0,0.0,0.0,0.0,0.0,0.0,,0.0,0.0,0.0,,,,,
931278,Rayan Aït-Nouri,Defender,1068.0,1.0,0.0,793.0,1.2076,0.85085802,10,5.0,28.0,7.0,33.0,20.0,9.0,61.0,0.0,24.0,86.0,66.0,12.0,,66.82584269662921,0.10176404494382023,0.07170151853932584,0.15228247162673392,0.10729609331651954,0.25957856494325343,1.2610340479192939,0.8827238335435058
931844,Chris Richards,Defender,443.0,0.0,0.0,279.0,0.7146,0.030245559999999998,4,0.0,0.0,1.0,9.0,6.0,8.0,15.0,1.0,30.0,24.0,10.0,2.0,,56.681715575620764,0.1451783295711061,0.006144696162528216,0.25612903225806455,0.010840702508960572,0.2669697347670251,1.4336917562724014,0.35842293906810035
934235,Bukayo Saka,Forward,3197.0,14.0,11.0,2067.0,11.4491,5.81449673,89,32.0,64.0,76.0,63.0,34.0,14.0,128.0,0.0,14.0,208.0,227.0,59.0,,58.18892711917423,0.3223081013450109,0.16368617632155147,0.5538993710691824,0.2813012447992259,0.8352006158684083,4.305757135945815,3.6768263183357526
934354,Antoine Semenyo,Midfielder,283.0,1.0,0.0,115.0,0.2637,0.02890117,3,1.0,3.0,2.0,1.0,0.0,2.0,13.0,1.0,4.0,18.0,27.0,6.0,,36.57243816254417,0.08386219081272085,0.00919118480565371,0.22930434782608694,0.025131452173913046,0.25443579999999993,2.608695652173913,1.7391304347826086
935543,Dwight McNeil,Midfielder,2501.0,7.0,3.0,1501.0,3.5294,5.43429609,46,15.0,53.0,49.0,64.0,41.0,31.0,175.0,7.0,32.0,152.0,171.0,45.0,,54.014394242303084,0.1270075969612155,0.19555643666533387,0.2351365756162558,0.36204504263824117,0.5971816182544969,3.0646235842771485,3.264490339773484
936719,Gavin Bazunu,Goalkeeper,2880.0,0.0,0.0,1336.0,0.0,0.09529878,0,0.0,0.0,1.0,1.0,0.0,1.0,272.0,0.0,37.0,18.0,1.0,0.0,,41.75,0.0,0.002978086875,0.0,0.007133142215568862,0.007133142215568862,0.0,0.07485029940119761
936849,Kaoru Mitoma,Midfielder,2315.0,7.0,5.0,1421.0,8.098,4.94632084,52,21.0,59.0,41.0,44.0,27.0,17.0,120.0,0.0,5.0,148.0,151.0,33.0,,55.24406047516198,0.3148250539956804,0.19229757045356372,0.5698803659394793,0.3480873216045039,0.9179676875439832,3.6593947923997185,2.8852920478536244
941168,William Saliba,Defender,2416.0,2.0,1.0,2095.0,0.9174,0.32022564,6,3.0,9.0,6.0,34.0,20.0,19.0,206.0,10.0,82.0,109.0,71.0,6.0,,78.04221854304636,0.034174668874172184,0.01192893526490066,0.043789976133651556,0.015285233412887827,0.05907520954653938,0.2863961813842482,0.2863961813842482
941757,Tyrese Francois,Midfielder,8.0,0.0,0.0,5.0,0.0,0.000184,0,0.0,0.0,0.0,0.0,0.0,0.0,1.0,0.0,1.0,0.0,0.0,0.0,,56.25,0.0,0.00207,0.0,0.00368,0.00368,0.0,0.0
944656,Julián Alvarez,Forward,1487.0,9.0,0.0,721.0,6.995,1.61924733,47,22.0,21.0,18.0,26.0,16.0,2.0,44.0,0.0,5.0,69.0,101.0,24.0,,43.63819771351715,0.42336919973100207,0.09800420961667788,0.9701803051317616,0.2245835409153953,1.1947638460471568,6.51872399445215,2.496532593619972
945122,Matheus Nunes,Defender,2474.0,1.0,1.0,1485.0,2.4164,1.332242318,28,9.0,44.0,28.0,67.0,43.0,16.0,154.0,4.0,32.0,182.0,166.0,39.0,,54.02182700080841,0.08790460792239288,0.04846475691996767,0.1627205387205387,0.08971328740740742,0.2524338261279461,1.8855218855218854,1.8855218855218854
945798,Djed Spence,Defender,20.0,0.0,0.0,14.0,0.0643,0.00383456,1,1.0,0.0,0.0,0.0,0.0,0.0,1.0,0.0,0.0,1.0,2.0,2.0,,62.99999999999999,0.28935,0.01725552,0.45928571428571424,0.027389714285714285,0.48667542857142854,7.142857142857142,0.0
945806,Joe Gelhardt,Midfielder,233.0,0.0,2.0,133.0,0.8424,0.42048637,10,2.0,1.0,2.0,6.0,2.0,0.0,9.0,0.0,4.0,20.0,33.0,7.0,,51.37339055793991,0.32539055793991417,0.1624196278969957,0.6333834586466166,0.31615516541353383,0.9495386240601503,7.518796992481203,1.5037593984962405
946158,Mohammed Salisu,Defender,1971.0,0.0,1.0,1539.0,1.5193,0.5443683,19,5.0,7.0,8.0,51.0,29.0,31.0,158.0,25.0,119.0,116.0,73.0,9.0,,70.27397260273973,0.0693744292237443,0.024857,0.09871994801819363,0.035371559454191036,0.13409150747238469,1.2345679012345678,0.5198180636777128
946695,Georginio Rutter,Midfielder,269.0,0.0,1.0,154.0,0.3885,0.2153589,4,0.0,9.0,4.0,10.0,10.0,3.0,7.0,0.0,3.0,36.0,44.0,14.0,,51.52416356877323,0.1299814126394052,0.07205316356877324,0.25227272727272726,0.13984344155844156,0.39211616883116884,2.5974025974025974,2.5974025974025974
949785,Ibrahima Diallo,Midfielder,846.0,0.0,0.0,523.0,0.2024,0.13230968,6,0.0,8.0,4.0,25.0,15.0,6.0,82.0,1.0,11.0,55.0,47.0,9.0,,55.638297872340424,0.02153191489361702,0.014075497872340427,0.038699808795411086,0.02529821797323136,0.06399802676864245,1.147227533460803,0.7648183556405354
955245,Harvey Elliott,Midfielder,1616.0,1.0,2.0,1258.0,2.0913,4.33521342,36,12.0,19.0,27.0,27.0,18.0,15.0,122.0,1.0,6.0,75.0,93.0,23.0,,70.06188118811882,0.11647091584158416,0.24144134146039603,0.16624006359300475,0.344611559618442,0.5108516232114467,2.8616852146263914,2.146263910969793
958380,Antony,Midfielder,1816.0,4.0,2.0,1130.0,6.5544,2.4339228,72,24.0,31.0,29.0,22.0,9.0,11.0,99.0,0.0,2.0,83.0,103.0,12.0,,56.002202643171806,0.32483259911894274,0.12062392731277533,0.5800353982300885,0.21539139823008852,0.7954267964601771,6.371681415929204,2.566371681415929
958916,Nathan Collins,Defender,1816.0,0.0,0.0,1369.0,0.2292,0.23216074,3,0.0,7.0,2.0,27.0,15.0,21.0,96.0,28.0,83.0,80.0,65.0,8.0,,67.84691629955947,0.011359030837004404,0.011505763546255508,0.016742147552958362,0.016958417823228635,0.033700565376187,0.2191380569758948,0.1460920379839299
958966,Mykhailo Mudryk,Midfielder,661.0,0.0,2.0,359.0,1.8548,1.2417499,14,5.0,13.0,10.0,11.0,9.0,0.0,35.0,1.0,2.0,41.0,55.0,11.0,,48.88048411497731,0.25254462934947053,0.16907336006051438,0.5166573816155989,0.34589133704735375,0.8625487186629527,3.8997214484679668,2.785515320334262
962012,Jan Paul van Hecke,Defender,314.0,0.0,0.0,295.0,0.592,0.04906028,2,0.0,0.0,0.0,8.0,6.0,6.0,15.0,5.0,9.0,18.0,21.0,0.0,,84.55414012738854,0.16968152866242037,0.014061863694267516,0.2006779661016949,0.01663060338983051,0.2173085694915254,0.6779661016949152,0.0
964119,Jordan Zemura,Midfielder,1456.0,0.0,1.0,861.0,0.3876,2.10584089,4,1.0,18.0,18.0,39.0,24.0,16.0,78.0,9.0,27.0,78.0,78.0,16.0,,53.22115384615385,0.02395879120879121,0.1301687363324176,0.04501742160278746,0.24458082346109178,0.2895982450638792,0.4645760743321719,2.0905923344947737
965331,Giulian Biancone,Defender,22.0,0.0,0.0,26.0,0.0,0.0002257,0,0.0,0.0,0.0,2.0,1.0,1.0,5.0,0.0,0.0,4.0,0.0,0.0,,106.36363636363637,0.0,0.0009233181818181819,0.0,0.0008680769230769231,0.0008680769230769231,0.0,0.0
966547,Noni Madueke,Forward,651.0,1.0,0.0,464.0,0.9168999999999999,0.70250871,12,6.0,33.0,13.0,12.0,8.0,4.0,30.0,2.0,7.0,62.0,53.0,13.0,,64.14746543778801,0.12676036866359447,0.09712101981566822,0.19760775862068966,0.15140273922413794,0.34901049784482757,2.586206896551724,2.8017241379310347
966552,Harvey White,Midfielder,4.0,0.0,0.0,8.0,0.0,0.0373524,0,0.0,0.0,0.0,0.0,0.0,0.0,0.0,0.0,0.0,1.0,1.0,0.0,,180.0,0.0,0.840429,0.0,0.466905,0.466905,0.0,0.0
966869,Aaron Hickey,Defender,1929.0,0.0,1.0,1088.0,0.4137,0.57808207,11,2.0,17.0,6.0,38.0,26.0,17.0,111.0,7.0,21.0,104.0,85.0,13.0,,50.762052877138416,0.01930171073094868,0.02697116967340591,0.03802389705882353,0.05313254319852941,0.09115644025735294,1.0110294117647058,0.5514705882352942
972421,Keane Lewis-Potter,Defender,317.0,0.0,1.0,154.0,0.4839,0.27383911,7,2.0,4.0,5.0,1.0,0.0,0.0,20.0,1.0,2.0,13.0,23.0,8.0,,43.72239747634069,0.13738485804416403,0.07774611955835962,0.31422077922077923,0.17781760389610388,0.492038383116883,4.545454545454546,3.2467532467532463
973418,Toti Gomes,Defender,988.0,1.0,0.0,709.0,0.4138,0.25440956,5,2.0,9.0,4.0,15.0,9.0,11.0,61.0,8.0,44.0,46.0,45.0,3.0,,64.58502024291498,0.037694331983805666,0.02317495991902834,0.058363892806770096,0.03588287165021156,0.09424676445698166,0.7052186177715092,0.5641748942172073
973431,Brenden Aaronson,Midfielder,2393.0,1.0,3.0,1301.0,3.8649,2.58882724,41,9.0,34.0,47.0,45.0,18.0,5.0,128.0,3.0,6.0,142.0,215.0,82.0,,48.93021312160468,0.14535770998746345,0.0973650027580443,0.29707148347425055,0.19898748962336668,0.49605897309761726,3.1514219830899313,3.61260568793236
973556,Julio Enciso,Midfielder,811.0,4.0,2.0,454.0,3.9882,1.35438904,38,18.0,31.0,13.0,13.0,4.0,4.0,36.0,0.0,1.0,65.0,71.0,20.0,,50.3822441430333,0.4425869297163995,0.15030211294697904,0.8784581497797357,0.298323577092511,1.1767817268722467,8.370044052863436,2.8634361233480177
974505,Enzo Fernández,Midfielder,1551.0,0.0,2.0,1681.0,0.8337,2.6501976800000002,20,3.0,17.0,20.0,45.0,27.0,16.0,118.0,2.0,11.0,91.0,81.0,13.0,,97.54352030947776,0.04837717601547388,0.15378323094777563,0.04959547888161808,0.15765601903628795,0.207251497917906,1.189767995240928,1.189767995240928
974577,Jhon Durán,Forward,143.0,0.0,0.0,65.0,0.5781,0.03564417,7,2.0,1.0,1.0,2.0,2.0,2.0,5.0,0.0,2.0,13.0,25.0,3.0,,40.90909090909091,0.36383916083916085,0.022433393706293707,0.8893846153846153,0.054837184615384615,0.9442217999999999,10.76923076923077,1.5384615384615385
975937,Jacob Ramsey,Midfielder,2645.0,6.0,7.0,1359.0,5.0499,2.8562323,33,13.0,32.0,42.0,69.0,39.0,23.0,141.0,8.0,29.0,162.0,174.0,37.0,,46.24196597353497,0.17183024574669187,0.09718748846880908,0.3715894039735099,0.2101716188373804,0.5817610228108904,2.4282560706401766,3.090507726269316
976025,Armel Bella-Kotchap,Defender,1886.0,0.0,2.0,1257.0,1.049,0.45444274,14,2.0,4.0,6.0,37.0,17.0,44.0,145.0,12.0,108.0,114.0,51.0,6.0,,59.984093319194066,0.05005832449628844,0.021686026829268294,0.08345266507557676,0.03615296260938743,0.1196056276849642,1.1137629276054097,0.47732696897374705
976037,Jakub Kiwior,Defender,431.0,1.0,0.0,249.0,0.0908,0.02314677,1,1.0,1.0,1.0,7.0,5.0,6.0,20.0,3.0,10.0,17.0,14.0,0.0,,51.9953596287703,0.018960556844547564,0.004833432250580047,0.036465863453815264,0.00929589156626506,0.04576175502008032,0.4016064257028112,0.4016064257028112
978838,Michael Olise,Midfielder,2762.0,2.0,11.0,2010.0,2.9455999999999998,6.44057131,51,14.0,54.0,72.0,58.0,34.0,26.0,165.0,1.0,13.0,198.0,207.0,47.0,,65.49601737871109,0.09598262128892107,0.20986655246198407,0.14654726368159204,0.3204264333333333,0.4669736970149253,2.5373134328358207,3.582089552238806
979232,Anthony Elanga,Forward,437.0,0.0,1.0,209.0,0.6955,0.9681420389000001,10,4.0,5.0,6.0,3.0,0.0,2.0,17.0,0.0,3.0,23.0,29.0,7.0,,43.04347826086957,0.14323798627002288,0.199388520597254,0.3327751196172249,0.4632258559330144,0.7960009755502392,4.784688995215311,2.8708133971291865
980327,Tetê,Forward,739.0,1.0,0.0,392.0,1.7624,0.32031731,15,2.0,20.0,6.0,14.0,8.0,2.0,52.0,0.0,2.0,56.0,53.0,13.0,,47.740189445196215,0.2146359945872801,0.03901022719891746,0.44959183673469394,0.08171359948979592,0.5313054362244898,3.826530612244898,1.530612244897959
980634,Tino Livramento,Defender,26.0,0.0,0.0,41.0,0.0,0.00088417,0,0.0,2.0,0.0,2.0,1.0,2.0,4.0,0.0,3.0,6.0,1.0,0.0,,141.9230769230769,0.0,0.0030605884615384615,0.0,0.0021565121951219513,0.0021565121951219513,0.0,0.0
980640,Sam Greenwood,Midfielder,447.0,1.0,2.0,269.0,0.6976,1.06651197,12,2.0,3.0,13.0,15.0,7.0,1.0,31.0,2.0,0.0,22.0,42.0,7.0,,54.16107382550335,0.14045637583892617,0.21473395369127518,0.2593308550185874,0.39647285130111526,0.6558037063197026,4.4609665427509295,4.83271375464684
982613,Boubacar Traoré,Midfielder,416.0,0.0,1.0,196.0,0.0654,0.06694559,3,0.0,4.0,1.0,12.0,5.0,7.0,27.0,2.0,1.0,25.0,29.0,3.0,,42.40384615384615,0.014149038461538463,0.014483420913461538,0.03336734693877551,0.03415591326530612,0.06752326020408164,1.530612244897959,0.5102040816326531
982780,Cole Palmer,Midfielder,364.0,0.0,1.0,272.0,1.492,0.51159311,11,4.0,14.0,5.0,5.0,1.0,1.0,20.0,1.0,2.0,26.0,21.0,8.0,,67.25274725274726,0.36890109890109885,0.1264928019230769,0.5485294117647058,0.18808570220588233,0.7366151139705881,4.044117647058823,1.8382352941176472
983816,Jeremy Sarmiento,Midfielder,199.0,0.0,1.0,116.0,0.3409,0.2664108,5,2.0,6.0,2.0,6.0,3.0,1.0,4.0,0.0,0.0,16.0,21.0,7.0,,52.462311557788944,0.15417587939698493,0.12048729648241208,0.29387931034482756,0.2296644827586207,0.5235437931034483,4.310344827586207,1.7241379310344827
987650,Moisés Caicedo,Midfielder,3140.0,1.0,1.0,2735.0,1.6895,2.54512409,28,8.0,28.0,43.0,100.0,50.0,56.0,248.0,7.0,25.0,219.0,157.0,23.0,,78.39171974522293,0.048425159235668785,0.07294941659235668,0.061773308957952466,0.09305755356489945,0.15483086252285191,1.023765996343693,1.5722120658135286
988275,Tyrick Mitchell,Midfielder,2896.0,0.0,2.0,1978.0,0.597,1.24803283,6,1.0,17.0,15.0,71.0,49.0,42.0,186.0,11.0,66.0,123.0,108.0,17.0,,61.47099447513812,0.01855317679558011,0.03878555065607735,0.030182002022244688,0.0630956941354904,0.0932776961577351,0.3033367037411527,0.7583417593528816
988882,Joe Hodge,Midfielder,187.0,0.0,0.0,123.0,0.2561,0.04978531,2,0.0,0.0,1.0,5.0,2.0,0.0,13.0,0.0,2.0,7.0,7.0,2.0,,59.19786096256684,0.1232566844919786,0.023960844385026738,0.20821138211382112,0.04047586178861789,0.248687243902439,1.6260162601626018,0.8130081300813009
989122,Connor Ronan,Midfielder,1.0,0.0,0.0,5.0,0.0,0.00157147,0,0.0,1.0,0.0,0.0,0.0,0.0,0.0,0.0,0.0,1.0,0.0,0.0,,450.0,0.0,0.14143229999999998,0.0,0.0314294,0.0314294,0.0,0.0
989803,Facundo Pellistri,Midfielder,71.0,0.0,0.0,29.0,0.0,0.01722371,0,0.0,2.0,0.0,1.0,1.0,0.0,1.0,0.0,1.0,5.0,3.0,1.0,,36.76056338028169,0.0,0.021832871830985912,0.0,0.05939210344827586,0.05939210344827586,0.0,0.0
991577,Cody Drameh,Defender,70.0,0.0,0.0,48.0,0.0,0.0104422,0,0.0,1.0,0.0,5.0,4.0,1.0,5.0,0.0,1.0,7.0,3.0,1.0,,61.714285714285715,0.0,0.013425685714285715,0.0,0.021754583333333334,0.021754583333333334,0.0,0.0
991584,Luke Thomas,Defender,1071.0,0.0,0.0,816.0,0.08959999999999999,0.4838767075,3,0.0,6.0,5.0,23.0,19.0,27.0,69.0,4.0,28.0,47.0,55.0,8.0,,68.57142857142857,0.007529411764705882,0.04066190819327731,0.010980392156862744,0.05929861611519608,0.07027900827205882,0.3676470588235294,0.6127450980392157
991604,Fabio Carvalho,Forward,356.0,2.0,0.0,219.0,1.1111,0.25165106,11,4.0,2.0,1.0,8.0,8.0,6.0,19.0,0.0,0.0,20.0,37.0,15.0,,55.36516853932584,0.2808960674157303,0.06361965,0.507351598173516,0.11490915981735159,0.6222607579908676,5.0228310502283104,0.45662100456621
991614,Ellis Simms,Forward,236.0,1.0,0.0,87.0,0.8539000000000001,0.41903923,8,1.0,2.0,2.0,0.0,0.0,0.0,6.0,0.0,1.0,14.0,22.0,2.0,,33.17796610169491,0.3256398305084746,0.15980309618644067,0.9814942528735634,0.4816542873563218,1.463148540229885,9.195402298850574,2.2988505747126435
992044,Alex Mighten,Forward,11.0,0.0,0.0,4.0,0.0,0.00119346,0,0.0,0.0,0.0,0.0,0.0,0.0,0.0,0.0,0.0,1.0,3.0,0.0,,32.72727272727273,0.0,0.009764672727272727,0.0,0.0298365,0.0298365,0.0,0.0
993451,Cameron Archer,Forward,53.0,0.0,0.0,20.0,0.0,0.010369960000000001,0,0.0,1.0,0.0,0.0,0.0,0.0,2.0,0.0,0.0,2.0,5.0,3.0,,33.9622641509434,0.0,0.01760936603773585,0.0,0.0518498,0.0518498,0.0,0.0
994546,Elliot Anderson,Midfielder,452.0,0.0,1.0,310.0,1.008,1.46674332,11,4.0,10.0,9.0,11.0,5.0,6.0,29.0,2.0,1.0,42.0,40.0,10.0,,61.725663716814154,0.20070796460176993,0.2920506610619469,0.3251612903225806,0.47314300645161284,0.7983042967741936,3.5483870967741935,2.903225806451613
994556,Carney Chukwuemeka,Midfielder,350.0,0.0,0.0,278.0,0.38389999999999996,0.61374358,5,1.0,6.0,8.0,13.0,7.0,6.0,22.0,0.0,1.0,25.0,18.0,3.0,,71.48571428571428,0.09871714285714284,0.1578197777142857,0.1380935251798561,0.22077107194244605,0.3588645971223021,1.7985611510791366,2.877697841726619
994562,Lewis Brunt,Defender,22.0,0.0,0.0,24.0,0.0,0.0109207,0,0.0,0.0,0.0,0.0,0.0,0.0,1.0,0.0,2.0,1.0,0.0,0.0,,98.18181818181817,0.0,0.04467559090909091,0.0,0.045502916666666664,0.045502916666666664,0.0,0.0
996911,Levi Colwill,Defender,1220.0,0.0,2.0,1284.0,1.4213,0.32735878,8,0.0,1.0,7.0,8.0,7.0,15.0,74.0,3.0,37.0,64.0,35.0,4.0,,94.72131147540983,0.10485,0.024149418196721315,0.11069314641744547,0.025495232087227412,0.13618837850467289,0.6230529595015576,0.5451713395638629
996985,Armando Broja,Forward,294.0,1.0,0.0,129.0,0.8354,0.06450838,6,5.0,8.0,1.0,4.0,1.0,1.0,15.0,1.0,1.0,27.0,37.0,9.0,,39.48979591836735,0.25573469387755104,0.019747463265306124,0.6475968992248062,0.05000649612403102,0.6976033953488373,4.651162790697675,0.7751937984496124
997104,Naouirou Ahamada,Midfielder,92.0,0.0,0.0,66.0,0.15460000000000002,0.027146959999999998,3,0.0,1.0,1.0,3.0,2.0,0.0,8.0,0.0,0.0,4.0,7.0,1.0,,64.56521739130434,0.15123913043478263,0.026556808695652172,0.23424242424242425,0.04113175757575757,0.27537418181818185,4.545454545454546,1.5151515151515151
997136,Matthew Craig,Midfielder,13.0,0.0,0.0,11.0,0.0,0.00151974,0,0.0,0.0,0.0,4.0,1.0,0.0,0.0,0.0,0.0,4.0,0.0,0.0,,76.15384615384615,0.0,0.010521276923076923,0.0,0.01381581818181818,0.01381581818181818,0.0,0.0
998951,Wilfried Gnonto,Forward,1355.0,2.0,4.0,793.0,1.854,2.1855209099999997,22,8.0,21.0,23.0,28.0,17.0,5.0,82.0,1.0,3.0,96.0,128.0,19.0,,52.67158671586716,0.1231439114391144,0.14516375047970478,0.23379571248423708,0.27560162799495586,0.5093973404791929,2.7742749054224465,2.900378310214376
999231,Evan Ferguson,Forward,956.0,6.0,2.0,386.0,5.3368,0.54691447,36,17.0,8.0,11.0,6.0,3.0,2.0,25.0,1.0,6.0,34.0,54.0,20.0,,36.33891213389121,0.5024184100418411,0.05148776391213389,1.3825906735751297,0.14168768652849742,1.524278360103627,9.32642487046632,2.849740932642487
1002331,Cameron Peupion,Midfielder,14.0,0.0,0.0,6.0,0.0603,0.00057274,1,0.0,0.0,0.0,0.0,0.0,0.0,0.0,0.0,0.0,1.0,0.0,0.0,,38.57142857142857,0.3876428571428572,0.0036819,1.005,0.009545666666666666,1.0145456666666668,16.666666666666664,0.0
1002711,Pape Matar Sarr,Midfielder,229.0,0.0,1.0,199.0,0.0622,0.04293853,2,0.0,2.0,2.0,7.0,6.0,6.0,22.0,2.0,6.0,15.0,16.0,2.0,,78.20960698689957,0.024445414847161572,0.01687540480349345,0.03125628140703518,0.021577150753768846,0.05283343216080402,1.0050251256281406,1.0050251256281406
1005706,Andrew Moran,Midfielder,11.0,0.0,0.0,6.0,0.0,2.623e-05,0,0.0,0.0,0.0,0.0,0.0,0.0,0.0,0.0,0.0,0.0,0.0,0.0,,49.090909090909086,0.0,0.00021460909090909093,0.0,0.00043716666666666665,0.00043716666666666665,0.0,0.0
1005766,Thomas Cannon,Forward,30.0,0.0,0.0,10.0,0.0889,0.00411841,1,1.0,0.0,1.0,0.0,0.0,0.0,0.0,0.0,0.0,2.0,2.0,0.0,,30.0,0.2667,0.01235523,0.889,0.0411841,0.9301841000000002,10.0,10.0
1006387,Kevin Schade,Midfielder,733.0,0.0,1.0,319.0,2.0599,0.7644388599999999,12,4.0,12.0,9.0,12.0,8.0,4.0,33.0,0.0,4.0,62.0,69.0,9.0,,39.167803547066846,0.2529208731241473,0.09386016016371078,0.6457366771159874,0.23963600626959244,0.8853726833855798,3.761755485893417,2.8213166144200628
1006409,Mads Bech Sørensen,Defender,22.0,0.0,0.0,14.0,0.0,0.00130181,0,0.0,0.0,0.0,0.0,0.0,1.0,0.0,0.0,1.0,1.0,0.0,0.0,,57.27272727272727,0.0,0.005325586363636363,0.0,0.009298642857142858,0.009298642857142858,0.0,0.0
1013928,Hugo Bueno,Midfielder,1323.0,0.0,1.0,872.0,0.1777,1.00710677,4,1.0,13.0,16.0,33.0,16.0,10.0,90.0,1.0,30.0,63.0,65.0,11.0,,59.31972789115646,0.012088435374149659,0.06851066462585034,0.020378440366972478,0.11549389564220183,0.1358723360091743,0.45871559633027525,1.834862385321101
1013987,Jay Stansfield,Forward,104.0,0.0,0.0,40.0,0.2509,0.02637011,2,0.0,0.0,1.0,0.0,0.0,1.0,7.0,1.0,1.0,1.0,6.0,2.0,,34.61538461538462,0.217125,0.0228202875,0.6272500000000001,0.06592527499999999,0.6931752750000001,5.0,2.5
1015267,João Gomes,Midfielder,650.0,1.0,0.0,438.0,0.3083,0.10350605,4,2.0,8.0,5.0,29.0,13.0,4.0,59.0,3.0,11.0,60.0,43.0,5.0,,60.64615384615385,0.04268769230769231,0.014331606923076924,0.07038812785388128,0.02363151826484018,0.09401964611872148,0.91324200913242,1.141552511415525
1017392,Carlos Alcaraz,Midfielder,1048.0,4.0,2.0,473.0,1.904,0.71946109,24,10.0,13.0,5.0,10.0,5.0,1.0,53.0,5.0,11.0,47.0,92.0,24.0,,40.62022900763359,0.16351145038167939,0.061785780629771,0.40253699788583513,0.15210593868921776,0.5546429365750529,5.07399577167019,1.0570824524312896
1019442,Kamaldeen Sulemana,Forward,967.0,2.0,1.0,501.0,1.7328000000000001,1.03412373,24,7.0,36.0,14.0,15.0,9.0,6.0,39.0,0.0,4.0,68.0,80.0,16.0,,46.6287487073423,0.16127404343329887,0.09624729648397103,0.34586826347305394,0.20641192215568863,0.5522801856287426,4.790419161676647,2.7944111776447107
1020141,Nathan Patterson,Defender,1277.0,0.0,0.0,884.0,0.4899,0.7106574999999999,8,1.0,11.0,6.0,49.0,24.0,15.0,80.0,4.0,36.0,83.0,71.0,9.0,,62.30227094753328,0.03452701644479248,0.05008549334377447,0.055418552036199095,0.08039111990950225,0.13580967194570134,0.904977375565611,0.6787330316742082
1020680,Jaidon Anthony,Midfielder,1275.0,3.0,1.0,774.0,2.2468,1.08382234,22,13.0,15.0,12.0,30.0,17.0,10.0,80.0,3.0,15.0,67.0,94.0,27.0,,54.63529411764706,0.1585976470588235,0.07650510635294118,0.2902842377260982,0.14002872609819123,0.43031296382428935,2.842377260981912,1.550387596899225
1023567,Ilya Zabarnyi,Defender,304.0,0.0,0.0,241.0,0.0,0.01441492,0,0.0,1.0,0.0,4.0,2.0,3.0,18.0,2.0,14.0,8.0,10.0,2.0,,71.34868421052632,0.0,0.004267575,0.0,0.005981294605809128,0.005981294605809128,0.0,0.0
1036269,Yasin Ayari,Midfielder,65.0,0.0,0.0,33.0,0.0235,0.30349103,1,0.0,0.0,2.0,2.0,2.0,0.0,3.0,0.0,0.0,5.0,5.0,0.0,,45.69230769230769,0.03253846153846154,0.42021834923076923,0.07121212121212121,0.919669787878788,0.9908819090909092,3.0303030303030303,6.0606060606060606
1047484,Sékou Mara,Forward,568.0,1.0,2.0,261.0,1.0209000000000001,0.32655234,17,5.0,13.0,6.0,14.0,10.0,1.0,25.0,0.0,5.0,58.0,100.0,18.0,,41.355633802816904,0.161762323943662,0.05174244823943662,0.3911494252873564,0.12511583908045978,0.5162652643678162,6.513409961685824,2.2988505747126435
1064039,Danilo Santos,Midfielder,979.0,3.0,2.0,409.0,1.5358,0.5642347999999999,15,4.0,14.0,9.0,18.0,7.0,9.0,60.0,6.0,18.0,39.0,49.0,8.0,,37.59959141981614,0.14118692543411643,0.05187041062308477,0.37550122249388757,0.13795471882640584,0.5134559413202934,3.6674816625916873,2.2004889975550124
1065214,Samuel Edozie,Midfielder,559.0,0.0,0.0,319.0,0.8805000000000001,0.42501217999999996,8,3.0,12.0,8.0,17.0,10.0,6.0,30.0,0.0,6.0,57.0,45.0,12.0,,51.35957066189624,0.14176207513416816,0.0684277212880143,0.2760188087774295,0.13323265830721,0.4092514670846395,2.507836990595611,2.507836990595611
1066059,Isaac Price,Midfielder,32.0,0.0,0.0,18.0,0.0,0.00861073,0,0.0,1.0,1.0,0.0,0.0,0.0,0.0,1.0,0.0,1.0,1.0,0.0,,50.625,0.0,0.024217678125000003,0.0,0.04783738888888889,0.04783738888888889,0.0,5.555555555555555
1067117,Darko Gyabi,Midfielder,13.0,0.0,0.0,11.0,0.0637,0.00495757,1,0.0,0.0,0.0,2.0,2.0,0.0,3.0,0.0,0.0,3.0,0.0,0.0,,76.15384615384615,0.44100000000000006,0.034321638461538455,0.5790909090909091,0.04506881818181818,0.6241597272727273,9.090909090909092,0.0
1069488,Roméo Lavia,Midfielder,2238.0,1.0,0.0,1384.0,0.3993,0.60792505,12,3.0,28.0,17.0,60.0,35.0,33.0,187.0,11.0,23.0,143.0,112.0,30.0,,55.65683646112601,0.01605764075067024,0.024447388069705093,0.02885115606936416,0.04392522037572254,0.07277637644508671,0.8670520231213872,1.2283236994219653
1069627,Odeluga Offiah,Defender,38.0,0.0,0.0,36.0,0.0,0.022035399999999997,0,0.0,1.0,0.0,1.0,1.0,0.0,3.0,0.0,1.0,2.0,3.0,0.0,,85.26315789473684,0.0,0.052189105263157884,0.0,0.061209444444444434,0.061209444444444434,0.0,0.0
1085180,Brennan Johnson,Forward,2940.0,8.0,3.0,881.0,8.5639,1.85589993,55,27.0,33.0,29.0,34.0,20.0,5.0,89.0,1.0,4.0,106.0,169.0,25.0,,26.969387755102044,0.26216020408163265,0.05681326316326531,0.9720658342792282,0.21065833484676505,1.182724169125993,6.242905788876277,3.2917139614074915
1086286,Máximo Perrone,Midfielder,18.0,0.0,0.0,22.0,0.0,0.00673037,0,0.0,0.0,0.0,0.0,0.0,0.0,3.0,0.0,0.0,0.0,0.0,0.0,,110.00000000000001,0.0,0.033651850000000004,0.0,0.030592590909090913,0.030592590909090913,0.0,0.0
1090458,David Datro Fofana,Forward,68.0,0.0,0.0,43.0,0.2399,0.07263372000000001,3,2.0,5.0,3.0,3.0,1.0,0.0,6.0,0.0,0.0,11.0,8.0,3.0,,56.91176470588235,0.3175147058823529,0.09613286470588236,0.5579069767441861,0.16891562790697678,0.7268226046511628,6.976744186046512,6.976744186046512
1090963,Omari Hutchinson,Midfielder,22.0,0.0,0.0,16.0,0.0,0.0717326,0,0.0,0.0,1.0,0.0,0.0,1.0,1.0,0.0,0.0,0.0,1.0,1.0,,65.45454545454545,0.0,0.29345154545454544,0.0,0.44832874999999994,0.44832874999999994,0.0,6.25
1092409,Victor Kristiansen,Defender,894.0,0.0,1.0,638.0,0.1081,0.6194502,3,0.0,7.0,7.0,38.0,23.0,3.0,53.0,4.0,22.0,63.0,55.0,10.0,,64.22818791946308,0.01088255033557047,0.062360758389261736,0.016943573667711598,0.0970925078369906,0.11403608150470218,0.4702194357366771,1.09717868338558
1104981,Kamari Doyle,Midfielder,14.0,0.0,0.0,7.0,0.0,0.00016075,0,0.0,0.0,0.0,0.0,0.0,0.0,0.0,0.0,0.0,0.0,3.0,1.0,,45.0,0.0,0.0010333928571428573,0.0,0.0022964285714285717,0.0022964285714285717,0.0,0.0
1106451,Dango Ouattara,Midfielder,1244.0,1.0,3.0,624.0,3.6161999999999996,1.59648721,26,5.0,31.0,18.0,28.0,15.0,13.0,64.0,3.0,29.0,104.0,112.0,14.0,,45.144694533762056,0.2616221864951768,0.11550148625401929,0.5795192307692307,0.2558473092948718,0.8353665400641025,4.166666666666666,2.8846153846153846
1116954,Marquinhos,Midfielder,1.0,0.0,0.0,3.0,0.0,0.00016223,0,0.0,0.0,0.0,0.0,0.0,0.0,0.0,0.0,0.0,0.0,0.0,0.0,,270.0,0.0,0.0146007,0.0,0.0054076666666666665,0.0054076666666666665,0.0,0.0
1117025,Facundo Buonanotte,Midfielder,570.0,1.0,1.0,271.0,1.3885,0.39450208000000003,11,3.0,7.0,6.0,2.0,1.0,4.0,25.0,2.0,2.0,18.0,45.0,2.0,,42.78947368421053,0.21923684210526317,0.062289802105263165,0.5123616236162362,0.14557272324723247,0.6579343468634687,4.059040590405904,2.214022140221402
1130222,Owen Bevan,Defender,8.0,0.0,0.0,3.0,0.0,5.29e-06,0,0.0,0.0,0.0,0.0,0.0,0.0,1.0,0.0,0.0,0.0,0.0,0.0,,33.75,0.0,5.95125e-05,0.0,0.00017633333333333333,0.00017633333333333333,0.0,0.0
1131449,Shea Charles,Midfielder,27.0,0.0,0.0,33.0,0.0,0.00490212,0,0.0,0.0,0.0,4.0,0.0,1.0,1.0,0.0,2.0,6.0,1.0,1.0,,110.00000000000001,0.0,0.0163404,0.0,0.014854909090909092,0.014854909090909092,0.0,0.0
1134532,Juan Larios,Defender,158.0,0.0,0.0,112.0,0.0,0.0277261,0,0.0,3.0,0.0,7.0,6.0,3.0,9.0,0.0,3.0,12.0,9.0,2.0,,63.79746835443038,0.0,0.015793348101265824,0.0,0.02475544642857143,0.02475544642857143,0.0,0.0
1134718,Joe Whitworth,Goalkeeper,180.0,0.0,0.0,91.0,0.0,0.00051361,0,0.0,0.0,0.0,0.0,0.0,0.0,14.0,0.0,1.0,0.0,0.0,0.0,,45.5,0.0,0.000256805,0.0,0.0005644065934065933,0.0005644065934065933,0.0,0.0
1134725,Dexter Lembikisa,Defender,22.0,0.0,0.0,13.0,0.0,0.00309449,0,0.0,0.0,0.0,0.0,0.0,0.0,2.0,0.0,0.0,0.0,1.0,0.0,,53.18181818181819,0.0,0.012659277272727273,0.0,0.023803769230769233,0.023803769230769233,0.0,0.0
1134729,Luke Harris,Midfielder,23.0,0.0,0.0,15.0,0.0,0.00686667,0,0.0,0.0,0.0,0.0,0.0,0.0,0.0,0.0,0.0,0.0,2.0,1.0,,58.69565217391305,0.0,0.026869578260869564,0.0,0.0457778,0.0457778,0.0,0.0
1135873,Alejandro Garnacho,Forward,561.0,3.0,2.0,337.0,3.0292,0.93453835,24,10.0,12.0,3.0,5.0,2.0,5.0,28.0,0.0,2.0,28.0,69.0,14.0,,54.06417112299465,0.4859679144385026,0.14992593850267377,0.8988724035608308,0.2773110830860534,1.176183486646884,7.121661721068249,0.8902077151335311
1136730,Lewis Hall,Defender,658.0,0.0,0.0,569.0,0.8547,1.35242926,11,5.0,11.0,14.0,23.0,12.0,11.0,48.0,0.0,10.0,52.0,35.0,7.0,,77.82674772036475,0.11690425531914894,0.1849827255319149,0.15021089630931458,0.23768528295254834,0.387896179261863,1.9332161687170473,2.460456942003515
1136731,Rico Lewis,Defender,903.0,0.0,0.0,784.0,0.2222,1.6182954600000001,5,2.0,8.0,12.0,16.0,9.0,6.0,43.0,4.0,12.0,42.0,37.0,13.0,,78.13953488372093,0.022146179401993357,0.16129190631229237,0.02834183673469388,0.20641523724489796,0.23475707397959183,0.6377551020408163,1.530612244897959
1142175,Kobbie Mainoo,Midfielder,10.0,0.0,0.0,11.0,0.0,0.0659327,0,0.0,0.0,0.0,0.0,0.0,0.0,0.0,1.0,0.0,0.0,1.0,0.0,,99.00000000000001,0.0,0.5933943,0.0,0.5993881818181818,0.5993881818181818,0.0,0.0
1142315,Jack Hinshelwood,Midfielder,8.0,0.0,0.0,5.0,0.0,7.08e-06,0,0.0,0.0,0.0,1.0,0.0,0.0,0.0,0.0,0.0,1.0,0.0,0.0,,56.25,0.0,7.965e-05,0.0,0.0001416,0.0001416,0.0,0.0
1142636,Stefan Bajčetić,Midfielder,536.0,1.0,0.0,344.0,0.7887,0.46690804,6,3.0,7.0,4.0,9.0,6.0,9.0,40.0,0.0,4.0,34.0,41.0,6.0,,57.76119402985074,0.13243097014925373,0.07839873805970149,0.22927325581395347,0.13572908139534884,0.36500233720930236,1.744186046511628,1.1627906976744187
1142638,Bobby Clark,Midfielder,12.0,0.0,0.0,7.0,0.0,0.0880988,0,0.0,0.0,0.0,0.0,0.0,0.0,0.0,0.0,0.0,0.0,2.0,0.0,,52.5,0.0,0.660741,0.0,1.2585542857142857,1.2585542857142857,0.0,0.0
1154861,Ben Gannon-Doak,Midfielder,24.0,0.0,0.0,24.0,0.0,0.0036422200000000003,0,0.0,0.0,0.0,3.0,2.0,0.0,5.0,0.0,0.0,4.0,4.0,0.0,,90.0,0.0,0.013658325,0.0,0.015175916666666667,0.015175916666666667,0.0,0.0
1167025,Divin Mubama,Forward,41.0,0.0,0.0,15.0,0.0,0.00827,0,0.0,1.0,1.0,1.0,1.0,0.0,1.0,0.0,0.0,5.0,7.0,2.0,,32.926829268292686,0.0,0.018153658536585366,0.0,0.055133333333333326,0.055133333333333326,0.0,6.666666666666667
1170693,Mateo Joseph,Forward,24.0,0.0,0.0,13.0,0.1154,0.00040021999999999996,1,1.0,0.0,0.0,0.0,0.0,0.0,0.0,0.0,1.0,0.0,4.0,3.0,,48.75,0.43275,0.0015008249999999997,0.8876923076923078,0.003078615384615384,0.8907709230769232,7.6923076923076925,0.0
1176104,Malcolm Ebiowei,Midfielder,35.0,0.0,0.0,24.0,0.0,0.00749657,0,0.0,2.0,0.0,1.0,1.0,0.0,0.0,0.0,0.0,4.0,4.0,0.0,,61.714285714285715,0.0,0.019276894285714285,0.0,0.03123570833333333,0.03123570833333333,0.0,0.0
1177311,Chem Campbell,Midfielder,78.0,0.0,0.0,55.0,0.1008,0.00853166,2,0.0,2.0,0.0,2.0,1.0,1.0,4.0,0.0,0.0,7.0,10.0,6.0,,63.46153846153847,0.11630769230769229,0.009844223076923076,0.18327272727272728,0.015512109090909092,0.19878483636363636,3.6363636363636362,0.0
1212155,David Ozoh,Midfielder,1.0,0.0,0.0,4.0,0.0,0.00178355,0,0.0,0.0,0.0,0.0,0.0,0.0,0.0,0.0,0.0,0.0,0.0,0.0,,360.0,0.0,0.1605195,0.0,0.04458875,0.04458875,0.0,0.0
1397711,George Abbott,Midfielder,1.0,0.0,0.0,2.0,0.0,0.00018801,0,0.0,0.0,0.0,0.0,0.0,1.0,0.0,0.0,0.0,0.0,0.0,0.0,,180.0,0.0,0.016920900000000003,0.0,0.009400500000000001,0.009400500000000001,0.0,0.0
1398557,Dominic Ballard,Forward,32.0,0.0,0.0,13.0,0.0,0.00105609,0,0.0,0.0,0.0,0.0,0.0,1.0,2.0,0.0,0.0,1.0,6.0,1.0,,36.5625,0.0,0.002970253125,0.0,0.00812376923076923,0.00812376923076923,0.0,0.0
1400650,Lewis Miley,Midfielder,15.0,0.0,0.0,9.0,0.0745,0.00285293,1,0.0,0.0,0.0,0.0,0.0,0.0,1.0,0.0,0.0,0.0,0.0,0.0,,54.0,0.44699999999999995,0.01711758,0.8277777777777778,0.03169922222222222,0.8594769999999999,11.11111111111111,0.0
1401702,Ethan Nwaneri,Midfielder,1.0,0.0,0.0,1.0,0.0,0.0,0,0.0,0.0,0.0,0.0,0.0,0.0,0.0,0.0,0.0,0.0,0.0,0.0,,90.0,0.0,0.0,0.0,0.0,0.0,0.0,0.0
1407484,Samuel Amo-Ameyaw,Forward,11.0,0.0,0.0,11.0,0.0,0.00304225,0,0.0,3.0,1.0,0.0,0.0,0.0,1.0,0.0,0.0,3.0,3.0,0.0,,90.0,0.0,0.024891136363636362,0.0,0.02765681818181818,0.02765681818181818,0.0,9.090909090909092
